speed,accel,jerk,risk_score,police_dist,label
3.982714934301164,9.275152184799246,1.5593820005455385,0.1790550473839461,0.8916655057071823,0
0.2904180608409973,10.299264218662403,1.2022300234864176,0.21242177333881365,0.041168988591604894,0
40.26995702933887,24.201185217204753,5.007787658410143,0.9976634677873653,11.174815096277165,1
33.36647510712832,17.615285242347504,7.912291401980419,0.8835558684167139,6.394938606520419,1
49.08144315945107,15.026027425593956,5.906064345328208,0.8855158027999261,8.824619912671627,1
35.73450991017148,12.603855365359971,11.075448519014383,0.7511572371061874,5.650515929852795,1
47.97706144896985,19.32274683199201,8.854165025399162,0.7047898756660642,7.30893825622149,1
30.405337280886044,13.586497052982125,9.951769101112703,0.7103165563345655,14.093204020787821,1
21.378263072582183,21.819698334129484,9.251558744912447,0.7623824988604566,10.677003278199916,1
4.847923138822793,10.162699235041671,1.8789978831283782,0.26844820512829465,1.1957999576221703,0
26.42892690820424,19.415771667270192,10.208342600258238,0.9883516073048048,13.445338486781514,1
1.3567451588694794,10.243106263727894,0.7135066533871786,0.08428035290621423,1.085392166316497,0
1.481367528520412,9.247900408594504,0.03127281348238786,0.1270204442119109,0.7897630363511394,0
15.193274099326084,22.600998569912846,12.068573438476172,0.9187021504122962,12.712703466859457,1
4.631504392566745,9.976615538252917,1.8299193510875615,0.2550115733369398,0.8989013482764068,0
0.3177917514301182,9.466473482573493,0.6503666440534941,0.21888185350141923,1.2751149427104262,0
2.806217129238506,9.574390312130685,1.9434241907782075,0.2546741472798251,1.4434590423297464,0
3.854835899772805,9.740693394546586,1.0454656587639881,0.12826230550756487,0.05083825348819038,0
1.008596011676981,10.343645393510279,0.9507404463642235,0.1689826715929151,1.391032172852255,0
1.2464611457443748,9.615574384553444,1.5111022770860973,0.06863944964748674,0.15395981965758598,0
3.4739246651985227,10.320701758522887,1.2487080962675865,0.0886901057513142,0.21098851966054122,0
43.128522691469,14.425410765518466,13.925589984899778,0.8618026725746952,13.074401551640625,1
27.470424332694122,23.7887697400948,7.721322493846353,0.8943070361624087,5.005203769953158,1
4.303652916281717,9.010428195796786,1.0214946051551315,0.1252233009446337,0.4442156209414605,0
1.3470616689926074,9.366188283371661,0.3365820843458611,0.06562926587192107,1.1162040040346823,0
27.727036083275287,24.63316707537249,14.624472949421111,0.7755346887476092,9.972485058923855,1
0.7404346497669995,10.496610727573414,0.53356202855057,0.2929844867497959,0.8220740266364626,0
1.3932323211830573,10.362398828949981,0.47912378133394484,0.04346846162736693,0.978905520555126,0
34.35125811749648,19.705057410432115,5.808533263327153,0.8108963368184213,7.421599382774259,1
27.87240964517386,20.219975797716533,11.335297107608948,0.8607324052224276,5.902897700544083,1
0.7535877198271473,9.762298165111078,1.3916256135817637,0.2575076414441159,0.6519178104037695,0
15.580574012474965,18.65720975789065,7.264957751979379,0.8935518371228349,6.743664290049915,1
1.9878601054376115,9.776627025791221,1.675420211814656,0.2027070351117842,1.4704322384815443,0
47.3642766397497,23.405411593952753,7.579416277151556,0.8979952138102537,13.172222002012159,1
2.5831794563550714,9.391243762245614,1.9925073995158487,0.28962580538663807,1.1165869072141952,0
37.15855100456437,16.40738728363311,8.492095746126608,0.9177867036610718,13.971102599525771,1
29.157784449276654,23.541011283892477,13.509284487675128,0.9806904982662843,12.853406511139436,1
36.22501708808565,12.119561671016186,6.014715428660321,0.8990505307324167,5.050615838462187,1
25.687735112053772,18.312978796620946,9.484241429862474,0.9983372387832462,6.759252526773453,1
23.303718062388,16.23019607607048,12.46491405118024,0.8948898697141644,13.49223410494178,1
1.540303959261946,9.81381034583235,1.01762815367752,0.1908997854557686,0.5009236372111683,0
49.055369416335594,17.110270420667884,13.920465551771134,0.8893415877991788,12.948113035416483,1
37.578617671069765,20.696012775620297,13.64167565071903,0.7690555804724666,9.991933798847523,1
15.851058825100884,20.39113984679318,6.771106794070489,0.9821375753058743,14.539285770025874,1
4.417470111331295,10.12157816084612,1.9061436940479064,0.09922509140115411,1.1055299336709798,0
4.818099885446264,10.27951418320104,0.5888977841391714,0.11552931858057758,1.7022733430337138,0
31.98479559967105,16.844929272222643,8.946914668094722,0.9532639422178935,14.300168348108318,1
18.4011772819769,19.995093947089206,14.900538501042632,0.7420252045709572,10.183296523637367,1
26.289276748351018,23.032707334020767,6.366213314420288,0.9126732990730355,10.528199769079077,1
43.327640441747974,22.531474130829352,13.670723185801037,0.9739721657669413,10.113423988609378,1
3.13947207474318,9.291410930268063,0.14188183399985532,0.11903514816416651,0.10153706207879387,0
1.689975784257679,9.563374428959916,0.187963879681738,0.1734840422988522,0.07188454759348417,0
0.775208083638721,10.472761332465797,1.6778670041387267,0.25812138549350255,0.5005027210317281,0
43.79101962308804,16.682478338346417,6.270605126518848,0.8566729780164413,12.699935530986108,1
48.78381406367694,17.944447100978472,13.420230750119813,0.7583140101984619,9.113539050566786,1
3.187149507491033,10.089137000583992,1.9517041589250692,0.1548901044903586,0.6459129458824919,0
1.9941045072239727,9.650281106371112,1.4880852859982308,0.07525815820399835,0.3686673486627401,0
44.25930421792721,21.047664679218073,9.089529444142698,0.7519882960212537,6.564370426710861,1
23.392557570509112,13.220352771056792,6.8286599710730735,0.9803841992019129,11.382705938433503,1
3.6894845834788423,9.831531078767101,1.2234414924687045,0.12588001872833696,0.4954619790023149,0
20.552625667487185,13.562140421473348,8.418796667164017,0.7275397197440325,5.941569882685601,1
44.94112044038525,21.14755217194031,9.741738290873252,0.7293502481953004,9.916158751168323,1
1.731521605447004,9.697010719409416,1.2995473652855267,0.014417677259110117,1.8982914631827719,0
16.58564034202156,16.869963990144125,11.258599157142363,0.8509408775740263,13.564898411883222,1
3.4198188469907054,9.92377674658487,1.8877832091215143,0.2832754791375502,1.7343978671100075,0
47.908058449873515,19.481164312386426,8.881699262065219,0.892986465532706,9.582528904915167,1
4.103197378719777,9.93890950515236,1.6408536875425361,0.19544543155733637,0.41336871975349077,0
0.3468065043758273,9.15116700206614,0.036443651303099456,0.028332888226778517,1.3660135468327137,0
3.278613176903711,9.578094931448348,1.3632273379455795,0.102187370839272,0.5213890564718062,0
0.5908241381082813,10.045105748046225,1.257885693559768,0.26324160405811586,1.4701420876077715,0
4.8379027576012374,9.82195782487213,0.8469418846162371,0.1705560851249875,1.1518491505161692,0
2.0630883845571324,9.558027128689174,1.5528259214839937,0.10224106207590535,1.8615146512071294,0
1.1929842989517008,10.019767169850368,1.479817520894749,0.07147084572119383,0.7554577723525897,0
2.5262618622392856,10.239686199161612,0.6400992020612235,0.2686569685488601,0.7784033574683262,0
48.54895239091194,23.012860873242666,8.549051904627206,0.9870402655379369,11.767699044243033,1
35.07032608431501,20.21388375820739,9.484455219783197,0.7879632315094194,8.28664545369916,1
1.0636394751211449,10.419291814322536,1.562592100942405,0.034039380605234405,1.8618582113745852,0
17.01455660058255,19.143875470208563,9.41530501373377,0.9663112548274899,8.509150125520787,1
48.90281803909472,20.944390132275508,13.369638742373738,0.9600606115932524,13.38480763763985,1
39.5339196010692,12.945919082734516,13.218600592903563,0.9118726681469489,5.813487806418998,1
1.166140362122639,9.871958125840173,1.7262770439780077,0.264107990591525,0.4733703873641575,0
4.930005319114354,10.130067277888413,0.7525191710618315,0.02505021500960063,1.5542938318548736,0
39.6779527503831,15.233414007593744,8.302525290190985,0.8303355533464813,7.536821738731387,1
31.40312246979442,12.731942583863885,6.188179162680719,0.7352578740331315,11.492103021160636,1
3.405197135484545,9.356259706938705,0.8004457857440497,0.1433144672640683,0.16578264338670845,0
1.117979192597263,10.444833809160917,0.024308949379632683,0.2909636480122917,0.08631982390115223,0
0.2170039164908638,10.386964995335394,1.8382314305573189,0.07589705039677233,1.390822246213295,0
2.615489220850744,9.944097957202894,1.3914973779692343,0.13636231943033197,1.2551161601681269,0
28.447064098272698,21.58230917595925,14.152543416691064,0.9876107222223538,5.578638977577074,1
30.947986347499953,20.061723771419977,7.773811829811327,0.7564363479171283,9.636984049399821,1
23.028816099673236,15.457193024535107,8.603450952052683,0.7779849588562788,9.53240846828831,1
2.680481831720602,9.464291424429492,1.6275900394138973,0.20541935176616377,0.3252338786897826,0
17.66701328597071,24.226913752759984,9.166390577384792,0.8743487863542478,14.191765518355595,1
47.64549691739047,23.258830563505306,5.452186701061894,0.7079100923491756,8.764633668780496,1
2.4018504093317734,10.477929075998256,0.7534779398758815,0.2248734899928216,0.7859788979577182,0
4.210594615678543,10.257493057066707,0.9373863195899406,0.12444585070129954,0.5468141438614125,0
17.637567112336182,20.992287163195854,10.34346275029463,0.9249732248409915,14.131657522576429,1
3.8449370759025525,10.417148594823642,1.699294781354823,0.07420443052295929,0.901088270620187,0
23.800485382912946,15.571513361336814,7.072276490080565,0.9634662002437577,12.569991321722288,1
27.535695131149417,13.476248698595178,11.715731955927996,0.856092310271138,12.723183917356394,1
1.5388861988552471,10.224578602819594,1.935947530879646,0.026522467009693972,1.5836356789392658,0
0.6700761422532037,9.043174014470008,1.510274511347238,0.1860928654060394,1.4081595361984471,0
4.5157552933831315,9.925895568145938,1.9609254501847557,0.18242635486256556,1.2732886432445651,0
2.1873746101186455,10.356238041740623,0.6965109340466007,0.15419684674794323,1.5673060254822861,0
25.428580803968266,18.806829588195146,11.976418714934633,0.9389415327021632,9.593468079461724,1
2.460581465397691,9.387366582448438,0.9182715124765226,0.2940097725856431,0.9852361879857392,0
1.045653955392571,9.869474901707608,0.6831264209130901,0.16117902501422102,0.9202383179671441,0
20.316594272930303,13.804753244442331,11.408747448032146,0.7545640253197434,8.456672833238631,1
4.371588024272086,9.772854082296316,1.9462206985402086,0.18058061866228806,0.4476981318126412,0
0.8446753153608227,9.417885508547938,0.35402096855349363,0.026610760127116682,0.24127174220120162,0
1.7799574213599305,10.341325894343889,0.2574967965992878,0.09902985399304662,0.643165529360058,0
42.97936396181649,20.1627050633818,5.817590319488719,0.9620735872320332,14.208724005318132,1
0.012975121918232801,10.30245166055338,0.16903401536136387,0.17918342467662915,1.9725139917336303,0
1.85236051395691,9.726784477786532,1.236509543060592,0.11067409187093172,0.9250694322662958,0
0.31170681255620725,9.22160863785934,0.2662338571749565,0.20614965162099932,1.6888813452672575,0
2.6605674263265784,9.160758017009664,0.8948247336469093,0.15978517993650695,0.4849410072694593,0
3.6870260304690956,9.273425817713937,1.1279301840376728,0.2522129957633793,0.17840865742411238,0
19.191674613673793,23.576854649618635,10.935924535540487,0.9037306957433469,12.891712386073383,1
2.397910508771251,9.876299227071254,1.4736449507898257,0.1673226797851312,1.1730708693215182,0
19.46531059784473,15.689086775383418,8.63082296398635,0.8937751723994803,10.70778304668912,1
32.438669424712906,16.294530256651882,14.336918237598745,0.7022603089402224,7.2533279771252825,1
23.608520493457785,14.088857852374224,6.865670240513058,0.7855285506081541,6.733735952947548,1
4.211570176490908,9.077453216811769,0.03648496285672209,0.20908843870992647,1.9945110695367887,0
28.92494596660096,24.603115632579794,13.655071258939802,0.9451216212847839,7.579028270449398,1
40.301363381762144,22.671199150993584,12.184572708365536,0.8605110196134731,9.76619484126412,1
3.8474646659596843,9.280565622836285,0.6473584728084874,0.12763093158492503,1.01522075736891,0
2.6492001159055834,10.060845143466667,1.5355590028856776,0.026187053876902632,1.012207912718694,0
2.4057005092740873,9.798884148827378,0.10364707364485382,0.10098128345817617,0.2688293538779485,0
2.744609899444886,9.302595693495354,1.3691430957596666,0.026360433372797042,0.27764954688404075,0
3.8011392994484328,9.893458110911766,0.9431523771003167,0.12355227424418055,0.6977365330859906,0
4.253637300082273,10.118961788323077,0.8170365858718338,0.2798814201299864,1.9818589529147812,0
21.343157315798106,12.864451475768107,12.41120649290059,0.8723419339539735,13.41828776758272,1
43.97793105121222,21.756525021949074,12.995371309195157,0.9475398030078391,6.864049867881441,1
3.3259861034810005,9.78459813715368,0.717660968247005,0.26316016224393246,0.7848902148452708,0
30.818201045466374,21.27917191311924,13.99667445292173,0.8872304632545512,10.39781061914633,1
2.513601950462396,9.348319042720226,1.799149146549137,0.11516736641196341,1.0871057222279772,0
23.015888682367873,19.057041037974315,9.315281431364426,0.7998447357737453,12.305491368093016,1
19.874522543218553,22.322327460513847,11.200727559285134,0.8600383275928964,13.938925830509577,1
49.919241557334516,21.781240560504695,12.069804612434591,0.9335715817152253,6.431279855484696,1
34.94613897049608,21.911962914628976,13.767656367617494,0.8026245246147722,13.212573046720129,1
1.8941078277845786,9.685500328922517,1.207915744145025,0.15068650423875904,1.0797212742256734,0
1.1462569761632073,10.0833788525896,1.4400730730921487,0.19234428986558919,1.3878968889342,0
40.06626761565333,19.787381742105246,13.267988278090783,0.9877224383692083,8.425242571785434,1
29.029799586727396,18.006075447373725,14.472833396118153,0.746005420934824,10.862298320167973,1
18.527811105556026,15.328201914097608,12.260955860624009,0.8778888715776465,6.022126642251996,1
39.38277883569123,23.992491955304843,12.072386343133985,0.7457617128742784,10.762883601668133,1
17.412253877852656,13.005173851354234,6.042469660518095,0.9521318895941269,14.106861982557131,1
0.5661902292037763,10.477261798443502,1.6777961728918682,0.03739880436098005,1.8416837652347446,0
1.557221320228206,9.341093431315668,1.2157887875885174,0.11379170951566464,1.4884993036865777,0
43.099870700930396,12.060216299059837,8.334991716911443,0.819450608077283,10.37395602937923,1
4.6148011589924245,9.69855018347822,0.9616739561781471,0.2755364174817903,1.1741364482731345,0
2.262197580663467,9.2112855305697,0.3527739730124466,0.14951033182184392,0.8378508990090958,0
25.90156098964651,22.14644419809914,7.775871726294181,0.7660291642243291,7.126807843412263,1
0.8901798343487571,10.441605476204183,0.2973254555062259,0.12438723711810712,0.17069933615728772,0
0.9223143570942804,9.449393867649716,0.6198738525372218,0.11919543463727936,0.8535778106734988,0
46.43190013042498,14.666815326266093,6.906877206636666,0.7109649003544284,9.720669451099992,1
35.560876148192605,15.82258082987263,12.140591997898282,0.8582943190434358,10.34455891257247,1
2.00381530437663,9.839460496962326,0.310480491861425,0.054578439148581334,1.7235712420270346,0
3.7662311037372542,9.408452782080449,1.7948608196377684,0.15797353999778813,1.601499542972242,0
0.7807629868309518,10.073958343271096,1.3178478838203027,0.008128797751045047,0.4439443238658989,0
21.86395848927085,18.57160242837844,10.950489797004206,0.8017813737688573,10.694435177635004,1
3.2637305392593734,9.35727417157009,0.19888278551869032,0.07295165729983623,1.4445338637113183,0
43.239755213690515,24.51444114121337,14.444097255772734,0.742324554633314,9.06392308273522,1
4.4816790926055985,9.019502885266103,0.17101706170893616,0.062365876543808194,0.05306440774763943,0
4.382220379376469,9.96438834542138,1.407892270277019,0.27318720106209116,1.2495225420865022,0
1.2971171671564625,9.5695386122509,1.1805898850296155,0.08041909224686287,1.248297815698268,0
42.08420831204691,16.71585263065729,13.610680199747216,0.7658531575242876,14.745472651988699,1
19.90396115182584,23.290083686672865,9.874311982495136,0.9683656680682274,12.998552559473152,1
2.4238918357517307,9.768686483822883,1.483373888457331,0.20965375594827132,0.8051000871939611,0
0.6967803703641207,10.25239535519895,1.9688043614071042,0.15770705469080573,0.343358571696607,0
3.415919282227407,10.233875813867511,1.0593233573101621,0.24451632852073713,0.9961815070220115,0
34.39623008805277,20.468465048574235,13.297418037072017,0.7619263815281809,5.1099582865848046,1
1.3184190131730822,9.399747590056323,1.4643691569181247,0.07521919816847933,1.2661961267148951,0
0.876856393117248,10.37161791888744,0.8375410497841462,0.11494155847484923,1.037835410565675,0
27.385498179643733,24.462153305071865,6.843709206789632,0.7271010881732823,12.709859255354786,1
1.9464780702098827,9.43304060515605,0.7113454329298983,0.21571377155527363,0.59424343124635,0
4.746533985288829,9.594974059578082,1.9081738730792661,0.040500383226362076,0.9675098838648255,0
16.091409727144963,15.409432575897727,10.950779307002549,0.7154277440452751,9.963662472012363,1
0.7733607044161811,9.934998826357486,0.9484746174007392,0.10331511961326996,0.7030803222684376,0
2.4774565810309923,10.032603594641603,0.8696546772074925,0.07392060997173204,1.6382046353483994,0
0.011696953128891296,10.45154908231063,0.01050763711676983,0.030928123804123464,0.6291931136188218,0
4.586567877311214,9.205227946378443,1.9004747076416049,0.13380173188738673,0.3702658576772393,0
48.535977755137566,21.85910138129386,11.389493853342618,0.9277107536616549,12.241033292731386,1
44.72184780478618,15.245684115169418,9.894249636431404,0.7663628325458807,14.87668007996647,1
3.349587322750196,9.06624815656515,1.176527513939862,0.29980604986975046,1.1116131628743593,0
47.04209041558146,12.441297721615385,11.9742026724684,0.7892047022117652,14.243961953765304,1
29.761693090567938,22.339443893468264,12.450645481202205,0.7164647843939425,9.551436850361561,1
4.144577370753387,9.055511452073238,1.192539756964106,0.06900265118631091,0.24113377155455762,0
45.97494247831484,18.893446724253703,9.410321617481616,0.8213456349045551,10.724277594334657,1
33.8821952331368,22.279401142906526,8.1875250293207,0.8877674129311027,13.85977748236187,1
45.683288225185734,17.4275790923626,9.619428505755875,0.9971023940025332,5.002375235758846,1
2.64468567013606,10.408601547769344,1.5975664715473308,0.29938023316000123,0.7014236309034203,0
18.099019371476636,12.48875805168139,9.797813268565047,0.8742271621681983,7.716869710690041,1
3.841367069322591,9.626650173251,0.8427140045541404,0.22127469047666745,0.47755429153660467,0
2.3365538326882627,9.445504314682323,1.7056436433838027,0.21466599457027258,1.1782170689417897,0
15.625587715669484,24.840391066568408,9.277731337358624,0.8152979941479045,11.7964728269307,1
48.474549414579876,22.373861187863984,7.589826516018137,0.8765662686919736,14.823305150800817,1
4.723660111457051,9.701102266874805,1.2268227784214154,0.05011018382762256,1.982337252273953,0
2.007901182127437,10.256738602924868,0.461138391610038,0.24919275532518737,0.24067752406999188,0
0.8826401600275413,9.330729313605262,0.37287652428850904,0.23387534207002597,0.7002505183334602,0
3.1488896149807655,9.32448603455483,1.0365207333527844,0.1791822217291023,1.0500630017205363,0
1.9812100945132938,10.137357713556137,1.3920412361075845,0.046168771901956514,1.6316662499812356,0
36.802808402729156,21.72233085319897,5.348651602338249,0.9684764323683519,13.601268164179238,1
4.387304313151902,9.39840006388306,0.25902984256560835,0.26662442396069314,1.9113029964595067,0
16.23978289464908,16.277667749808323,14.315894883189898,0.9205637963570358,7.813909605775268,1
28.04409809543099,15.376799188884242,12.234201136885849,0.8487627205236312,5.810462159076479,1
18.831410101905885,23.628239102584878,14.914753351450482,0.7184551078717705,13.829062691374613,1
35.734272463083116,22.720852557026937,8.47809207902193,0.9034048457677191,10.657319639957912,1
3.6695495947685086,9.781890468270623,1.7363216081030939,0.07358565967660037,0.31468131940505195,0
39.79270418502622,22.881173268727736,11.974714616692836,0.90404223152809,11.186113782151843,1
21.622753892475206,23.461282726014552,14.613152881849075,0.8396410026309951,13.790714802281316,1
19.510445361570582,16.356545105368845,12.435082562916078,0.7482279688144924,13.179670241190621,1
41.482253132472714,15.362948299072803,6.931328645872931,0.7252294673403954,8.264335765032929,1
3.1590676350833418,9.38970537159624,1.2680114061992227,0.16199561391475664,1.5596907903022872,0
24.917003189295357,12.239560343596827,9.322407838925123,0.9520364508223655,8.921512114451966,1
4.660140527550087,9.153764591986018,1.8744569744729023,0.206365716690244,0.1356741182103438,0
0.8318879346613617,10.156476438798203,1.4171440092052587,0.14207216653052654,0.11584092111759658,0
16.60097118343795,23.32997847998089,14.734889691773969,0.9906633565857075,12.496518317429247,1
2.9719792961427265,9.575418390608434,0.1312522891480259,0.24645388422223227,0.7436670584774492,0
41.96425962327277,20.882839895884565,9.459027063767483,0.7820879998844997,14.971245001577111,1
0.5109680984685949,10.281314661692349,1.0540481924237242,0.24777622973996896,0.5967488619799852,0
17.883336596554493,20.84649092697127,11.545112142811352,0.7819778580994627,14.508635622504103,1
16.095580981163067,21.506510870657912,14.095245109478183,0.9572080276277496,14.645204722702086,1
1.3710760117433503,10.475966471939742,0.818668012630086,0.2682297611037403,0.45990921178217237,0
1.0017957177435632,10.302184220235796,1.4298480804044953,0.1688250859030148,0.9430649202050254,0
4.840967139573609,9.278288273554681,1.7372463359112216,0.23297905583752251,1.541843689288104,0
33.562403780488964,12.232204602218152,12.967978278640276,0.7882503920030434,14.118360349599111,1
36.58276100822583,22.35498478269029,9.815223515125501,0.7351924566887184,6.251857922025504,1
23.663898446118132,19.25936474358157,7.255401424437355,0.748247640723457,11.515194668022648,1
1.3449670221754884,10.196338650955783,0.6207239178471475,0.13656604472454034,0.02324107981620127,0
38.815981922576384,17.14208609043959,14.7469985187069,0.9165662883780805,11.56983857564493,1
4.300611985946023,10.169776483340025,0.07923765069671429,0.14415208417734868,0.20986035683634974,0
0.5139620224633284,9.856356752766246,0.03673527388108,0.14470691446547745,0.4206991598377372,0
2.7982434174345707,9.014656271128775,0.6529226164879838,0.15531349301541342,0.1757329982896667,0
0.4125426722021064,10.23677107034525,0.7156027018565427,0.0966284106658006,1.9549327726295715,0
39.1312739198043,22.407627088418078,7.001502442448101,0.7502447746777209,6.045678403344002,1
0.6210998336402968,10.344331954027558,1.1895532747538722,0.1849813745587422,1.2258883497312119,0
3.545302597254582,10.306453685619129,1.4281738642648556,0.24051842492093753,0.6789003850856121,0
2.421992237870203,9.991230177448877,1.1060029051839169,0.17924275878957902,1.5676651068377239,0
3.2178884759826247,9.789603991404169,1.4631790435106637,0.024488994609176872,0.1207041679811276,0
3.2514709293672697,9.718918392864431,1.2314840438844856,0.09870523134439865,0.9403651853933301,0
0.9105895784434964,10.184547760713718,1.3174155510017522,0.14945871493594168,1.1107271018752625,0
37.86420567330656,16.320090129616418,10.424786357193675,0.8479830540351398,5.815264895524267,1
3.401141212156457,9.108297613468764,0.06130500441161213,0.0773048665533641,0.9252459134786326,0
48.62731930204419,17.40679575991023,13.462452920190493,0.8886294454617836,12.353502986657526,1
49.56773473076203,12.521419488362273,13.670314961224486,0.873602622571718,9.386154191895905,1
1.9775758492450763,9.909283070341758,1.1954471305117287,0.23788682838168945,1.310018677664217,0
2.961751642966811,10.368545018425037,0.42132437801133316,0.18688997506904484,1.263120440185041,0
1.1789604697960492,10.164000310553144,0.8106203661714868,0.18055661509860255,1.2650810664526122,0
48.998828291457386,14.352700385223367,13.543850933695792,0.8476833569344104,7.472310744031771,1
29.175727967811255,19.707939197813165,10.794148993435009,0.8987863837024961,5.952615079546263,1
1.9554076832588034,10.454118483502931,0.5162668654022551,0.19702099936238765,0.6503801284493897,0
35.954989303503766,17.156577092466307,7.370278571083362,0.7704022114784653,13.837096696607526,1
20.941526678063926,18.75706133122823,8.370031764312863,0.9486650097647829,9.308875236618059,1
35.57595298886354,24.331583613068638,7.525277820754193,0.8077752243748737,8.793585899224237,1
3.6820100753282023,9.995706791432708,0.9492617514996278,0.2532511346907591,1.6113403059001064,0
45.247566218595914,19.25582324472022,10.399058395022125,0.7102563297817475,14.866929803571615,1
2.65584764000516,10.404908538442442,0.0786870813370193,0.03663297420300804,0.9043980565668706,0
0.44277792111620695,9.154963435686023,1.1693414008851775,0.20646235975997862,0.794757976928802,0
48.77915437526159,12.064219752147325,14.51811785423239,0.8917359813446502,13.679182945200221,1
1.2711228994874664,9.78259506995432,0.6853069762418307,0.15967349664788974,0.25148302361329766,0
25.77754795569168,21.160849915576406,7.018534521229483,0.9020297299974752,14.699120461072704,1
3.6541473743543817,9.234245767188261,0.46912258666965734,0.2890040498461197,0.5106130494568637,0
4.190576448240551,10.416921329211036,1.3664960565792916,0.1491524292025282,1.2356944804024277,0
45.26130925842628,21.990751738809287,6.13109819076573,0.938653111508921,14.186777969935044,1
1.0783757619885859,9.988328205348985,0.787728811308317,0.19536989311244762,0.21318606061598144,0
20.57506058349818,19.864400994977032,8.181115536181196,0.9599316002582936,14.933369373586284,1
3.9119274202913674,9.850524391480002,1.476898418502653,0.26355466839040437,0.808280643302066,0
47.398619080824915,17.69624050335584,14.013756495884444,0.9633673477123983,8.171957167653986,1
4.089171080875108,9.180313583055913,1.088978195921699,0.0017275981494364711,0.6491716598005406,0
36.34411319245431,19.324706055529965,8.804197042327978,0.864549916495443,10.964854749854215,1
28.063812707026905,14.95450515442097,5.731959237684436,0.8810345780144133,11.682127985550164,1
41.57705147730031,18.505789018699637,10.423636649797384,0.9854435678997974,13.471673613725741,1
15.89747230322525,16.436221759140032,8.80195618785857,0.8196468342690701,10.801723692273324,1
31.68434162644057,17.126749209638554,10.494142384304533,0.9240627148407468,12.154909070992744,1
0.09116291338180815,9.29366697852532,0.01512574995628424,0.1942424142463809,1.7960610978999738,0
3.273465407156741,9.570111763405809,0.3943082531457547,0.14375496883307998,0.38911664637060195,0
32.005511571521396,15.338095380366603,7.8487290196192285,0.7921869894778859,13.030258978326634,1
2.9046602663139884,9.134439508732413,1.435271571817259,0.11997156204124686,1.9534504773251578,0
19.266013266793166,14.354941543950844,11.811178539649827,0.754431504308688,10.251633836670601,1
1.4763914461015504,10.190110887221756,0.37045689309481933,0.2753257467514132,0.8490548503927238,0
43.20973924213054,19.152945048031402,5.434125328548191,0.8899454126782067,14.51403342206657,1
3.189926028966488,9.772762755500597,1.1870771382462943,0.23812315511415488,1.2932118268457202,0
29.385996443234667,22.918196937267364,14.000231233980111,0.8060264137908154,7.36870558974482,1
1.5103025091739752,10.097937101378452,1.7023485217055416,0.2014274008591843,1.6190599515368835,0
3.119296623382865,9.677651518105844,1.1732169263509482,0.05040426232345902,1.4737474898883642,0
31.551218797161376,18.959655323954593,6.784459652277722,0.7936815358146387,7.3024616842787,1
2.73348706357035,9.347920644173962,0.7818119918110293,0.17834290055585192,0.9935337177183388,0
24.608908890004386,19.76160991964399,11.75841245087376,0.8328150900338581,9.45790914577229,1
3.4621807566218483,10.486883990553283,0.25678857890825046,0.0312328948152499,1.4486776342574823,0
46.693367731538586,22.044095456841973,7.648954472367334,0.893586951257715,10.957507281889567,1
1.6168578105776037,9.339984603340483,0.7099926116638746,0.02082715282382801,1.0381195818165407,0
38.43609156468867,12.909110874222645,11.40168223828166,0.7813442309500555,10.928119916534227,1
2.6647889327566765,9.486500629673063,0.6660038261163959,0.20084608655945704,1.988278722442335,0
27.70304951460972,24.94124637915534,9.463523511976422,0.8000708648416601,10.804750067166747,1
48.516884957688305,14.278938250649576,11.900048908206657,0.7602801065977169,10.358276844730813,1
29.794118968866634,22.683483770714126,5.012366797594094,0.7902559325059765,14.812363743443038,1
4.635889097397263,9.35196312278318,0.7986318316186163,0.04572480399912523,1.9849670043167504,0
41.90099316759779,15.167537308830266,11.715584436130372,0.727878743313817,7.570472664320799,1
41.43446471738828,13.660275287258052,13.260676302525283,0.9346084263011157,12.087446977429764,1
19.117715996574553,14.955644901249284,8.416745018969209,0.8142728576532962,8.463217685890037,1
2.7690112035618815,9.458286465987035,0.7939630341485668,0.1341607621514507,1.2011886667212346,0
0.808821056760548,10.179413935135642,1.1491747646355333,0.16997260865142558,0.7820855261163489,0
47.570832512537066,13.512763172511189,13.174497084911916,0.814186988042974,13.779743204450694,1
40.24977235650561,13.836614640581576,7.119824909022386,0.945620501222281,8.225279778464152,1
0.8676225749325434,10.042426633353692,0.6921994530755711,0.29268306025797447,1.281944154690664,0
2.8758167524831246,9.719031660206777,0.6274553823881921,0.18191128333001266,0.2783960492350597,0
41.76834303160484,14.272902154385363,10.025660764634424,0.8195989083316939,6.463739921622491,1
0.608809555626374,9.717351034572108,1.0122151096935017,0.06976540750961403,0.1599307887186039,0
48.8037756403627,17.622472418291714,8.118161330852596,0.8518425588520733,9.395116886329102,1
44.800702314294284,12.004322579566363,5.176878096132572,0.8807659491528594,8.647982191445294,1
0.3067481355533408,10.17114237910266,0.9196008475386404,0.017449138651642736,1.9897326343395343,0
3.0974887570379384,9.446032572355259,0.8606743550178424,0.05119942756499952,0.14925962867416342,0
25.614630164865844,13.313595543138407,11.92161341694132,0.7186875394390188,10.094221281497898,1
1.144473024233068,9.348968307844022,0.4416052595712783,0.05212577869868835,1.3114473451233126,0
29.912918436163004,13.699234897622594,13.866042152404667,0.8349353946463968,6.946225118207651,1
2.6275231098432,9.722452269802293,0.3537742902877088,0.11612362810068924,1.927644550964702,0
2.0807699908988075,9.722016227452986,0.03838455364611337,0.07794396262351026,1.52057964624427,0
21.6393196861137,20.046326509100382,8.235003949114738,0.9502910097864302,11.292988060107362,1
4.007685559414948,10.43936496648155,0.9757080878527249,0.03292085960325105,1.095918977947386,0
2.4966691748930914,9.39902891700807,0.29847555590035224,0.03815992880623487,1.7293207842808354,0
40.80749770857299,18.188235681793966,8.758882851457694,0.8183428835710106,9.594467684059866,1
4.781110953244742,9.199717506267145,0.2042990593150762,0.19760764386223306,1.8856622828265235,0
30.316109341938716,15.310718086598666,13.408715794259226,0.7115279046886974,14.017619921354235,1
4.125660979643519,9.743178155191472,0.772697819696631,0.13503732972592788,0.4539293887307283,0
0.3332602028034498,9.777612032917807,0.3003380016340833,0.22123013061644567,1.024443841625349,0
0.23915410197052733,9.057032772356182,1.4924145149636772,0.19771066026110423,1.604261116255175,0
0.06054237617443725,10.43475209744922,1.475016718918014,0.10597542255061924,0.5930711625753105,0
4.853749788353351,10.41347308450979,1.5676853535353477,0.10645240807706711,0.8242618605255432,0
3.301513598506691,10.146558993332604,0.530092856650008,0.006283488309273844,0.1643433349528547,0
46.461528840218236,22.172304019331193,7.2784241754311,0.9927972548796378,11.673503980464284,1
0.6069320907970321,9.9225194520583,1.549267561275576,0.1931712760623392,1.0606042664983166,0
46.35351090801586,16.18880154478017,6.252335704328271,0.8423008329718642,6.139566347143171,1
2.912113291036232,10.122109769144298,1.6235395761802751,0.1969435821994508,0.25619149273240005,0
0.5540398108990352,9.897797363526548,0.19002339798460932,0.11279786698239341,1.100183880916312,0
36.45288538730839,24.2599858906812,7.40692711832505,0.7364504128902754,6.974704898599374,1
15.445021149541272,24.901400206363114,11.714549348946433,0.7950767432034834,13.792686599978381,1
47.162428677384405,15.279133262253701,12.550419287462784,0.838161849182242,13.419985528900614,1
34.52346289288745,14.34772977627891,5.5385820699802615,0.796017949756295,12.531873359134028,1
4.6869403324855945,9.064760603695518,0.32962963145887425,0.03951863203636857,1.451959819970591,0
4.825648710634983,9.73259119509741,0.30135221541975477,0.10271509081006394,0.8268328985905229,0
2.9517384522938643,9.76254082037442,0.5950969026376411,0.16950659785770483,1.3777706041001814,0
2.88586391643775,10.315707662267107,0.8676010245095436,0.04825445218732386,1.116084650297934,0
23.633760258256807,21.444002296469062,14.918099513493635,0.7297534298761648,9.014943158612883,1
38.01461094723081,16.042076090098206,12.423480505725092,0.9445355153441104,11.149782403411324,1
27.43845990400088,22.189293198310164,10.542265141320167,0.7015688840628738,12.609907600280938,1
44.14381642714651,12.143410985412055,12.495454844688883,0.9276029170333014,11.783788228551419,1
20.211081761635562,15.972854801372794,13.766507618282006,0.9989003012881742,8.683095305068484,1
3.2168258995589216,10.170599664220912,0.4344181953824211,0.04134686974777062,1.3260840090009844,0
39.34663512738824,12.041837426855622,11.195893374598407,0.8066479031324072,12.941973312770843,1
29.08144936402946,23.36541211793309,10.101097124988252,0.9170214296836858,6.041373579202874,1
34.65196057858333,19.288581227410223,11.034876665964548,0.9029403811679086,13.049889996807698,1
0.11466405634021015,9.483162006343779,1.272981302098308,0.04469992084477303,1.3908312966561065,0
42.471394198901365,21.199852151631905,12.886149646724064,0.8551807169324828,9.401989979554905,1
19.283186506381227,21.56157288433799,7.3585759914368705,0.8114266005619137,5.625422268973685,1
40.748208998371645,24.978517648108344,14.331133313435577,0.8927695598605574,9.21248053294072,1
32.36582344396268,14.31728206976034,11.859112710498637,0.9973379295463911,12.472195877420376,1
2.8593613561359326,9.881654041293297,0.3689525062672787,0.10867063249568651,0.6690225774838643,0
3.501259797222605,9.878715218957852,1.172958184377414,0.20930118825602254,1.8592338457513684,0
4.703396225576703,9.388945138298661,0.8593136254778702,0.26181907514538055,1.6838671335836173,0
2.4045300037653483,9.652770598883036,1.8747065884317289,0.21180570229920737,1.2623412919134127,0
40.477875744081786,18.453994980618898,9.368507026151796,0.918852468595719,12.655128989911098,1
22.88282957939714,13.707542305883788,8.988360297037294,0.9767869174263368,9.720604341969983,1
0.3447900817821059,9.085582081726882,0.5643741493864003,0.07851170512077178,0.49395759814399964,0
42.54943109105614,24.672850486154456,8.712070938899982,0.8286660636583115,13.447894362860215,1
17.287815514753483,18.338425517753997,5.336136001832826,0.7187959610366064,14.06437453344411,1
1.7296022375084714,9.472784281646039,1.5437154523632426,0.025927383228763944,0.4735686186227708,0
38.23263901614562,24.524127644776158,10.60168183461842,0.9810467386099275,5.522578792860237,1
42.5699555434698,20.117530804132464,9.944811312950929,0.993865252114527,6.44965072379817,1
0.9904881637987006,9.847995381857414,0.9278649733766724,0.29160159888946113,1.2170545453929331,0
0.9150772211736358,9.033052740446257,1.4400160793262262,0.12539698016114528,0.17768049017512877,0
34.642797589888374,18.80408184786676,6.147688718692175,0.9580419080048305,12.228143032084837,1
3.958499942266758,9.823257985080089,1.2258003217238984,0.06784411547698223,1.6938374561771197,0
20.80210890571465,24.29407591100367,13.49975371480662,0.9007067011987324,9.622955610006072,1
31.10567925709539,21.740688265045094,7.905875598063551,0.9360910404752999,6.119359270215304,1
2.29619938798479,9.077934866331402,1.5725563987680662,0.06040913464079231,0.5172416697760776,0
34.069671567958046,21.859525232298445,12.54107680316164,0.7053837035705475,6.262537827926135,1
4.397909274757646,10.30586763756901,0.47759242276307856,0.13537180325429643,1.9699793122817502,0
34.529325857392394,19.182676992175427,5.941519101256979,0.8030989577827309,7.824308986865117,1
32.42343778120016,13.371158099436197,11.567801047242941,0.9466309481800677,8.804200075075624,1
2.2053607912539186,9.293413909566773,0.37344659154608295,0.028210831330279906,0.7133419482835295,0
2.8879668294057876,9.951873626325456,1.5958283192317881,0.11879114179873645,1.8301801368140864,0
33.20666831380441,17.81883822416282,10.578201919292013,0.7498102940248585,11.134731386391763,1
4.530716273828832,9.415356731066714,1.9670429454304441,0.04221345841462752,0.40403133680497993,0
27.72925936646491,21.524258051110827,13.203775074489734,0.7939485984451846,12.985932723827514,1
17.921242974628417,23.471412789295403,13.036035354415352,0.8515620320729914,14.671266152591704,1
2.4267949157994355,9.183650847538411,1.4503710960547815,0.09690335951586415,1.9941563141633234,0
29.96213907722153,14.109034275172231,5.12607519975759,0.8679267050915147,10.273996221226763,1
4.1147922311074305,9.314629421525522,0.7580542524381948,0.29203721699285196,0.6736810037222065,0
4.09531756930828,9.811190632478317,1.420485597246623,0.09430503395512452,0.9423357978656293,0
3.2583395935321295,9.471091192489098,0.5086439623566335,0.24577653146143832,1.7596438279033906,0
21.081655759751033,21.25618226430015,13.259782127080818,0.73019124355706,7.398741127559447,1
46.68759559972546,21.61572690944793,6.912604179145867,0.8841332256447096,9.355054543981593,1
27.333123131337906,22.938818190101877,9.712871673981645,0.9937314814045464,11.341421382957368,1
40.875315730767056,13.38246844132507,8.149195886129677,0.7011451402373041,11.816694824016201,1
44.95080406170252,14.953334241305694,13.3704112524294,0.7837828265363231,11.428819100587077,1
45.323527998796976,14.801888294287314,8.603778199303475,0.7205516219880939,12.631552912588894,1
3.265813952656415,10.407457227672724,1.742408964526104,0.22981943296059076,1.5768946865065974,0
4.494236940901237,9.976152821338122,1.7484534482767031,5.651986697456923e-05,0.338162140711985,0
30.64694403322489,17.984657525625042,13.645636095226699,0.8639944660563366,8.804005489704096,1
43.08240152057425,18.227910820343567,5.18000088945215,0.8264332124737742,5.271750160908441,1
24.80130653426713,23.158441798388573,7.922182304618977,0.9732310484931745,12.539619035967839,1
4.197304547503834,10.472698039890942,1.2426889945070592,0.16775544204879794,1.2564762209265627,0
1.4076059920746498,10.309130759349191,0.22516078082387403,0.21110579323823872,1.0813969532898207,0
24.216052431362,12.59960633636454,10.671707799193856,0.7851485341070561,13.245348080870322,1
1.486189038543086,9.449878667260476,1.4863863974632068,0.014442850793506034,1.8057899903839745,0
45.70416169891628,16.29530405038506,8.404058433495647,0.9967085075050521,11.261761715931382,1
23.382855946833836,22.329517623102475,5.346702667264833,0.8748420505250469,14.954375161913099,1
35.06722709723263,20.564725911820915,7.5230724983940656,0.7660675904131945,9.883746289829388,1
0.469286424116781,10.364440229154889,1.3384005258761569,0.24878603979502664,1.7579578005645347,0
0.12570979138636362,10.041675684196063,0.16441412742356332,0.2732029738305419,0.9288664724510856,0
3.0096171550756576,10.338784934932269,0.8867600287583755,0.1821268736156262,1.2626151061839774,0
42.60807923668759,20.314872295309865,11.764263623383922,0.7395080315416115,7.341844468154857,1
32.068347401744255,20.478915374091144,14.505310525862035,0.8801953199645067,12.435939161765598,1
1.3447947291323552,9.610457864451396,1.7829600312470135,0.0008763097864086022,0.0795319299771391,0
16.59770609258343,13.82031326819313,7.768143077913058,0.9914598072703151,8.313470071030508,1
3.112598478648726,9.704615644486026,0.8949362826449156,0.14228652612937814,1.181734882542083,0
0.027528995802104106,9.011496048973838,0.43813761820371555,0.011016408750246343,0.21605150826138275,0
31.19981842555477,17.70100035098666,7.185098343541303,0.819039054125895,5.443877721708544,1
1.9850752061859582,9.130639150193657,1.2341330322356026,0.034151518042980424,0.6904462856033842,0
2.873897771322076,9.04450233459711,1.3508404150941784,0.013456070407070597,0.901194037966268,0
1.3736576275975976,9.59186411339647,0.8436563570776627,0.12330632257966373,1.8152220051131098,0
1.290866270955846,10.011911779374325,0.59345528220818,0.21552876894562056,1.908066255170081,0
0.00782552595736452,9.95460205527511,0.10227076288420145,0.07728216610011655,0.11904940069554337,0
4.357988636441153,9.385041342465069,1.3305842039561104,0.240106463707022,1.325329026118711,0
0.6051250024259652,9.628421685281213,1.5023560956168363,0.02130229935997664,0.1603600281638069,0
3.7492538221823315,9.619012989125094,1.292192350010126,0.19393502703738208,1.7760781287202356,0
0.05065592013871689,9.954144069614314,1.8265738951524735,0.18377204050344575,1.74739718693269,0
37.32569824322719,21.63275625356952,10.299915229264187,0.9487053197636472,14.912632267336331,1
15.409731375581643,17.48644538165931,7.950407076541563,0.845800148139281,10.77199886734551,1
46.854712287374696,22.504294188785188,7.160513650116872,0.8399823354091647,13.167232025585445,1
44.59615270464674,21.00240674669993,9.299310773901482,0.9018899867183297,7.753811742554185,1
4.308712474591477,9.88542831442974,0.4525582164284636,0.1152718860412144,0.9002467223638644,0
47.08223325444226,17.60280786667285,8.188668183211387,0.8746596239782342,8.711724234376277,1
0.13710154986328826,9.589461338017937,1.0516251977466475,0.15350441597445352,0.3312566940565307,0
0.7129707204095437,10.335145552775712,0.6917549214757148,0.046337924166997134,0.050895519811501755,0
28.261859732058504,12.08723507395278,8.858745028951159,0.937516077778404,10.959888421834819,1
3.3856031986750468,9.908668874179035,0.72918745639508,0.06536776627649703,1.9760719323111837,0
0.5262959259850619,9.251039599707942,1.9440505129931822,0.06854602402643123,1.9549042359807358,0
4.820087035588512,9.5763100694787,0.07799202514982317,0.009286737275803059,0.775973519893739,0
28.840199379752,16.071681393912264,6.470618505665884,0.846355359157722,6.300477825111387,1
19.064863607018395,24.42694477641915,8.139667173773528,0.9665211016926043,11.029428764794616,1
34.088339242640586,13.14662214926832,11.0687734157693,0.745475287860964,5.3093764473134195,1
26.9135486489077,19.038298895518608,6.541450431784871,0.8661134456074033,10.41704812410004,1
23.641759933365496,22.901139793736768,8.561856471175942,0.9480444921389257,12.090137242870318,1
17.017665376965873,16.451823724851273,7.702476921307833,0.9899252157599222,10.577088262500439,1
0.826210252213016,9.874476639246904,1.999427608311828,0.04515644749902407,1.6335138602390562,0
29.062258022901347,24.920029055696077,13.80314762148927,0.887021787447832,10.693773611822827,1
31.150592916055942,21.500634373253515,6.479841473658348,0.955767334570466,12.10884716682319,1
22.971240763612336,24.53237501315168,14.09454610937242,0.9166429706367718,10.333866287653626,1
16.32935471514487,21.696180502151158,10.49322479403174,0.7173223155607521,11.807558929604856,1
4.385452905090944,10.416063140738096,0.29759193881023127,0.13880268151961805,1.9619747563253702,0
41.41174275595071,18.395104301374477,8.0244747828938,0.847425453258567,10.224441454054645,1
41.662936698219404,17.02502658869936,10.112754622007511,0.8476976440003545,10.772790292331312,1
4.472262784121161,9.683968913639905,0.8869116727638082,0.18063509560643384,1.1828135188449762,0
4.780235718059665,9.300711773292605,0.21852842061924282,0.25618859008662664,0.8782996332674966,0
1.4921745618093833,9.360573583049225,0.6237981600085609,0.07681426953148629,0.0615800993208957,0
3.132962555466051,10.38957391009513,0.03823218885952806,0.14305304049534512,1.3754440848611214,0
4.360241692235038,9.790839271259701,1.2650882199316558,0.1933410831363101,1.639595609969455,0
1.3937993620727651,9.316057445800805,1.9148960380761924,0.0026589855340406698,1.9956417113639564,0
49.81270245459993,13.167558005676062,5.023175479048138,0.7132485808533493,8.417824047367617,1
3.702380659767596,9.214275430951258,1.5068558445139382,0.23067683463229227,1.3170810313401098,0
4.422121377509885,10.050051409158156,0.20880825949616288,0.11973005642211691,1.446298972929259,0
29.26400608613508,17.292384358633157,5.660098441402416,0.8046461601908438,6.109980987913149,1
35.19642325616688,21.070831588954583,5.060887482398391,0.7302823599932564,13.68944252279145,1
17.69017263466572,18.508115484915432,12.945155444907487,0.9121259431800095,5.502260114639737,1
39.853851974759735,20.669107473185484,7.111124711661362,0.9590202300571005,9.013060242197122,1
4.64614026815927,9.60765404179135,1.8122220042649941,0.09644871037436459,0.9528739726875832,0
2.744902247208209,9.328910942885814,0.06733835642774544,0.06438842197764084,0.8322428561421846,0
0.6146033923269378,10.332988620398098,1.0061679015596727,0.1348049226118926,1.1717295769070384,0
34.413007181228345,20.282180882051765,10.262784603382027,0.8389518150254025,7.346534417758494,1
4.019792537762601,9.828751451111835,1.0403397846215023,0.04286278840182351,1.5506923008062712,0
29.050597081961776,14.062113878842913,13.819921697216358,0.9471334270303495,12.217215527171792,1
3.743226170631,9.476380192891675,0.00026938600897064013,0.15333874177116893,0.09370381705520625,0
35.77200170415772,23.64444743704025,10.832665178130455,0.8400903999890832,8.403707463057627,1
40.9316419653225,16.111511946480988,6.018923880660135,0.8080701756401283,7.703932863845255,1
4.332739908745435,9.85771374541073,1.8143996431212446,0.2828951450448127,0.8447690443686118,0
28.20613188871175,24.533019414371406,5.89289524525573,0.9061057799509729,9.938140404569287,1
4.650854827192123,10.266373053608728,1.3516954929286729,0.041734754667326256,0.5084627674973912,0
3.331927067891032,10.449071257693015,1.522075580501566,0.2852318123194014,1.405081003069614,0
24.41388110583851,18.180285902050958,11.343397397112042,0.9998398744646892,6.048080649975721,1
48.48799354195002,18.505214894232616,9.327291360197046,0.8373098815477882,7.0888272400516374,1
41.9773216392358,12.03745627165299,13.589566854206295,0.7558069000016997,10.520693646533779,1
44.76218003919634,14.755922711082555,11.573534821701285,0.8416845412488945,13.80156737921485,1
3.9812029778142715,10.131034552392574,0.07187734984310667,0.11842030615344844,1.8616145946329796,0
40.85091103463157,16.10315546892355,11.448326040223138,0.8185392722834509,12.132068832826178,1
35.27113393811527,13.109437374296224,5.430069518669395,0.9000599981652765,13.23309429820718,1
33.055166594931485,15.47870479746363,13.354802257421944,0.7044080165964861,8.79094048671936,1
44.33928758409967,21.22197857213608,14.488459558311304,0.7094265464533819,12.362004250607619,1
33.582818744423285,19.73671177377386,5.099238211278356,0.8392285478360512,14.634992408875883,1
28.917665285721263,21.910017416285203,9.54918889507587,0.7801757889380786,7.1980534882319,1
49.160483814772476,13.632152791914494,5.1694766488958095,0.9310474635271287,13.071555373648826,1
21.360871674831206,17.66159913113848,8.320993653931364,0.8025411116476547,12.390265577879587,1
1.7404779658414404,9.557608942359495,0.0027072514309363083,0.08994015826957076,1.292917483275861,0
4.3962755742319235,10.01337013792539,1.0939265027427763,0.24892893608629346,1.2122931298669595,0
31.029851565125,17.174068808408535,8.029157288331927,0.7197084576863096,7.282353634936991,1
36.11521320002301,18.154211459433863,5.5971648897088935,0.9014926844638089,10.822087597682312,1
47.99535116829393,22.20746406092931,14.913279015642205,0.8633446998400789,14.627683502532062,1
42.192480361452894,14.664755723848614,12.256272002744158,0.8859203714299267,13.960751117945733,1
3.9066092787365254,9.867447599130541,0.29392541917641934,0.24333713098004126,1.271909414327457,0
0.819405118902411,9.964228372200262,1.6197203747211724,0.28421857487593405,0.674680282034047,0
31.44958938552778,23.57183478614819,12.077213502675274,0.7186609678494108,6.473030442789703,1
2.486562230844862,9.345376381065773,0.0891276468973583,0.1246926560057717,0.6038334001550036,0
23.46626529395112,18.5078464250112,11.796203327351078,0.7228717653920693,7.74703815047892,1
41.629902058007346,19.109175332676642,6.803079354227782,0.837579383054152,10.608744633626177,1
30.593957355966182,14.719411050303062,5.499790286596787,0.9530948992155471,14.811925291641158,1
2.636163303769563,9.587787444613618,1.318227528939053,0.03266799419431172,1.2730772935067087,0
49.818675288808286,21.252396474698635,14.81143731791822,0.8708619338701311,7.595417831760903,1
4.596937022863363,9.264143206995891,0.4279140773764738,0.003908870327125125,0.02838009879153436,0
42.74082907009341,23.802684319135054,14.437015928202207,0.9880406813216341,10.21459638721472,1
48.84684384991122,17.106319085521463,13.54221906340868,0.9319267125092399,8.099999371717892,1
37.421531424211054,20.665806227606048,6.626997438085659,0.8695255937358268,12.716269109786076,1
36.10725071596808,22.86030180094764,12.844208580034177,0.813095662577884,10.519903021207211,1
3.171818444358436,9.33311380603998,0.6433399793190973,0.2544126268804452,1.4577228845398937,0
1.2691053907834742,9.36871115895923,0.8055287969245037,0.26839283927329033,0.0008855628744157684,0
25.110972861820798,17.17187613152804,14.195310246560497,0.9979765046268891,5.449112989956158,1
2.4077467013792715,9.953165468489283,0.18144340446986207,0.00978538450246995,0.11540585683179772,0
2.885612930191604,9.535681738950753,1.5750981717175585,0.07530041497869007,1.1281480576670355,0
2.0780194795366773,10.270907501582789,1.8044728069244762,0.263206683661578,1.9487444773585152,0
2.5297895386746583,9.331279174444514,0.0778599266513349,0.010805645487427917,0.3504435442116547,0
38.784247449686795,14.923572818606862,9.313806487740747,0.9157479690833706,10.633246420330467,1
2.5834919261313387,10.138164380635988,0.5649921319457045,0.1059151174800907,1.7881886050665015,0
4.229247752299838,9.60141264370957,1.5262167272026166,0.24694824921265776,1.7777748480072595,0
22.16380381700494,19.684693942360713,6.861358977533479,0.7994694097201581,13.550302016199351,1
37.26148640729889,16.736605099567015,7.952418024896422,0.9638489712184379,9.60002395580799,1
4.054392905039592,10.253738891865774,0.6643820662312092,0.20808541724213855,1.5422456317037732,0
43.86757496972254,18.703572276133894,9.632936532727967,0.7136209844406077,7.900291936489059,1
0.1878554519945369,9.191800201833626,1.5310935010317217,3.490426609842334e-06,0.8331316569645844,0
27.67616891795549,21.400667560473202,7.00560251072983,0.7610735132639082,5.100906066890247,1
23.06458317410725,12.019159687122048,12.293447940879965,0.9900536499397856,7.242934832850451,1
3.2031779640129328,9.623915856872783,1.5181378785167514,0.18288930349707058,1.7920815993144381,0
3.563106665492564,10.225169199758454,0.3632279355132053,0.11128230244732956,1.8038803934983,0
29.201290901527134,14.866349650958384,12.62482884475553,0.8627413010387968,6.496014495269526,1
17.74595357109934,19.078460468350247,12.093208284726096,0.7501963912003181,12.806317174255572,1
1.3442337122642167,9.942651071128498,0.9637349585492332,0.10851307645787418,1.8984172537410244,0
3.572120820356211,10.138507923782896,0.2050319281329489,0.15415633926203032,1.0177811111821118,0
49.034699966403615,17.834577394705878,6.590250037402613,0.7540587262384444,5.982349921890805,1
47.234808238380154,21.029740554292708,12.289810616558164,0.9585072711362035,7.7407158934219105,1
0.2594764975920544,9.213255670055844,0.4267866959513791,0.1995438582715216,0.3146525600036565,0
3.5058493079512987,10.090585142423086,1.1241455888051421,0.2841272001325557,0.9925175057647231,0
2.4125021011768033,9.760008973474118,0.7744745423561918,0.27197166320164884,0.03212372996201229,0
4.194986638590054,9.01712697518111,1.407399559258102,0.2910771329178171,0.8753226562964069,0
34.56432219349209,18.514142443408563,12.061931829633586,0.8602871655681027,10.407345671331042,1
2.523977991522641,10.077680920983825,1.725280942298358,0.05377668357233701,1.6000069635273628,0
4.762335583439234,9.340091073494944,1.758682040353056,0.24263699536906153,1.3543048249153473,0
25.15159361868529,23.328382444481107,11.72702994208898,0.9390044191574116,7.50467898792499,1
47.73539844908647,23.058843387863,14.819056980765392,0.8883980147812294,7.47510073140412,1
16.814252969190516,19.135162646005625,7.876327290436782,0.7920329798566423,8.529585034523565,1
4.674972159193827,9.645810314260785,1.7559689939696697,0.18165142998476294,0.49426310932278383,0
1.42879162296353,9.649150319398894,1.370887766443803,0.0997368471446136,0.11317131229343125,0
1.9072052070665575,10.473074305523944,1.5697236459177604,0.22004602394763115,0.23238191305089195,0
2.0916693205114005,10.126409697544977,0.2027457951063183,0.08335583282691368,0.5526382169317072,0
47.015589023477624,12.149248576741911,9.50116526474811,0.993131269915472,6.031213624080758,1
18.965622665461247,17.246813030700686,12.37884984834606,0.9113663284082336,9.227286368939323,1
2.5985213144724213,9.111063326868521,1.2109653384288093,0.15503698173844746,1.4803227375229262,0
25.061158271403755,20.537828825169242,14.685373316998922,0.8810911601678125,5.769794670649663,1
4.6276110392594045,9.102501157268406,0.8607494993815865,0.20873924329663346,0.9160444233365175,0
3.2425241005934407,9.401103041786312,0.03022136842895007,0.28950461083634155,0.501786091382205,0
30.77402662286196,20.736728503779293,10.835569673248186,0.8577268658677404,7.495243668382487,1
45.3133471764092,24.30753847600414,6.0590580440375765,0.7464485837793159,14.447362587830796,1
47.866998358851546,12.086867679910542,12.72301015165343,0.8875614308591326,8.735548010476819,1
2.0407584543334907,9.023092337536962,1.1658521136085263,0.07593046175388263,0.9005084922857807,0
1.1024184673665205,10.088588865546155,1.2344980416974514,0.22182246894939353,0.4293357279450736,0
18.566258530552787,12.108159248953497,9.335827926326143,0.7277876449154101,12.483843496762313,1
4.0359465939559405,10.291979438722636,1.6345046227336424,0.1538179182785328,0.8767699600615226,0
2.947269947423486,9.919937527331069,1.275376493791871,0.07260662399426317,1.4281054467562535,0
37.88979323189304,22.638804364257386,5.500185768211122,0.9734563879975949,5.295040551452059,1
1.0720324149658227,9.406209492055458,0.4951195405597728,0.01875788872285372,0.9178810331936407,0
1.0767219069127631,9.895643655280079,1.1896064293555793,0.11166011754756577,0.6660697436107967,0
43.17816114734819,22.69878946554298,14.327105081327613,0.8632761898341093,7.002820178676259,1
32.97638662905136,15.293643210775599,14.876595923412518,0.7874487222771168,12.707425309055516,1
4.603833042316786,9.876673364636138,1.0766638865114269,0.08065605431465805,0.7368978398331578,0
45.093834238694654,12.455102892488473,12.873733450051056,0.8234018399497431,13.73722920182225,1
3.5273041514174315,9.641402000555006,0.8850910296294912,0.1947966973730645,1.8725612429378533,0
29.678636408344005,18.501041537530575,12.850977140957076,0.8796536200238316,7.010987274426674,1
32.592093492054566,12.730289005516708,9.91095729383165,0.9781331886575282,6.053932181078052,1
3.564800039294029,9.017238709947174,0.8175545224582641,0.27720806112771984,0.2237612330982477,0
0.35245972821572324,9.278470057351864,1.3284387699779365,0.2645071835530524,1.6282513711823237,0
30.617042734214028,22.47597892403183,5.0796440474545115,0.9773683166130415,9.433065095171752,1
33.74438352078854,16.639517677224433,8.53789158736436,0.9485666793718244,12.892928483196856,1
1.080300581223832,10.213986597427894,1.572715466122963,0.1896649793261847,0.7470403537993751,0
47.939228438678576,23.39215263085005,6.025679625835898,0.8178192229814248,10.533711897497717,1
1.7444503752091178,9.782399094017038,1.5889712672969813,0.26531296410689137,0.689562840145294,0
41.19245487830089,17.709737816246324,11.105467550154245,0.7481096218359229,11.736454174749078,1
3.6096461375783973,9.577205425831655,0.9787528979413405,0.128882577639709,1.481252297788741,0
3.5936980892676513,10.098601573587569,1.029866699826519,0.04840884031661511,0.1671086750213795,0
2.0710046278591516,10.098620797219002,1.7633249646654254,0.036448617326329626,1.269278512974761,0
1.1118065237408514,9.778836856170308,1.2155053661913051,0.07360569424986331,0.11546431845023442,0
24.366027960159762,16.363759829507774,12.49390452801159,0.8715736611551802,14.862466719514014,1
2.0788755176166096,9.643416500145216,1.0818100076761616,0.20892894211083216,1.4042921923636589,0
1.0183356888634243,9.491328247770198,1.0933705101985776,0.1726228161858445,0.044282950945258914,0
0.5769732108945869,9.908456833985117,0.23440781136046684,0.10116197266972561,0.28568392962866374,0
32.92996650352198,13.485715009973733,12.648009724592772,0.9036693175233521,12.729867213055869,1
2.09635830583011,9.027186061568594,1.5855162271456256,0.020713771894379916,0.9485100419539072,0
4.4280988212088666,9.33285069117656,1.4292825498174484,0.2644690364822271,1.4626330394065925,0
2.678282996737893,10.254176554810874,1.6427767258013886,0.25299785033636496,0.9701893199590803,0
1.4275439005925579,9.79736609516249,1.0211235908186762,0.246179627302976,0.8091373128080348,0
2.3315487807008504,9.11354959096468,0.7756521798338625,0.241061297838781,1.8035480570924574,0
22.278472575128646,12.545810575824646,9.792600899145375,0.7545169879684469,12.4308153963138,1
0.33282363957111427,9.972477011178142,0.14821084514973415,0.1126406785399501,1.6076290903868935,0
1.157742179825244,10.413818909515358,0.08567511023822649,0.13391606707895842,0.14000702426613154,0
28.03866458158428,12.893277810411492,8.695741994267731,0.8392715559217674,12.227377522388046,1
27.248072883537393,24.080749229406774,8.79226537180449,0.949410311866591,13.42325504749934,1
0.02656737834172973,10.206741963647733,1.5456191465806748,0.16452574889806879,0.13292665155254424,0
29.9124842169134,19.124420636635122,10.210731905083879,0.8050608973272191,11.774734148234728,1
19.911358136773025,20.725047153935954,11.204737850519706,0.9226759561597262,6.698810060507353,1
1.7348132986727922,9.586132728494455,0.31735774737936984,0.077469305899848,1.2108235150151745,0
3.2706636851393682,10.333691885910016,1.157613509023881,0.18971739729851622,0.31295343200720116,0
29.523992539002737,21.266109790818803,8.862119928170307,0.8765514805476966,6.853727790825115,1
1.0745631851819792,9.63727626430213,1.8156770277670682,0.1521178940216155,0.37584076163064606,0
2.923340450829124,9.200475872115778,0.8877183768426022,0.13523288516590914,1.9169956713354803,0
1.3597301970922437,10.038538383691588,0.5281239693874376,0.2817205438350875,1.2727485630667488,0
2.6436220954921783,10.238876560974045,0.9262294276750229,0.0835372639120719,1.3094181507125982,0
1.3231751346267866,9.992953417190803,1.6298794570810784,0.23340757294339592,1.5217026618615634,0
42.53479192475582,22.057613343643656,12.478385744120718,0.7451824309654822,7.172308864530108,1
1.297882246375246,9.050514605811696,1.7583715452024953,0.07301900496555914,1.114674339146016,0
45.03421379878863,22.189041057224237,9.289849318408905,0.7603195456149835,10.142010400093392,1
4.504804478452339,10.494236510248168,1.6508313282478961,0.25346140432656866,0.4980174722181798,0
39.73932495231894,24.574426637842752,13.266520574606403,0.9709281183629614,14.335710834576481,1
4.033325265134082,10.287034906510844,1.995256594804313,0.07244894557706034,0.08070165371939941,0
1.5905222345173602,10.441739123565247,1.7834217304054918,0.25475370165051126,0.8120236034122212,0
25.947229622362393,20.506446071405357,7.320181803088107,0.7043144338216255,12.643533864364274,1
39.71554757416689,16.016427870885984,6.326445776009532,0.8534907153685232,5.053461608543644,1
3.123070240572658,10.296649870302547,1.1738730131178141,0.1742851139664538,1.9813583141315316,0
3.6650180981417666,10.014188096382435,0.2768709866587886,0.17365205041067777,1.1389689683445077,0
4.640910490569757,10.393709280023193,0.6838105562109806,0.1583032398665085,0.4232717971397224,0
2.2152968116521055,9.741221505956824,1.7220905990066238,0.138350070376173,1.879863583939645,0
16.867179894611418,17.911936453184595,11.747863021674105,0.9032594841651054,8.731226184223836,1
4.625235876715072,9.947465272624337,0.10878149704462237,0.19327701709524345,1.9484953082895122,0
24.635087470815108,14.030685392926085,11.359403268267108,0.8797906348418313,6.7935601028924095,1
16.481979757033436,19.536440042263923,9.529110702676107,0.9846233185449134,5.606049077149098,1
42.26859052385254,19.92606652698401,11.996395696221217,0.9514464924965927,13.028109348245005,1
46.85745622037148,20.30741806589397,14.535350978515089,0.9644846919633994,10.844997955307903,1
1.3850626216298938,10.381961268319463,1.1663816085541951,0.17785205415243305,0.70984932175402,0
39.59240720503801,12.864858906741118,7.307946539265318,0.9747016696784949,11.163144922328964,1
4.414574082593611,9.988568115198348,0.422463662945862,0.2588990494076616,1.7721868706264163,0
28.140438838376944,22.400954616999286,13.845832929211877,0.7375661678550494,7.005529778452665,1
4.486829328954659,9.933945800397987,1.9467652383296423,0.13950285525792827,1.6947758611427475,0
19.477792357912413,16.517592071527353,9.353936461757357,0.8187884766242814,11.693086091618792,1
47.8287831001863,13.10634531955721,8.855975925133333,0.7213104667132006,7.107931015500286,1
31.623283784231187,12.71789276965937,14.423834540022769,0.7224463615584918,9.384567152505781,1
49.05768792693044,21.870802589940155,14.67761465269562,0.8319221459523726,7.783684816626566,1
22.254554267368366,20.1975522405802,7.197067903914004,0.7061562444187975,13.266183455024887,1
27.43619119658607,20.761924705894494,5.625648422194516,0.7631520818996028,13.090236402916764,1
3.88401666069944,9.114719933248969,1.9734582030016974,0.08140978906170317,0.19716585404482467,0
1.512097556392682,9.845112546725781,1.6076097809669503,0.041144546445822945,1.16139816910857,0
25.626837835034408,16.05196777069554,5.031409060481221,0.7522730204936139,13.754056251218342,1
2.2979202860681154,9.45969520206423,1.6447624223707087,0.01709361809921048,0.8372145498366599,0
0.9536299379544733,9.520593552749093,1.0944750408412862,0.2975318642937748,1.3284034261435713,0
25.985642385286468,18.994295169730737,13.401080784391999,0.996835339289517,13.895193110437631,1
15.553811019888728,18.795881840304308,9.708673562231768,0.8968165065927112,10.59578854465342,1
44.33806473786302,16.698249127873424,13.597946748116456,0.8220414402855171,8.282331056783395,1
29.565087867421234,18.680059549495773,14.032980143757106,0.966965117942046,13.178563056550296,1
34.870456127586905,19.531088066605193,9.896244620502447,0.8934235745730456,7.2982672579761845,1
4.661613791144388,10.112403929177677,0.558831768352144,0.039496076637977516,1.709406900186395,0
1.393215315575182,9.328064700485374,0.3656755597376342,0.2477132854682001,0.5714151353217807,0
2.883070035648589,9.838148916936596,0.7423390320390628,0.23569293105873818,0.505596888031546,0
27.858675504397468,13.131223837936254,10.56784910928188,0.9535362554488105,12.959263871435024,1
49.598257679840636,12.328085496027434,7.526460306212867,0.8560222183333451,10.219530034785638,1
1.316236732590056,9.000980086141949,1.7413380682510353,0.2377784439627404,1.254657870181356,0
1.16027869850578,9.398055167402964,1.1086749486806897,0.059851594478882525,0.5878982020337951,0
47.22588776199224,12.520768547659028,7.914609134937939,0.762262280861711,7.381466536656963,1
2.949739414009044,9.009652817245193,1.545032572158808,0.21074650247654064,1.230507306564828,0
30.04948249423709,19.75983897710653,14.995577032504386,0.9308346682246141,8.978657030174272,1
31.649073630383555,20.767195473581758,12.62893335554364,0.7136357501307388,11.46600443948662,1
3.075645702705999,10.365908575821633,1.0197080191009154,0.1503826933877188,0.10048601964596426,0
24.74647551246433,23.088765939297687,14.283835056363074,0.9989194881037167,12.960074024272833,1
2.2451938396506295,9.356217835128387,0.0992287466776749,0.21737948605428867,0.22318599991449495,0
0.9456955001149231,10.383551227005155,1.391249304708116,0.18323121920551158,0.39968254256387903,0
3.7538482460552784,9.188229445198726,1.5455428393301582,0.07107999747199459,1.3547862597777456,0
4.1753297272751,10.391032770879445,0.7317716191137609,0.0954148717652756,1.4988520119616173,0
2.623678188307161,10.162866077752424,0.4688512000230294,0.10352512365397011,0.06020774442263788,0
1.4688795308719538,9.06224875077462,1.274189401648885,0.17918772610604078,1.3067669969573612,0
26.114239509015597,23.025420055203192,14.471614629002477,0.9654565353088014,12.390669759393726,1
46.95258516711415,16.41701314988497,9.556191564372515,0.9034341492862626,10.43021430866764,1
36.79413393324291,24.871414999129257,8.118794357637253,0.8019915591379744,5.789394029465555,1
4.247671077439507,9.13348457228452,1.9833921467449036,0.16230086967829874,1.969691487934188,0
28.037812604371304,24.072197307500122,5.618084606892227,0.7277081584334135,6.627909892062293,1
24.553249815602072,16.438528504855878,9.487788039946148,0.9739698041264369,6.893934178848461,1
31.483608835215673,20.60487722428115,12.511771369540428,0.9261604248129739,10.778911126940883,1
1.4713336831855717,9.17219539087692,1.8830658205688822,0.23526185230958005,0.9247823538250814,0
3.3176179695672614,9.616796233323818,0.8048125185986235,0.2653760664688841,1.7911256962636775,0
1.4753617463215467,9.448285702888546,0.21411435710837212,0.1320174139528196,1.4594238129948445,0
1.7105381043179702,9.644936429669732,1.6618983421101368,0.03596732804181363,1.4698516947897884,0
0.5846176776269574,10.023229742342453,1.899799336492152,0.041126837423626945,1.4677662616050826,0
0.8220276453943937,9.174874611833545,1.0933913641442603,0.270723909985831,0.6879153731153711,0
0.07588441143413449,9.872125658373031,0.2117064717558177,0.2619058182089148,1.0462860413943305,0
46.443526330441216,17.193744199630153,8.267947058577773,0.7032433250905589,13.265510741914643,1
3.8999416345527216,9.148105810324,0.1513222078082217,0.10846241962621157,0.18433591694486462,0
22.51435606121744,12.874044341177296,10.948473795019096,0.9216600031399098,5.32443446047187,1
45.22130056195122,14.899806800055838,13.731088427642277,0.9368476895272158,12.481608263876856,1
47.841050502796065,22.64362298329266,14.835672065136631,0.7779012516851241,14.69723632797977,1
1.2003537024378326,9.216463801082405,0.23140263636060432,0.008175003585244534,1.0471729704429058,0
22.9282569112637,19.981613982228026,7.528581182501112,0.8732895263033268,8.592087469826904,1
3.725897476848072,9.114659791559172,1.7917683623853191,0.2381788157579894,0.3166078002112287,0
1.64089741398806,9.313589060560268,0.16937668375061365,0.1400079362653225,0.9642641978396838,0
34.7990860249352,14.374740995115687,6.395988673598001,0.8729417312673262,12.61883611862444,1
2.2956201164334047,9.454928836273924,1.8651097568386241,0.03559312972247409,1.86749884600294,0
2.103806008829629,9.902523246027444,1.874217889839354,0.09354064108673059,0.49954432489303957,0
3.2820480175032847,10.456726361052429,1.1243776221290502,0.21442598293318374,0.13690090513203357,0
23.36998909020831,18.659904509532048,12.735721017307203,0.7132121138165393,11.933351537347066,1
1.7733310249254142,9.825995069161277,0.8064155122665044,0.2500932031425517,1.6293420094199784,0
2.190883583331776,10.348890538387035,1.9245228932183134,0.13323457394889968,1.5000568242843824,0
38.65380237864258,20.556077715868454,5.70108139641257,0.8185777946293473,6.817788672173619,1
0.14577593011044498,10.36087341653461,0.31256741909955243,0.06602660306141596,1.0365523528952927,0
34.49641796462623,15.007948272899025,10.024272871663765,0.9194459079109347,14.581180089194337,1
4.182492453090168,9.075321647535683,0.9292263376179417,0.11388502933550107,0.6331735198173023,0
29.112372161433797,21.78117246994924,10.312940183509319,0.9032314213684883,9.284579038487955,1
30.536634131196905,23.61672962385171,11.580549838612207,0.7024177310026359,14.43174822961285,1
2.156508531705073,9.568560728074553,1.8301214650344448,0.07535078026452038,1.6884246505722862,0
34.16150214518115,15.566999867633637,14.015830052870676,0.7645613439199578,13.843551504557535,1
1.3599930267217801,9.009568565109886,1.9567095741137133,0.28972416294592424,0.7903105949446101,0
1.0544311384039406,10.285787485589383,1.64085364051804,0.1321720584036922,0.2648092269929092,0
42.41542940346167,15.457069858217544,14.903323037936483,0.7077308796293053,11.035288065011208,1
2.2982540982978623,9.646475852881233,0.6089850654979017,0.05942865501608687,0.13138423297931845,0
1.1133803956154247,9.460824625531906,1.0929170834562487,0.12515802556937294,0.3204512019530126,0
2.827099838038712,9.663378414779338,1.5944221451575256,0.21726976428358477,1.380811443822144,0
18.508594730300683,12.215702248223772,11.617186826439566,0.8807348325899763,6.630191138148862,1
1.174971387673458,10.245226474496878,1.8965030755801586,0.09138070673225714,0.5290316079776765,0
45.39433333814269,24.044029373430405,9.196273828068104,0.7151867416807222,5.393918336928194,1
0.0484344137048387,10.286932636372585,1.4623146889098344,0.28402681055211093,1.5632309583927981,0
1.532164113516858,9.060387004513847,1.1767044419663066,0.1193053243299164,1.947600826714299,0
17.165999558816633,18.959783235361463,10.660716464481652,0.9254358833378031,6.319653196239617,1
2.749342813881026,9.075859655736343,0.8522424759044616,0.24970906189829847,1.6112976107266839,0
1.5877728993475086,9.389082601114794,0.1751825948118928,0.026974873457910685,0.38649883046833633,0
26.81089976374801,23.31894992094671,5.835249146800187,0.7633377827674112,12.524683375864942,1
4.353169407417453,10.138630398833458,1.45505846045019,0.14531735568025478,1.3876111139348235,0
20.64785754359341,19.435946417686708,13.054323292999863,0.9280482789370477,6.538999046937737,1
40.68668819506543,16.505263877615118,9.077157706652253,0.7376696735911754,6.712949578216704,1
16.21354464791232,17.09483731827082,11.971636921379805,0.7580306028869448,11.415044812562517,1
1.7240880387308488,9.505966431226842,0.6238238110734105,0.03663345477728638,0.22227429466402482,0
23.418605481305207,20.74098996279215,13.260646845482855,0.9019276392733651,13.243504472493495,1
16.58531252645771,20.53301617200197,10.351523336803503,0.7246071055634412,5.349392464059885,1
17.843037218233544,24.903563341340924,6.562015079305993,0.9965262981890444,14.772799325664472,1
27.31317522436234,21.901786390777616,10.070824240602667,0.8913705623658884,14.851745550906747,1
36.67864892782757,17.345476186303383,9.27486454090268,0.7990854002506252,10.64231816684536,1
37.5701427985243,12.305922427383283,9.29622863896844,0.783681422822043,6.291744452431104,1
3.8975835071203173,9.024300596009201,1.6367608495590704,0.012041657725609955,1.779826752725725,0
21.825314315351555,20.47720980446146,12.809193563860905,0.9374390622668557,11.024698307034551,1
18.599490725511686,13.637417552931657,14.791515551006157,0.9021516694810013,13.468872244289528,1
20.312139344788573,23.564496038296397,14.439282834764578,0.9297487117704729,5.054049236726699,1
30.01718292559331,15.58699502694711,12.685813309132019,0.7678817290009559,11.923543061544141,1
26.3336851215851,20.594828819573053,11.522353531324407,0.7753240310995503,11.504252488238643,1
3.029984836355127,10.274169609338603,0.08999364247084873,0.22024537771249386,0.6826372919001042,0
35.794965196476014,17.347869428363662,6.263864224056671,0.708353172273224,11.227322822928333,1
1.2929579556739201,9.04177836123161,1.262750652096502,0.12791950704048674,1.096290405456044,0
32.24096518276349,20.23435262314765,13.05525913576057,0.8193652526671069,13.059789008675837,1
2.884406006556042,9.845879350133435,1.0005570704155207,0.020818225771255017,0.17975370347232134,0
19.461998804908617,22.40268251988653,13.63009046067227,0.7452062461002501,13.51594319304219,1
1.4667671072050492,9.78820546103384,1.39566557101034,0.2700792333606211,1.5843823896033522,0
4.187654170380278,9.921728666267446,1.1623908474419131,0.07609066665421148,1.5126685391657733,0
22.626198286936038,20.603849606481976,11.33711599765529,0.8780384148114171,5.162434432094537,1
38.96191679927382,23.73517163578963,13.372630071385087,0.7382108420343643,6.262711371077319,1
0.47209448830240475,10.247277499668336,1.836795084163116,0.19493641402928988,0.20686822972096675,0
37.57160168523246,15.747270503175791,7.987828710542516,0.9673600219190808,5.136340239058215,1
1.7829808799310283,9.381721997427391,0.02579493957905088,0.1620898220284499,1.7023014708519635,0
4.118032103990947,10.348181834606022,1.106223942116743,0.24367743629710256,0.7680852767822008,0
36.24973483092519,17.05344252239511,7.402991234503667,0.7284895825685129,8.149184445888958,1
0.4051930523252839,10.244584299482437,1.9535887456551724,0.12141751914889759,0.17529967238930655,0
49.844911517174076,19.575287841480858,13.124738210441716,0.7980823073010026,8.05743957447291,1
2.4451788765381,10.289334595376905,1.1846027421241914,0.2083961318430526,0.7293413524686732,0
19.491405176606758,19.520402606981293,11.93422128056309,0.9101834489183355,12.534721106595967,1
29.90781979634288,24.930894147554334,5.925004379389637,0.9341043588220476,11.737017335421564,1
1.422706928384669,9.664550559506429,1.2342118888573126,0.2549877991509616,0.3924914334123313,0
34.286783365322634,18.806326533888125,7.822624704129328,0.7894226951574468,7.778451632065655,1
0.430160785164716,9.085540371005429,0.21096685492207135,0.17567630516178376,1.0886897752686422,0
16.68323086442124,15.843645510531049,14.32544589352451,0.8569639164912625,7.717865160801292,1
23.83091744743905,16.001021768810936,11.136379029893838,0.969380588033121,13.099244203028993,1
0.6784415889613965,10.3404528800192,0.1492768621588576,0.2723206299532538,1.9931313125779648,0
39.560839585704,19.234040285534686,8.586215819535914,0.9734017570235892,5.209341178267333,1
47.34377005689478,24.67733968768161,13.332043565966744,0.7909052520946089,14.665475165520824,1
28.857802916858244,21.831299288491646,9.541836627367061,0.8236839183494996,14.347299154883009,1
3.95007420779941,9.476973827010502,1.1594623322683841,0.10368749807292045,1.6315388092702143,0
1.6965263365478371,9.758897481479337,0.3238460132644274,0.19743066541694762,1.9954987780204012,0
18.994898925837123,24.233627380498902,13.726550721760555,0.8356259790434097,14.858053208502058,1
28.554604399869447,20.575973548096165,9.420334209311235,0.8944700406423538,5.614462901307875,1
2.0748021803984025,10.09573871622345,0.2707108699465681,0.05929176617733904,0.3610364567848472,0
3.0090336697272364,9.87260497113178,0.8029235581780865,0.10142532280987841,0.2536480451008376,0
3.3781065479912167,9.057129450898978,1.2399371297483284,0.20945952920294994,0.42983306277343836,0
2.976148663597008,10.307869591920758,1.1539632248353637,0.10364425611703372,1.606023763052641,0
33.548961935749716,20.81909451153917,10.927709408701848,0.744508101186855,6.720860324526265,1
0.7173472850901003,9.227168282903037,0.8655429686836378,0.17870394724845887,0.1612308103392035,0
26.16932214371619,18.10889983643674,10.02490876826932,0.7602312924270036,8.150103723767316,1
37.053259440158214,22.772487779537762,12.834695600492676,0.7831207749140199,14.408801695592043,1
1.6154985083316864,10.481624308648783,0.6513696041279065,0.11824081403478844,1.2066683924240695,0
29.189798879870423,18.71168288956976,10.806452259096341,0.9807811744745678,11.722506872941947,1
0.7457041296986872,10.17888791431337,1.235863119692596,0.10255418564942761,1.7477499110420367,0
43.503537274406646,15.644351783168363,6.321796577538717,0.8319566919141504,11.439565794476135,1
0.5822946524085626,9.190644360327658,0.37856729183201887,0.13779943224016283,1.5042573990871424,0
30.490207107648537,12.62871524363415,13.204875844802748,0.947902243285056,10.880004634296284,1
2.5177349075594306,9.102163537085284,0.4363486591865464,0.28061344839213515,0.932232585316978,0
2.9928149660887997,9.621211602323498,1.9158917198522751,0.1623341474636534,1.2101790370810768,0
15.501581705345044,18.218361261717227,5.210211067262172,0.9458828659197399,13.248537674871036,1
3.8184613467516026,9.785102056383012,0.4535452506392914,0.19995659300791047,0.1602114532192045,0
0.06170523030187003,9.214441316401128,1.4845870763405256,0.0732484826148459,1.1960182346574992,0
28.922770432518437,18.652196812491113,9.832942849663251,0.8148352301209121,13.391466080707525,1
31.605221276725725,12.095343960870343,5.258093928631817,0.8659871918869,10.20449404165286,1
4.390167564222285,9.83681051349011,1.9195820408097004,0.01460845451997893,0.19601536956148213,0
43.781868900989664,23.735929243538614,10.248999867258384,0.835357957435217,8.303914736656164,1
44.47578818276334,15.85596226804221,5.77187530226468,0.7509661219657171,6.269444137549726,1
41.48653315864249,20.847256103128316,6.660748523335137,0.7177317462626963,11.907263151132632,1
4.744903335235007,9.213834832549674,0.7642789496651385,0.16641954098470627,0.15351612377747603,0
20.94554080415667,12.720406549749178,8.311464891641497,0.9297914724565537,9.136786789852604,1
15.84017656957111,16.359830880827012,6.770822553972899,0.7295272567304106,14.567204338893498,1
34.245246242753936,24.521067351845865,6.147535994138354,0.8471225557556539,6.695040918660586,1
21.266107310455432,22.367682588854315,11.77545805183776,0.864078662795643,9.75089872866768,1
3.908162790266236,9.655577282763282,1.2554908297946727,0.1942373822236638,1.6875100879745872,0
1.2033525737857653,10.311461001205622,1.6612455208635826,0.06739721929252998,0.7986651603984452,0
3.6984144888155406,9.918413648540808,0.033351626979678306,0.05843204930616775,1.620936434430932,0
29.7003851503482,19.51867692051502,13.326117733261311,0.9412496694951652,13.664231835397002,1
4.785984817596173,10.33520708017037,1.3045502217981004,0.1378933792157212,1.3515225857904476,0
33.18640865310526,24.95484201438205,6.352173137128547,0.9026368136009276,8.960009663856152,1
15.38774934080084,21.492254893038798,10.717893159359804,0.830215652824287,6.275701745713709,1
1.0415769500425898,9.533159006046093,1.3384380598497334,0.14514076195819417,0.836779066756667,0
47.85326846526803,16.54810699435111,7.438019377101796,0.8967709939295199,6.98814060937403,1
2.8514346936569526,9.315160789368528,1.4845427845045736,0.00755972844632089,0.7096637110863253,0
16.516034563900917,21.09141306128436,8.305610023062908,0.923421018348763,9.124030604678662,1
3.675125930949117,9.915161883054353,0.976355350621628,0.03995463770025702,0.5226660357707675,0
0.30464360860359974,10.041026121158612,0.3655023319748718,0.09571352229967195,0.8310281261241319,0
1.4281299428112155,10.101912451065802,0.04789253054096698,0.17544834339173726,1.8829484750121308,0
2.8692529898751333,9.09135289964924,0.06186176278713207,0.21432423044114932,0.723294189682089,0
33.248195751580944,23.655470560097132,6.96294302311067,0.7067693535116041,13.61664884699101,1
2.9404681880272348,9.474116525764897,1.253936869057433,0.24251846469120686,1.2232928387799848,0
46.956451341144955,19.437598528388683,6.807851505623796,0.7806392845090594,6.986445768974058,1
1.9236628825372248,9.65399277085588,1.1880989311336223,0.17689604854546429,0.13475374304385146,0
0.4078746280568296,9.13168235558724,0.3436589207153169,0.15542324941210342,0.42798935739662713,0
15.5113148988109,16.684881400721217,11.048394293625812,0.8162353887767616,13.63479894912813,1
3.9932789017831825,10.39912940859047,0.040275697898579654,0.046135111653964854,1.772342588111986,0
3.3128395886939255,10.211576729972219,1.7718279909948498,0.24482371270300538,0.03789080674870915,0
3.600787304654701,9.430831813807727,1.7595048045886872,0.014766274362228481,0.4621617057489924,0
0.6881486719918067,9.001394125304941,1.8064472546894146,0.007385395152371577,0.4189115390190221,0
3.374466015270774,9.358599576112544,1.516080842022433,0.22800166348862955,0.6251960498166003,0
47.60942907884091,20.064826277608375,13.037552360117626,0.7251174813536044,8.859395109369274,1
42.36618195489114,21.956162370501644,11.916556518665416,0.9896916925800401,8.935553361063155,1
0.9122902032624502,10.447814457818602,0.8563678797343457,0.18960576252673092,1.4522225186892739,0
1.560948682845647,9.641199792250033,1.2904371516893278,0.22356442280725036,0.46444938180268625,0
0.0340734895006406,9.785110777601208,1.8430267838148358,0.2436232833026037,1.6504227425192621,0
3.7563946218688344,10.345492934046616,1.6922484210604631,0.054844016561767774,1.9125837630267226,0
0.12784899544867334,10.181955200386398,1.806496210190261,0.0802245835416323,1.6247814483723018,0
26.092991761854847,22.51474220539189,13.754886503958964,0.7907398952384409,13.586981212445739,1
3.925418286198785,9.410547686517557,1.8236372573721833,0.029252307739162573,1.7066584331175756,0
26.606589718774188,18.507531126600806,11.457250433510536,0.853171122618551,6.199529417309698,1
17.228966862588084,14.302652874577301,5.051396275855603,0.833622856331736,5.842553774179713,1
38.1809808555752,21.773726897436855,13.119462346378834,0.983724910667779,8.129195480288226,1
4.0162245233240315,10.479844671171616,1.19567997369137,0.024589720393098657,1.293674457852762,0
4.365215735076017,9.253287695055592,0.10726958304166168,0.21523949718357363,0.9509514304654674,0
18.085325534782555,14.528955431190294,13.205521392557188,0.9029933904459542,11.360473423391266,1
3.6019199929322285,9.76667045773425,1.2086259644806396,0.13826950146197456,1.6574179676360128,0
47.637112325643066,24.140257257001235,9.022237348471123,0.8406369641520373,12.056353963689816,1
1.814914202019358,10.31891933423551,1.450743200469715,0.03377713995875834,0.8155560688123253,0
26.41377483794007,12.92190747334373,8.497960618075918,0.9587489522204755,7.3307281189083495,1
1.2439589436958853,10.413087329232892,0.5965449084682455,0.2326515890156998,0.7862435964141583,0
49.8415953321385,23.84969143625606,7.215172721131058,0.7168486029709938,7.556390937953616,1
27.043206624730473,18.76706988496316,9.406648834242937,0.9639743880181044,10.055207917234902,1
2.079306697039738,9.09469486381195,0.7935101129110587,0.14220187978453352,0.9025332281462288,0
2.976831850784363,9.622718480989118,0.8443844677613561,0.23551917631392935,0.3914252801992981,0
44.86348642189911,20.75610551570808,6.373617459686742,0.7830609908476036,5.460630636819774,1
32.950615980684375,16.171109055747966,10.960501157609503,0.9987203356153969,9.352622796565537,1
15.057531498935738,16.89339451276902,10.707614809590734,0.8436114573896567,13.62076142576597,1
15.007946337638943,23.895019990717856,13.43879411230929,0.9226876694460842,6.678145956460286,1
40.65007155661408,23.390502217504228,12.227846006215213,0.7695523875144179,12.055627116496911,1
32.93374872562373,16.53481479696219,8.748249243499977,0.8863991872467122,12.187181132622023,1
3.74689508362078,10.376761324640329,0.21605791498315852,0.06979099151603248,1.500521588174631,0
16.36352462219625,17.093541630023232,13.024017844513242,0.8023733349273161,9.441834068783665,1
4.075360503379034,10.316178189904754,1.5463670025175165,0.2014763228816778,0.0634449836320623,0
31.125676008458587,24.854927036947622,9.832320758754351,0.9960687836164892,12.545693612057367,1
42.38750505331028,23.524532846344734,8.98642494213064,0.9588767180532967,7.670750074563324,1
27.095285505478458,12.090769404444526,9.034809690269995,0.7704263265174913,13.188692705204716,1
46.644737340236674,12.892432659922338,14.918891959474918,0.9854190585937319,6.370209100363207,1
17.386531691791195,14.432615515336522,10.555495698856198,0.7874083218513233,9.17394782329148,1
30.352662508611918,24.70745135671561,13.078656456839813,0.9212229832935839,10.370413147419743,1
4.767014396910475,9.090340417350447,0.5953005551365609,0.08941986035100125,0.6408025722804298,0
4.2215743207619125,10.373711375026009,1.4358653818802036,0.08508237702514088,0.6525643031378929,0
46.83003262900568,14.471673962143175,13.212501545597043,0.8633892613321408,5.778565196087696,1
2.3826323541611867,10.106820622753114,0.2780044103981554,0.13202132251994952,0.9657025488202096,0
32.91231597993182,22.002753532480238,14.347955174927833,0.9727606408619461,13.196248695476449,1
4.903969027072924,9.908889293121371,1.0074167741681415,0.2635247589134885,1.9050335793691973,0
34.059436362913644,14.078436923763737,11.912466637859893,0.7502699617913519,8.103084821045474,1
4.149106323586425,9.982088022747664,0.8224081344237082,0.19900876020440442,0.23644482414491974,0
18.06062756299599,16.90572129835646,9.13516530289959,0.7119434318337261,7.7398809946997185,1
1.3045928982508403,10.454423908356507,1.4694171405300513,0.20987895990705846,1.7058527677091626,0
4.738898489846149,9.211798595305778,1.5270316873364245,0.03260476181240762,1.9625151547825537,0
2.3887106319976796,9.717238385333767,1.535939956123663,0.18856992019418495,1.2665264032188208,0
4.690320697840656,10.37647091685665,1.7749378804257647,0.18763003504997802,1.6165364224325565,0
4.101620440736005,9.842795684714277,1.3428121452874737,0.2778924830763588,1.2383360884861168,0
35.876347639474034,22.58699096869806,8.821234944599732,0.7396806145295445,6.96688197312823,1
3.288826916363,9.846593070508485,1.8659132510564547,0.17595353431123462,1.052165036834806,0
43.83991781579924,14.653139595024884,9.690407475181539,0.940281616462429,6.801586477326192,1
33.10527187532886,17.370396170452874,6.993454894711832,0.8237099461824043,5.722769475731766,1
26.063545904143968,12.724631096636742,11.09812761548117,0.7722411448219519,8.8680724205188,1
2.7274517024741787,9.31058562507455,1.087946222569935,0.06947970742916967,1.6978477389521456,0
31.9351076602509,13.602216955723168,8.076790894779485,0.9778178679454796,6.6169455327398685,1
35.354747155329605,21.291043778064545,7.402194332083855,0.8331314017276735,7.823679190426562,1
33.709572670470806,14.5409540047892,6.6622936205165875,0.9749467453346543,8.27838198850034,1
4.451183108978855,9.172359515042865,0.007674291015601797,0.15060245932175464,1.1662556469057386,0
4.404475802723763,9.074408862524225,0.5141253843784175,0.13951090026627297,0.45395707894304205,0
0.4355464473071702,9.731076662508064,1.382832115026304,0.07852533004034473,1.2484814739950363,0
32.11669401572492,16.571448340444768,14.095484730121385,0.8706866449845552,12.621745871816447,1
1.5609594189319398,10.087666739899975,1.5926013268302643,0.2498812176955983,1.9715364991714823,0
47.9347312901053,20.10173484988409,12.416272874518889,0.9415291936123404,13.450396488966426,1
30.608444078223563,12.260301986518439,5.625069415104108,0.8162399391465269,10.83421519018435,1
1.7849121473433194,9.952116211656044,0.37283960970794916,0.22481083099348706,1.0913919376260517,0
35.875188411898094,18.300963720171996,5.268676540449353,0.8141445656479107,6.061255854909955,1
40.02937569359108,24.44275282301735,9.271050453603433,0.8425301022075161,13.979552161850192,1
33.747207520565105,20.037780383812244,11.806723732257371,0.900019458957277,10.109707430450621,1
15.033019534367089,12.510445671432583,14.772838231769294,0.7727061085410286,11.63310709504002,1
19.84288703108665,21.596187516978965,13.56964414776239,0.9816143906122106,9.923623035196258,1
41.94113179999805,24.680334779901685,10.7356328002671,0.8024923338071805,11.484645569002371,1
32.40388603068073,14.319409255325445,6.0815501457335674,0.9526320587450534,11.14133176187518,1
1.9681776013872105,9.710153489062533,1.7090947864043606,0.10200131581796763,1.7392993696243426,0
0.42132183077925545,9.534139627749633,1.3607688275250442,0.0822361091457602,1.6553503895625437,0
3.5330206449710886,9.803021652092486,1.270646693416642,0.05894609008686334,0.42349172410483904,0
3.7400803834970118,10.254796336141355,1.408670631914361,0.2785790644591915,1.4774870192318605,0
4.765600571970689,10.078867800863748,1.8603304057251,0.1582763919816497,0.5178085495862792,0
4.108207848894777,9.152069763704795,1.5837826475914585,0.2434716013054644,0.9645480001630871,0
3.0029159849356803,9.24938299552455,0.7594748096432975,0.18515826813509,1.9396377292675695,0
0.620536838568887,9.182122358257459,1.4422647147136474,0.055135399532370344,0.6567709992332107,0
3.1168978297995356,9.9037037556859,0.9795717359764815,0.15859698119678267,0.6688850542362081,0
3.640061288980987,10.219721482751977,0.5149579522874497,0.232325848381891,0.7711071288026277,0
3.2915371975303094,9.656575237400311,0.5535082639026172,0.16745135516713222,0.6940046708243999,0
4.4670236454399355,9.581751404356641,0.5757593561393617,0.21740887627854735,1.6728311931597133,0
2.373845030218256,9.5044850914055,1.8410717702051094,0.0036009081818047625,1.1056297514366982,0
17.208722919044117,16.219919190632098,11.72755986246924,0.8011800688162679,6.795997814400959,1
1.1830489135375366,9.725247127660205,0.8582989839166437,0.02246875260059512,0.21232070709493445,0
44.598357218457,13.485082801688145,7.553533502289015,0.9483929390506755,8.779940386261531,1
35.188277187338954,13.549735756927454,5.364610508256185,0.7158231856486652,13.341641082084413,1
3.5953781025540588,9.821276826089992,1.8875562227367382,0.07526709496023143,0.2011254641668887,0
0.19961266281875611,9.673617771202315,1.1552261612742674,0.17127211612564344,0.6648533843487303,0
36.60268540480604,23.502503311398463,7.313576422594091,0.8212724926321118,14.932651964297465,1
48.95260598333474,23.245924291880122,11.007921493396191,0.9102597091731639,7.852058026804141,1
3.425872566388903,9.43506604226698,0.4029278421070659,0.07956256109904873,0.33951840278565304,0
47.36246268950228,12.730915833062639,9.856342984133404,0.9738402401223585,11.10363007818157,1
17.235791860081598,16.12605505036251,7.203190986219675,0.854591556398313,6.023670845832093,1
0.4978985677001446,9.024042234682685,1.9273703773740982,0.11309585018605249,1.2064261241990086,0
15.369289285756645,17.12317198606854,13.509518994068001,0.8037576573925808,5.3521517352552355,1
41.82215245866283,17.283414975462243,13.798377479414679,0.8946048860072093,13.992489182892026,1
1.3577522758874283,9.474322683844996,1.6899417072802028,0.1428967056620713,1.3395089024364957,0
38.67394291185021,15.91256215521108,6.8404477205021355,0.9269353263966735,9.741579458790797,1
3.4789748347037275,10.41631325751916,1.9910219360317327,0.1350830431324772,0.505060779272889,0
4.9232723879541975,9.313646046884422,0.2607062600865311,0.06106046216606892,1.5381222663194485,0
44.35131106368868,22.511416943916075,8.179046737732836,0.7026331635843788,8.821329088259878,1
45.98336075476478,13.127185378743324,10.383631021010228,0.9739689058837812,8.879727543978863,1
19.226132256383803,24.700552099646096,6.869314294414469,0.8335822074294114,9.881175434337349,1
27.719137619979946,24.19635524282139,7.755667763091784,0.7996517566185197,12.008084180017402,1
47.32826931423784,24.967735705244774,5.324510767906757,0.7706764684734032,8.103071157916975,1
1.9361157060510348,9.424148185590148,0.6089808487080608,0.29488406386641025,1.2855548269598558,0
26.858455756169686,17.266931197819286,7.390145346659434,0.8886618690964526,11.40380746644241,1
0.9032877065565159,10.42152926559642,0.43754341682175935,0.09786615209427946,1.512384468213561,0
32.12295391624717,13.733478075112815,7.4254427658297075,0.7875080352164758,14.24309567052558,1
25.497528911557318,18.166012643289594,6.6802005219267855,0.8064391868969165,8.999830182935685,1
4.327856100473823,9.865824109513426,1.3480757348499135,0.004998141373264797,0.6778895506968974,0
2.0966734020964415,10.051646381046405,0.8214630869820241,0.15139118639323046,0.01470608910885396,0
19.587052078150162,22.36612665280112,10.079486919064083,0.9250992327459868,8.107153283114474,1
2.509727025659209,10.364895237239578,1.4345237517315128,0.17462103933726705,1.595609362682145,0
2.217816727492514,10.408315462713409,0.5898916480846841,0.14263908185073612,1.513855318682883,0
0.41611533104036147,10.294439434969528,0.9611198816725361,0.020626171926746237,1.099434510326622,0
40.44069171489201,23.362177727013304,7.2071258594441865,0.7475344111569717,5.62205091525691,1
4.859226506627423,9.7689228661548,0.581753708463165,0.1408220525967774,1.715715567034978,0
36.52726204502339,14.28373729942684,10.131898917098297,0.9146143051535965,14.732608830304917,1
22.961856129273897,14.16040499492674,8.32729476510379,0.9819773118657127,8.430267125900244,1
30.98557075100441,16.27999799943813,5.524817100997276,0.8350708860017851,7.547487073367188,1
4.918557916045759,9.07526302547996,0.19338911957513427,0.21613702243882685,0.563650006590944,0
3.829342128312658,9.118819725012557,0.09411675892003779,0.005834415110424351,0.3775880555468889,0
36.2063885312819,17.568573407395,5.271066523362331,0.9350504507763726,5.105132245416534,1
36.332706185174416,19.389615406296542,12.919930334057097,0.9960062834851072,7.508734717161105,1
4.437122676851802,10.340900266004986,0.671632729283069,0.18452092620440938,1.8538151242917282,0
47.58495168994044,12.656596100976484,10.473047441146843,0.9671322844003257,7.627209435613028,1
2.8991478802386252,9.42382540127796,0.5580165806955932,0.12149057621285653,1.997585871631309,0
4.10295894662074,9.58840056228532,0.8951037102121238,0.21900051632425843,0.7155095265874285,0
1.29396204182262,9.474685696311624,0.17393404051186612,0.09096593515327515,1.9331168787610882,0
1.9645466780244663,9.388066421123451,0.6943843351244239,0.23825470359515505,1.2504322500628764,0
4.741847763944595,9.136988601500336,0.32289537206584207,0.2882238908314066,1.0750802872806926,0
0.12020618683218909,9.801209544203546,1.3766768230931297,0.2246095435317465,0.42628423862787335,0
25.062891978431566,18.99686132429018,10.33323547859605,0.8216935778341712,6.691618938424202,1
19.522833003596226,12.750634033071467,13.45012237155776,0.7177150433374816,7.716641913636555,1
39.323954659251655,18.697171369025654,14.902851705849413,0.8834024968743178,8.709737125921691,1
43.601686775432434,12.177601911117922,13.957263555151146,0.7086832950230101,7.396457849575566,1
31.94605612571926,22.322187853457514,10.76488903139866,0.8026208303972666,13.099787436834724,1
0.9375222855949017,10.12589768511619,0.4719932118184751,0.043063426783130375,0.3708177007481086,0
2.55546910736199,9.668276721739742,1.9339370292366307,0.1713597551888741,1.726863155578769,0
4.3625997591468115,9.366221340760362,0.9002197173700592,0.2777482123330552,1.3199869002706344,0
18.23573309629733,17.952703836651928,8.944793908388576,0.9601180547136842,7.439953023524723,1
2.99798630022027,9.825526918258127,1.027910893381416,0.20703693530460238,1.6748991901669237,0
30.52036859926154,16.17296159333167,10.26094013251542,0.9063307619097204,7.734745153749798,1
23.061172863900715,13.38335291773698,13.217524169853904,0.7416906975659874,12.472975575598568,1
2.45509881334455,9.481100373467356,0.38451583693618385,0.09284086472658028,1.94980854562047,0
42.27778096172919,18.79245851557765,11.410248576353546,0.9358994966185121,9.051080545878566,1
3.5799234677086207,9.910986625189599,0.17715667927328815,0.20306168274827294,0.12818942207235096,0
49.52705905501053,15.617479590644006,8.95418270242378,0.906156998940603,13.147936675236586,1
2.3016452532138256,9.326381909897467,0.267556289987936,0.28599215027471175,0.14533117516231342,0
31.924244777662917,14.861170858614543,7.539847533762535,0.9633076536483545,5.895660243163107,1
23.356311988010845,14.776057108374438,9.111443364799872,0.911209435777497,7.17452932217236,1
0.6965974118902318,10.299340545868015,1.7431717657248131,0.1255037422481274,0.8887912369021611,0
0.34018657045834844,9.475356206580937,0.5335890988676617,0.15177774004391817,1.5554558201355861,0
41.13111216254713,12.16375321653323,11.44485061520594,0.7548593580264616,7.324040462144131,1
3.5078263280147115,9.014741328854681,0.8183651749169771,0.09881378079062271,1.3867550770377048,0
30.54643817725265,13.781686436766021,13.622114233219381,0.9448277058742784,14.839063638971636,1
3.4646011461239428,10.481052708468301,0.45032204843186374,0.1986953740618747,1.2193638165515548,0
31.02871250713374,17.158261230389595,9.312104848643289,0.8707893802404385,5.020765176000812,1
26.682180897442922,19.531074236249992,13.89000610814666,0.8707914953236606,11.31722418326584,1
30.561968026986662,12.352054737710663,9.492681584656367,0.7889334663232459,14.296496077013284,1
2.5206642095921916,9.484214690171775,0.5162152863468294,0.13919562523211423,0.2665685161643463,0
2.2753781776019224,9.245330691795282,0.6082476989360723,0.1863318974730609,0.6036001117223102,0
41.87176162000182,13.481556532550135,11.439079570677647,0.9502974387248195,10.773534012196677,1
24.29451593043448,22.488056405433973,7.518067660508815,0.9471239163852401,5.852683416116774,1
2.175072971701117,9.438982646501112,1.0908559004234262,0.040024900656962126,1.3832868039466364,0
22.71145877031539,13.341816435426995,10.850351687186619,0.8465627399320771,10.241962710633073,1
2.336304980037513,9.160067728653532,1.2991120135139236,0.26039987756852695,1.656371738646906,0
37.50865234162476,16.104664232292482,11.215187240340486,0.7659585869106931,9.448393593405296,1
1.3002402012621694,9.577587083578443,1.8859655681422713,0.18311281793450762,1.6699475713659246,0
32.744986705017155,19.438235503189006,14.323481416337108,0.9574620372931089,6.706011246216443,1
4.988361316323296,9.395327219245166,0.5582609415485393,0.2792016766687195,0.04928880927264534,0
17.623601521450457,14.899127705938529,9.078959373715469,0.8043347209146661,5.216455613469836,1
43.764376296351585,20.40202913754596,11.473421343730912,0.7385049779844084,11.501871664456534,1
3.839381818168557,10.127691881050884,1.1767313784353133,0.06379928595340285,0.1940364364741789,0
39.55246855128081,17.971467522721433,5.551015351588311,0.8280684183469907,9.690249397178835,1
4.734400981705118,9.412755168732103,0.7959206927615143,0.2794436977790042,0.6764619346345697,0
27.60209656757541,18.212275613870766,8.552839742369226,0.90475351903486,11.62232158329593,1
25.74258755434314,12.742226392803268,8.430517325196506,0.9000807955611719,6.025291982278014,1
35.918881743321066,23.30604650307124,13.908321482896335,0.8347113281109885,9.593036882130738,1
4.346761504961737,10.105239683627257,1.0020804739692069,0.17182815988652603,0.27445429323374215,0
4.38560233831144,9.364769970396338,1.1011412690827285,0.057747945190748114,0.2037575282791131,0
3.155246966351103,9.037476123422774,1.4414502240533578,0.15420701096295292,1.2115074610418688,0
26.983829315355088,19.104192693329892,5.913532427235558,0.9269939648057196,10.824350768882958,1
45.43657602062916,14.462764631176235,9.011479694917975,0.9843388198043371,8.965905743863297,1
0.087491069936943,9.073506967456911,1.1455405533738916,0.24584870561581568,0.6534777811372672,0
1.4202919452021452,10.492162431860859,1.9331178371102864,0.13222171232527904,0.5208062175758168,0
35.326459966948065,21.6418936768937,11.752308375620375,0.7617645964534963,8.524810469433511,1
3.4693158093786614,9.458720266925496,1.51847795931399,0.1859243563474698,0.15482310396950116,0
21.443546317633494,13.3734544908361,13.128509715367578,0.8736269429079998,11.182850210137198,1
17.477700260391106,20.58504728114573,13.091948036567413,0.901849506976129,9.972291950199956,1
25.014726486041003,20.32581456191229,8.141620638369721,0.9873913199447362,5.334235724355038,1
22.347131601181804,22.256051311335433,12.745720831743649,0.7653186699048801,11.212265304801672,1
4.57417474998439,9.317571558221957,0.28848004223620705,0.22769304955620917,1.001239064667862,0
22.283711210873047,21.798362295307683,7.533793988293345,0.9685229677485535,10.739291361229823,1
35.778961696805666,21.812756958710306,8.094625764461824,0.834391496914657,9.054716763304185,1
15.08131921461756,24.79110222185123,14.061375361274793,0.7166335707111524,13.330342639410699,1
4.57644970189637,9.398528347299395,1.7916314631203893,0.031042519093975394,1.3131254047993046,0
3.0684159386437178,9.334629501793462,1.0913373299372695,0.2051925389745424,0.3804558616402751,0
1.5079343493677577,9.28245378737566,0.6074700924501988,0.027905222778802495,0.28773593268665953,0
2.573921174665672,9.769890756855663,0.2144447884169749,0.12704460277479981,0.9047335184131404,0
0.9859149098403314,9.146415057163487,0.33369715641115527,0.2771194187630328,1.6429425055523816,0
19.361527211619368,16.7566908820315,7.29393502154382,0.7654909335434537,5.546931745762676,1
1.330506842686543,9.058509631144227,0.9111335639802176,0.2672921654072111,1.1389945170371518,0
2.1239167076209315,9.51262326348889,0.36684728699591207,0.0020522244445090655,0.9340357330434834,0
4.928003669764002,10.030017917586195,0.48722958396438854,0.23956675143917971,0.2140582684220762,0
4.285484698049579,10.225660648750143,0.8966929410492672,0.14677165842833234,0.43549740966804396,0
25.8629811187842,21.90768506585422,14.361765641665052,0.9822252577703383,6.747812848749338,1
1.196661432736793,9.936170130068481,0.9481525282157153,0.26270553827583176,0.5428617285521065,0
3.1658933744788613,10.081581991346807,0.5143047022181917,0.21581644667244607,0.056243012555847516,0
1.4977815980744862,9.68661572574932,0.19111820791667045,0.26944393344603024,1.8708496488970683,0
2.0259857128766483,9.89406539321647,0.21490110525781625,0.005073839976482197,1.8191288547606024,0
0.8867568082987143,9.010564371936212,1.6109920920644887,0.0230387052860202,0.8274120638200608,0
4.827243173003106,10.373721522286116,1.0057510401311698,0.23853308475801738,0.2714917061998021,0
1.7215401665997965,9.0926435794353,1.4687000706705915,0.1565200256559737,0.42640786277827014,0
4.079778947076033,9.567473410747889,0.17679393429351675,0.10266765743367136,1.9627666684825602,0
33.00966266219044,21.21653547260911,14.061009286804257,0.7413202296663426,5.543480983486571,1
17.45240435024163,12.736132245908255,6.203781495055338,0.8742305750843264,14.287634212054924,1
25.7063184641532,18.280750392351493,5.631830968602265,0.8833424569633739,14.837350336757577,1
1.8060802948790589,9.955953234807035,0.14139321636873237,0.10846205632888697,1.069598932562385,0
0.17201604226729117,9.952394595176616,1.7178646986494552,0.10343093006996225,0.780591094425541,0
4.432977207511992,9.616413828525165,1.2086088396429577,0.1890056041856482,0.8347658836009466,0
3.133852597086109,9.043201770819778,1.2874396126498917,0.08314330556200795,0.89935395436744,0
3.6801770021303275,9.480024169631088,1.0120893848236732,0.048753319589236885,1.9194914429239385,0
40.10804709220407,20.63641176587387,8.433777895745726,0.7057297598061177,11.897912473128661,1
0.09986466289014062,9.87990260610684,0.9107898104958816,0.15540460467255593,0.01492628083443881,0
3.732099150049245,9.218275950581138,1.7559567649993182,0.08075692184199158,1.9645121218732298,0
2.9421562022672614,9.31614464914486,0.47344095170766587,0.1884091393708611,1.6598791864248867,0
35.91713539541151,21.606095919543137,5.2916989229074325,0.862371464330149,5.529074332706644,1
22.148976377773874,20.14843419084297,8.587425105428887,0.9986935530023048,9.801835152618878,1
0.6533631520663119,9.436499084346995,1.7379182100417925,0.2713358434687482,0.0014954167410621277,0
35.51824245732666,18.400771633116236,6.923157727843505,0.8391808790364672,7.458185870225746,1
44.11036209567814,18.021592672015966,9.868282119412369,0.9804679139663526,11.370858888547154,1
0.6469030848335044,9.563731828511912,0.19829222455524786,0.1868862132550145,0.8937483904008778,0
1.5119787015196113,9.076203884533413,0.9366011829127703,0.255938451573071,1.8671609120133787,0
29.662326867752153,18.724538206806038,5.842130111770984,0.995372768912834,11.66407304694919,1
37.08909597622822,21.29367969500475,9.298446697431554,0.7919327009650728,14.622129101159446,1
1.227272312694652,10.076342073972803,1.5536427344805621,0.20202591867342978,1.228998920510385,0
18.516014238833897,18.619053552313833,5.246699545404871,0.8220695294171884,7.206990747853351,1
40.641444473413955,20.901427130453058,7.120812374773777,0.7716993040634653,7.812845635530341,1
22.237918661545045,24.025839233811716,8.661131179287512,0.7310910179442386,12.02405365866202,1
1.6925343971273643,9.010637719161556,1.360501376660748,0.24763196872458862,0.2932166007200063,0
3.250566117096068,10.11303367781964,0.06302608616442318,0.03648157780441713,1.2661702529924768,0
27.905380441479608,22.006508437859445,13.109351926726106,0.8201069880519491,14.471529360063547,1
33.20811861764089,12.48247315950993,5.806697673911774,0.9017044802928594,11.891814104275166,1
47.7772665958579,22.731952939765403,12.91310714312667,0.7602734019056567,13.05119208754665,1
20.17483532518343,24.231391477431217,6.828930530686686,0.8702329624069689,8.770077119587446,1
2.8789623556115487,9.967725124951356,0.033938258630932916,0.28811003238663907,0.08917618546828798,0
1.2888924410199565,10.052045340465662,0.028745903555555286,0.01485378891068806,1.1987171742716054,0
15.464842121050303,19.04619888023644,9.595629775055219,0.8496903832662379,5.722131853351879,1
19.395373594855624,21.952063805959632,7.101919687188464,0.797032856530059,13.192342121024202,1
0.8619318105258311,10.308591845032222,1.226232478138483,0.04716116506708627,1.9246761149624136,0
41.68869132214371,19.60410162172338,7.662315014988103,0.7094028006576599,6.194488839642858,1
49.26315745491316,18.524303903318547,9.54956879727737,0.9260426816339442,6.324706563419266,1
38.42430285452802,22.595199116789928,7.6067515774059355,0.7890687022804128,5.006275166284562,1
0.496188324598405,9.136081324121747,0.5253909540038706,0.26242981876619803,0.2578051701469979,0
15.557209354197951,20.010378547763764,14.608294170801884,0.970860407029645,11.967548149354045,1
3.196009146949799,9.353523801863828,1.4273205662243076,0.2621034103682246,0.2536035982535201,0
2.089419983088048,9.066763558914257,0.578273436837522,0.13538555315329198,0.23396609277051517,0
3.7943406720897483,9.1586947804092,1.0122797053892887,0.24438751680777515,1.872326083101993,0
1.8074357491090605,9.538090529319149,1.0585348962871803,0.17531877647683722,1.5937231405523822,0
31.516587869758308,18.37406236232777,13.467850018697455,0.9495824625064156,9.03519992440211,1
4.6727012281093,10.089091989093712,1.835545304988879,0.27250416307290287,1.2091482205164843,0
26.691594194698588,13.388672908531877,7.388451604036069,0.9847843515267951,8.050996868195266,1
20.968831711437907,17.815557137073135,7.1045967217653425,0.9068749196599689,13.773097361930356,1
34.30993302069884,16.635265975299554,9.473027562526006,0.9896553754704299,8.773484772303117,1
0.9221759529213247,9.74627464031165,0.5518976563143752,0.21930310474184495,0.15324480398440543,0
0.10574911674708143,9.62839946697592,1.5517301304055737,0.10161988673232943,1.127474202890799,0
47.09768728144346,19.584540796873185,9.626103032569784,0.9454901528318145,11.833263626277299,1
1.7626462065025867,10.08402536171173,0.6384505955723769,0.27177350137039424,0.2532742510367487,0
2.5960348730173006,9.351555136016813,0.24713297480315233,0.03710725518412822,1.1665523942781932,0
1.8812966466521097,10.384929031520903,1.0896493513468635,0.08092273976213012,1.4047974421611973,0
30.875048336531115,12.494639318031181,12.28637022316899,0.8584204242796236,7.020809360865208,1
15.137143123288265,24.99298885377575,13.022736971474778,0.9360169044200622,10.097260752881798,1
0.5757789370143518,9.882189098201783,1.3339314069743635,0.06021385287413766,1.7603094658205178,0
0.38741813277741344,9.027043513438368,0.2046643590681263,0.1231496141092138,1.8663858340980366,0
4.247322149642777,9.79927069842489,0.9426435882101367,0.29432928735405284,1.4807565938820395,0
3.915800145139514,9.252177146396587,1.024521127752521,0.14621244237637346,1.2501831053730572,0
0.8744196809743132,10.008966515290185,0.3467921324122387,0.2174360924875158,1.0107073364756523,0
0.1623538584587414,10.115029343355019,1.4466606079879263,0.04081687032949288,1.6721578015905618,0
47.31108960167427,12.206073949014392,12.29923519285821,0.9666239550441439,5.616745836209574,1
29.25927584741399,24.825403380131245,5.559263501282256,0.7426544129162055,5.528258939086025,1
1.3966974263827976,9.554086746682671,0.31907991337684716,0.2656678330756894,0.020020821118272858,0
20.978479720717374,14.569973940488339,8.188173228730047,0.8780489247465554,7.1011777594021455,1
0.5507114145948322,9.584274038918114,0.4821286917134733,0.004708771678883894,0.7201992615642265,0
19.74693156025597,13.893172407170503,11.974316172371925,0.892841977325852,12.827456742513867,1
0.01092071428624386,9.958008954180608,0.2824873960531147,0.27618844101323275,0.18726578666725846,0
0.36261158477240707,10.054920081063376,0.8050527109802841,0.27601201576377105,1.300510142187323,0
3.8363958875781505,10.389998330830306,0.9673816462935878,0.09466604233293326,1.5778902478698535,0
32.37803977807117,13.603140383978799,9.009703266883518,0.8052129363976253,12.728400834265035,1
1.3397137505342394,9.78029191158583,1.1314840521418028,0.004593175988071629,1.56114545164188,0
3.5361416416771165,9.285572679445552,0.7334438171875981,0.03174150745695426,1.2564131941860879,0
48.456611033586384,12.915269711232684,8.549312009680161,0.8509537501154034,9.9328082733856,1
2.7704964019791305,9.261747729596932,0.7574067111623186,0.2529434595089236,1.2884260319792358,0
2.0974074254490986,9.586040305651423,1.331661655303725,0.06465385726433065,0.44214310562798365,0
3.702547606091593,10.135390267690521,1.2134324039400077,0.05003620055510225,1.5948411078833287,0
18.199919410159822,19.238903030973134,13.918731300084099,0.7861494295391672,8.277472258961282,1
29.01154539437654,19.148399975030735,11.195825928270867,0.899047103538613,13.3629131310246,1
4.414115813392469,9.70948589054723,1.0393700623007538,0.05717281395515815,0.9240786856791112,0
32.53068120613597,24.758478523986327,5.973767291080042,0.7909197283525304,11.382244150406114,1
38.48027104506671,20.63750922570481,9.527543377087401,0.9506620673631122,14.616127584332832,1
23.948317816613503,16.73936355775824,13.436805296649776,0.7584828306910479,13.26867847173362,1
2.5444262758712286,9.093666412460886,0.7678940178083105,0.1333322873014496,0.2832344899732344,0
2.1605811840096467,10.449886155334974,0.9044302002034361,0.042835691000365404,0.7788693601553465,0
3.589352902759643,10.488938322679305,1.3966759425588053,0.08813834119629825,1.3441050810107238,0
40.35952682055864,16.049659887181818,12.829236142575724,0.8327964544781299,9.852667423426215,1
0.8180824437127754,9.848405291622065,1.0078260507612,0.004054092691854771,0.7257316339902069,0
4.043997222505753,9.54265246788385,1.0485094410754734,0.20121819763278023,0.53887889260731,0
1.7109320287932872,9.29169527877347,1.1238962199864786,0.09436924527820957,0.16874179287701008,0
36.63360379465939,18.623615351914623,10.457496797794356,0.8078271480492452,5.814738977129419,1
38.40348097142625,16.100413086362884,11.825992797813054,0.9614465625272165,7.374860423621998,1
3.5859072352337886,9.807141996181667,1.0174119684325333,0.0729373591268006,1.4895014632598444,0
29.5051916438916,21.9117787852083,14.00312239574491,0.8994453972148813,6.052195552381697,1
37.78401108264906,22.71872190739908,9.17708566972976,0.721925527307845,7.736663849214577,1
3.4893219767607215,9.402375538383467,1.9986725599670085,0.05260027241305798,0.02022886332167162,0
2.84615106045724,10.381156274454113,1.9368382610008157,0.16216580261667723,0.9164096105044319,0
1.555973689020046,9.3135871931713,1.6969644198674794,0.27180572131330893,1.0831938455969738,0
2.2773278600318085,9.873217204222113,0.7135409806985025,0.049281134836778415,1.0074388691799125,0
47.05772368789038,20.00086846499728,6.92691094692968,0.8819158350949158,11.774633542399734,1
0.19708792560181487,10.111963062526144,1.6552205226983066,0.29035936978540655,1.7796727881766214,0
0.8683581847716992,10.035256605906499,1.2911917454996173,0.2676176580629082,1.4657549057677968,0
34.50381416614437,21.654267865861975,7.797669308870408,0.8694857822957419,5.881422433907922,1
3.63634235226217,9.950631130785505,0.28101460621718655,0.13288530322437983,1.1228767558662487,0
1.6476520688699836,9.660904671088762,1.7139002597387762,0.20526272255654598,1.7648823826951634,0
2.915338422110718,10.440327108574238,1.3206716610282552,0.1568128362202803,0.04718393556159173,0
32.92310018445323,24.22897244040201,5.477813646814054,0.8056692925212235,13.565719886833357,1
0.6280780657811796,9.466510505506331,1.7718442288868501,0.23247854169178647,1.470502432613587,0
2.5255777787200318,10.482555850082356,0.9305550625518466,0.017471349246082568,0.5245486436299698,0
18.601678091970022,21.491692441093523,8.87246048203475,0.93532169968252,9.928962855846027,1
40.25072049883502,24.236626075788372,13.816353491754107,0.8545576678414641,12.746526197930176,1
3.329288831081386,9.568011314959175,1.9088455606421477,0.2622506764446205,1.4158818314799895,0
15.736291586116401,21.39690965070276,5.324865966901649,0.8785830523312164,10.391937941273143,1
3.1118796573658707,9.646481808985786,0.5763290457679027,0.18117613309866823,0.09918701644017225,0
30.06201107911754,16.163883652457653,14.06653296951999,0.7573726387228363,11.154289150329266,1
1.151975357572822,10.027802180654799,1.9637942800704913,0.20733176101615533,1.766386105847217,0
1.3402359368931887,10.217198908727523,0.11071963387681905,0.16143630301194395,0.14110012741978917,0
4.732992863891694,10.089455250553227,0.43936426675165263,0.13472501780283402,1.5929035390756188,0
3.5697897393238573,10.38698791437337,1.034263784021276,0.035119323894558796,1.0563554428460342,0
3.6378151771610034,9.944808600274769,0.7195788267638592,0.12174362766008147,1.9408770977681948,0
32.19656511692458,24.356546300658753,8.836090403551584,0.8273116078160904,12.146960890066222,1
17.302937622833365,21.177808458660643,7.382094354756161,0.8166024252012851,9.437014470296678,1
28.01428745982468,12.335906638860145,7.217794919335464,0.9341413415140465,7.011752322888794,1
4.916936102302863,10.261660963408305,0.0719315124268256,0.19751987861311254,0.5735337551157673,0
47.02985871417136,23.108700666839745,11.831755632398181,0.7156998571901988,12.828486179866575,1
16.066023282467388,13.181394998805429,13.546750413842636,0.8891668092727586,12.472361380395503,1
4.903805871944257,9.233538896633899,0.4513291661041101,0.06353944496445081,1.5850795352426734,0
38.665506670870585,23.800760403136092,12.297705115736813,0.920639058579305,5.800182697576793,1
44.45654109152353,19.210066385744884,14.016312294863601,0.977857895924388,5.09098181280776,1
4.626440973965776,10.301949963003196,0.9993664605658084,0.018403162345160404,1.4291246921863126,0
21.59749484784464,22.464568840461908,14.673281113534697,0.7805796798743792,9.948259516005464,1
3.4818121626651526,10.007964206890577,0.48136317945177076,0.2230807552681853,1.5005436589435435,0
2.6091543765259466,9.878481503143199,0.016991157214419017,0.2283017948848666,1.4260285837234816,0
2.7698497493913745,9.002401781323544,0.5664381676193349,0.26442309969697503,1.1872971702147217,0
0.9190644474090748,9.86540418501726,0.3096827892949099,0.10685818303841384,1.394026027868526,0
3.2800067732655465,9.511723988729525,1.4950259411649536,0.164929365379806,0.9047060769574324,0
45.84403237170541,13.01242685818678,12.068035962105052,0.9760114492327158,7.7068360430173115,1
47.39540532165951,18.539568718241277,11.621118258081792,0.9737798036774171,13.737946904198807,1
38.42039544371978,17.33394838434461,9.707009994910615,0.714744517103553,6.910621393463582,1
1.7812494730189004,9.265822585318189,1.3902396318915347,0.18487219479918368,0.9657570682316872,0
1.3615769859054139,9.17625276031856,0.5039964432881434,0.2762269353164201,1.1631776756995107,0
2.7534524573532337,10.416695531823057,0.42455503057102884,0.15604045433540545,0.9494422542564258,0
19.517279369017203,18.97916890453404,14.365702180708391,0.7925056365028595,13.695411688592182,1
36.19055698568698,12.742231886628492,11.728258885580843,0.8591272660981728,11.627857327436637,1
1.8563546025269688,9.752548749009637,1.4509363369003256,0.033969366977737614,0.812732810554923,0
42.2819055909585,21.97321933983779,14.726887432610853,0.7857524345990228,5.711107082134368,1
34.45547849696358,21.093862315233437,9.120177389516563,0.7415192757904373,11.657652402653673,1
48.17522046996741,12.900958578243733,9.564134397124242,0.8829067183748704,7.558725408122128,1
30.743139674655005,21.832628711667248,12.941345617322725,0.8483791158291276,13.94747570831301,1
2.487646580137264,9.394620044886286,1.4487727119960891,0.05686665256108214,1.7844758310762128,0
18.107064343468142,23.244934690701093,8.206199065502268,0.7534994537284648,7.393698363420463,1
33.24108037197381,13.947102711851734,5.655790726466363,0.9188246346179622,10.597174359283134,1
30.464879783187236,16.507343896066846,12.46452128857114,0.9680529914179954,12.56789222902397,1
4.663198468999646,9.59182669392206,1.5853851456987558,0.08374323996669134,1.292730224247312,0
23.622188653480563,12.822294315682834,6.317095352063551,0.9576234905588741,11.337832847472876,1
45.60662861492749,12.564633644063287,7.610283915358481,0.9627287616577467,12.52345702531956,1
1.5468428104000642,10.041197480964355,0.03224929274442978,0.11179713896824417,0.7034196359176166,0
1.0389523235237692,10.19842284310756,1.6060743215349436,0.12457843127184615,0.5670960218192953,0
34.66569346845296,21.63148168738581,11.618603122150056,0.8066589391456023,13.088585390335654,1
25.658311620298416,12.323173706905324,5.039141057353906,0.7681623033496013,9.064062868009955,1
43.628722302220375,24.088982920893642,10.450834128598903,0.8984398615970955,14.032736222389142,1
32.436955184658984,17.702681036410482,7.182731987814938,0.7391354229830853,5.125778124861954,1
18.126896580215337,17.691159204895058,7.307345902070538,0.7873589364989872,12.722675568375058,1
4.4442754919670975,10.118600600522038,0.07031398409700285,0.17252112572562447,1.573166941663013,0
18.139532165519604,24.500068397454424,13.072616493262505,0.8378898263069381,7.236025483236711,1
2.083180187068753,9.232513001125131,1.3289013141865191,0.21263977947184617,0.3557595909212572,0
1.1906242162699936,10.407671460615612,0.3421719337143241,0.033973035491945955,1.140374431599609,0
4.267327766012766,10.106059458046007,1.7644114744539812,0.13016641454564384,1.495194256198885,0
2.039471183900952,9.431103800768224,1.1157583671557711,0.09129227754625929,0.17291501424030464,0
4.8144581708901875,9.263369666451924,0.35511583942644553,0.2745501413923665,0.9304108662433421,0
1.4022753238002768,9.239624190350916,0.32812717653067036,0.08555597880301434,1.5856800905470543,0
2.7989786108988213,9.780173121753592,1.22146355928924,0.07928992583212648,0.5744826959496816,0
4.350124627600828,9.954158451965428,0.32946179216212346,0.12894937725390077,0.5745153897541353,0
15.52578896931982,16.065272836838954,10.88143706729598,0.7414849520214243,9.261223709724856,1
2.515667773741599,9.473903733578455,1.458480498195136,0.2624241220466924,1.877438603955726,0
45.165811589139004,19.335685522534614,9.102928029439465,0.7998869843114255,6.24956566084018,1
1.5845650690927215,9.701081003171888,0.5711592324772727,0.28848343267633403,0.6256892560113363,0
0.7402987974441483,9.14802784163988,1.1596106903335923,0.18835914780063043,0.7304558525137639,0
2.1662546615451395,10.199537793004186,1.4789493077682268,0.1278954881972104,0.6674084151512598,0
0.8982848291842299,9.149645336554263,0.1090237798217184,0.1999577495356151,1.6150725107959862,0
19.58083984937516,15.062357149728516,14.325039530973825,0.9578508926874694,12.097850502239726,1
4.000763241958753,10.39819364967098,1.5404575312997466,0.22431015420392686,0.46820532994128117,0
21.903493315845587,14.77598721249137,11.760930341645768,0.8215003295762645,14.315444071065201,1
1.9381231260122966,9.484791374786067,1.8703171447532423,0.1089967716258672,0.7805758173262729,0
36.66924900163437,14.072133502028228,14.680221720457387,0.9744247986182981,6.669501790344691,1
41.083452016035444,18.687881647220014,8.309919476034029,0.9512352684504202,8.098656494084846,1
2.9950552210678376,9.107603015621137,0.4535172348010319,0.2794471160756778,1.816820214537139,0
3.0122055493072137,9.16087025024377,1.0163376126879264,0.2206435164999743,1.9841495291827125,0
3.1694473091622095,9.107860075974669,1.818011177671406,0.28732999745286675,0.15542483678345098,0
1.0031604507328673,10.072705165216764,0.6299041238375189,0.09191963950858735,0.3045804941353105,0
2.515363001358045,9.124371872091722,1.2400026669548168,0.1020668983353771,1.7118503791825956,0
2.391418337555215,9.270955046911974,0.9712614680642511,0.21125266685840696,0.059581008065244356,0
1.0294365538329968,9.482529553051965,0.9309739448793988,0.2829587549080352,1.8634628495076493,0
18.719747904968752,22.945785864756942,9.828547649829467,0.8978072161836532,10.106829844471825,1
4.650026888955363,9.575351086510938,0.9834758860379789,0.2688708747438399,1.613415615490123,0
43.05388112516764,18.882078077517935,9.815891402193627,0.9041700524082146,13.588415834142603,1
37.51794037744162,15.412633776281154,5.523471784313131,0.7692937931584191,13.019139528361265,1
1.8858939589212176,10.355004009784057,0.13938139346023926,0.017465253622601894,1.8540083202028166,0
1.4593358851819986,9.25913597742163,0.7587311964083732,0.27325026809692615,1.2306956812571486,0
4.060897936463758,10.299034786020936,0.3443373771052982,0.25515349559312,1.7556946220331284,0
0.19778753281306571,9.604558136860698,1.2983079296617455,0.20942116392102048,1.2762798050325386,0
37.89271435345117,18.65067793840514,6.589247668441716,0.7160376137814454,9.456917902467463,1
1.5862958717843378,10.14945610667835,0.9958971851645277,0.09301020720373501,1.6239354847816034,0
2.6884176087755023,9.007068638283362,0.1447787965286207,0.08711046374580615,1.7644701620415302,0
23.003476298461116,23.472436365885773,5.20121721853074,0.9258181413477928,9.737732925144229,1
18.258750477793654,18.085845244319565,13.875419077264137,0.892379712777061,9.13644564727699,1
3.513147882189579,10.433970088239109,1.0626799064732182,0.11991586529232827,1.9074072529834158,0
4.353357341071604,9.63274475328398,1.3826035386704578,0.2708487921107894,1.700858975357856,0
2.3540820968294907,9.298394669692557,1.2033732172409302,0.018204920685204695,0.8266849197423844,0
25.23802571193609,14.177116377150552,8.790058331781996,0.8060725370896825,6.3246895401785475,1
0.970643852229861,9.804911263895661,1.8696440808876025,0.25048703251563503,1.6850690167036033,0
4.387036726975735,9.060421960100971,1.609665634592944,0.11069628379732695,1.7092380515769554,0
1.2035629283175338,9.359923355585448,0.16675810753751907,0.27855232558313353,1.159474229879544,0
2.278128076776001,10.058638576555477,1.641680473409702,0.07090282299846287,1.3227002797539908,0
4.156229025449712,10.150152534507503,0.7012853829142938,0.11304318833226373,1.067108867107159,0
0.5063806191550319,10.013838934245316,0.4974507875812493,0.004649472547857092,0.33352853774538405,0
21.703246271755184,18.55542499030941,13.65645036372732,0.7724049111512499,5.785362427927987,1
4.470910793082856,9.342248870626358,1.4800356003164257,0.09291997468380361,1.7175040512183677,0
3.019015394218767,9.740012382078572,0.08013817269653334,0.29529659364421235,0.766962245150085,0
15.329694959035587,22.514308651505022,7.593997388018538,0.8908401003184196,9.542144197652474,1
4.180593077725213,9.397450592333165,0.8972651832354683,0.16130763857729144,1.3272494415345992,0
35.67855562134277,18.57504684029974,5.179881315723876,0.9798313839718285,5.783270551492184,1
3.647607109882192,9.030511622823266,0.410374285809614,0.14612476329707338,1.756504935464693,0
1.5133960518937735,9.701623013061996,0.5455877853996915,0.13906542536559724,1.7756758451857602,0
23.643789436347188,23.694962361840098,14.108242203303961,0.982993033562245,10.2023048910309,1
30.280360260963853,20.239360687905474,9.500519305538921,0.8013451129964692,8.880987353441572,1
20.41949385670796,14.377998037507101,8.650475666926015,0.8297311500149509,11.231724245321873,1
1.107254456866225,10.208412433221472,0.11655060312114895,0.2763488210083647,1.7488340073333568,0
40.84034286674077,16.362920175131716,12.651065916331309,0.8298301245124581,9.841844983225968,1
16.15317538859355,19.67165627704505,10.241546676947559,0.7849001906287233,5.379759675696065,1
0.4546772495652057,10.384835620477842,1.3785586424516743,0.03813078413122212,0.7134463386178127,0
1.600550705029506,10.257529356073524,1.3084599559997487,0.08262897109184185,1.935479909318172,0
22.048968597786057,24.467314287648556,11.134018465221711,0.778501409991252,5.669910943958476,1
38.24352349017619,18.86461683704939,14.694414691322567,0.9171967492707074,7.120448493829744,1
2.040202308014083,9.286916056556096,1.034235861713839,0.27242510611795634,1.6087488282754012,0
0.05399196194755984,10.05151690064256,0.22653950612937157,0.23186417323905542,0.9837356438344136,0
45.78119427291623,17.33030922764266,9.81994917732867,0.7211382033000875,7.781436404489108,1
21.032222495073714,21.780357313712507,14.115912278061266,0.8662378490074822,10.271472942991805,1
2.4322119357093723,10.107808559213861,1.733710426054132,0.18787778239872802,1.3381070306338958,0
3.871255738503355,9.98430447056041,0.9433263655703206,0.17148830800834963,0.09280577203025131,0
3.5997976968473977,10.130720569467554,0.43811834611976663,0.13291199299054823,1.2356263891785728,0
37.947029424001116,15.110365215769031,7.805278218554009,0.946140704908256,10.84319731762709,1
2.591619615199117,9.692709722343029,0.6288682116228108,0.17429057598947773,1.4597782354071955,0
45.25894695537293,18.494364023887126,9.385080166989699,0.8833070234625773,11.241920728962704,1
2.2912665738252396,9.393624122544322,0.4835290149593632,0.14490423385318513,1.7736630789379184,0
4.0386964660035725,9.534585748949857,0.20189536327208124,0.2885664716177124,1.30520403043088,0
22.368497095421453,18.51873915807284,7.336247636485665,0.8228682781787527,12.800840237349647,1
2.4274882014133174,9.716999317581466,0.9427329688156869,0.052735144749114546,0.2898650542190011,0
36.17749387032103,19.27857691399521,9.864050355361782,0.8514798412268201,6.764119104278862,1
4.433077444946777,9.394554266308395,0.4491189385377927,0.13965169995824392,0.5301783375040723,0
1.8450886620558637,9.20327531034113,1.0367992532661303,0.0337827688047662,1.8679748370252345,0
32.17430210744444,17.70194866721537,12.603116511044238,0.8260999928295527,14.435531456494093,1
20.976889100116793,15.473728641318964,10.09113385187522,0.7442361752278405,11.116556756460142,1
0.5370716271811093,9.151745717276311,0.02266518640897508,0.16459029155837507,1.9467885828720866,0
0.6578265331967731,9.453415050744672,1.7901703455326292,0.29161604238704647,1.718649902140952,0
34.93167801320538,16.461260143694687,10.615843609669081,0.7219427528434852,12.64643572614112,1
34.03572724063912,16.401202356681665,9.734349335940488,0.8839511082229351,13.688010958178204,1
41.37881804400466,24.585459073279516,12.795528687952618,0.7067347745293974,10.998857880527748,1
24.957918590985543,12.611795572400316,11.685466951139853,0.9588312332377676,6.62902654477394,1
26.285743339872738,17.72288244133015,13.332096879578014,0.978822269821062,11.284228289176728,1
2.761690067277514,9.075761206248423,0.08776217673748721,0.21611196381966086,0.8889599559555821,0
1.628897718728091,10.225500725246446,0.8175860345423451,0.09803192944651355,1.489730716932559,0
0.9574480745405972,9.579354592948635,0.9697174794322072,0.10649853474418254,0.6414243299685878,0
19.314937460834447,13.916883806173715,5.297362612946026,0.7215195213444725,11.59869866829039,1
0.4727817238719412,10.137577157384877,1.2120276638721625,0.17109375234795116,0.10715311921481585,0
4.405020424073539,9.791243916837391,1.64967431879148,0.2569837008674778,1.8553490829990384,0
4.742125777707464,10.263696160253362,1.444747015265597,0.023398159922822726,0.21226003861803888,0
3.213882750299325,9.881527125592516,1.791585745789412,0.19595615674734373,0.6981048489231028,0
37.37852475089343,13.677473315562525,9.303164280423909,0.782411509842143,13.87751524671688,1
17.51932864621626,15.336847691453425,12.13900933396598,0.8440055529533863,9.0239356481443,1
4.834327751466968,9.789892413884685,0.6065620521308905,0.10877496377840312,0.13281070692099473,0
4.863133022162763,9.910239845382874,0.23984371785426029,0.09621992770340192,1.7352832294404468,0
33.62303883783039,18.270630711575787,12.028664440501014,0.7204030695857261,6.937891300233549,1
38.15568730857429,15.072375673493767,5.9785700271645,0.8728477989477899,10.536778335394335,1
4.710927272448193,9.777739462413361,0.7046177684183565,0.07021733250524974,0.09956200304608753,0
0.9752736111818167,10.440852804485154,0.28530870294632416,0.15272454856994133,1.659391368834128,0
2.446613737375607,9.768864323886318,0.535548629208235,0.1364852330525999,0.9415699940254145,0
3.8866625704109663,9.83502307902263,1.2915185845226118,0.004055181509916017,0.3243414542743761,0
0.8422027556595763,10.1406969094141,1.9698582168829832,0.28373241510253827,0.39421207764730437,0
23.196967092583158,15.505247189849655,11.547707136020883,0.8170258116340641,6.945479696999113,1
28.062257918679443,18.412217409337813,10.79129804035049,0.7567232961335046,14.009077302669906,1
33.170706385108915,15.874748433332524,9.225393802238548,0.7895013230762495,7.630258357427841,1
33.45588134748377,17.236211942604434,10.888102701562232,0.7267666504171716,9.309830628472584,1
42.22805846146124,22.937416347078624,10.79766457434273,0.8856805488290301,7.828859097863652,1
49.155480197423785,15.721367459981382,9.238081851735743,0.8949591765107725,5.246972976861112,1
35.62500047519979,19.279917729026252,12.38928296130955,0.9437837917264515,6.285795785116691,1
39.01084783775619,15.248722381279567,5.656007649450295,0.9071845937159909,10.724077259677651,1
32.65486611222029,19.60601161285181,10.131700163305643,0.8487072310686141,8.327341539838555,1
2.985583100077517,9.636277583618964,0.8933774434893298,0.07624418403834432,1.6502697513228382,0
3.4395504572766216,10.295932233014266,0.5977263775737354,0.057895202381708574,0.23236114850817824,0
21.86819985907495,20.97097960445437,8.903764460469539,0.8247324402968954,9.691774960927717,1
33.45019335688426,21.54496141541908,5.551096399406667,0.9663618795553991,12.029917261468196,1
2.30051313278844,9.290170842017906,0.42074416305967155,0.006914126521982222,1.7934930998154892,0
4.304054313433687,9.008165563787536,0.07034926306319322,0.27354647809102284,1.550663859771832,0
0.6710121316317513,9.96713508988514,0.6793212409628855,0.21238434801035672,1.114849489340284,0
0.841055462167708,10.250361164468606,0.3902176400484201,0.2677833984132441,0.9172997961621518,0
36.1401749208825,23.327336700423672,14.989046997630767,0.8823288306230274,9.047058743291702,1
1.6024344882777364,10.494445206367839,1.6911023909937992,0.1832878498296764,0.08024924052201898,0
28.07056069009024,16.9859486616417,13.366202103676581,0.8952364962540705,11.141688503188927,1
1.4570756933802431,9.504240386616779,0.6169384251653727,0.006013799859769409,1.1651378184296224,0
2.4858364035884284,10.001123295800747,0.02553085303579472,0.2614655569374743,0.8934790506227857,0
16.897411047209758,21.43121444220133,5.810595638776031,0.914935894467637,7.496247044105834,1
29.73137850657291,24.498428512005454,10.992775178235918,0.9422433806955727,6.093559031094788,1
39.26836652151994,14.213368977630667,7.71707518854093,0.7638180898390818,11.035857876582057,1
4.251588540787995,9.319275129057536,1.3375065088996274,0.16286343970824155,1.665787189774459,0
1.3811947081157179,10.18858616303822,0.45047980467049253,0.2044380346275816,0.5072312552771283,0
36.234126311926005,24.095831807085403,13.369278328446237,0.998645083219966,5.225685832023771,1
3.8482108194182723,9.732464464238767,0.6754382891244342,0.1647805480045328,1.4967216668572394,0
0.2819092692661579,9.554073971373878,1.0116184451846595,0.16810460230509702,1.4572303135855538,0
42.6282763961252,21.40413095511407,7.740415897042759,0.95378957682956,9.275057037133662,1
17.962706375462012,13.550531736516664,7.245823826539011,0.8500593806568355,13.404427505460202,1
16.28203941595868,14.54469838412615,13.267424285758565,0.9492302165784282,7.92415083884248,1
0.3060832907178601,9.88637413924084,1.9784333668411722,0.05004891148507885,0.09336963979854751,0
23.344951263371925,24.243614500652026,11.037442885632565,0.7315795487441276,10.726828158566894,1
38.168944380772196,18.04311215057252,11.305886973085435,0.8348796718023211,6.886322464240749,1
1.1652231413343621,9.860441786914361,1.6430711557793722,0.00857127531720313,1.2617020772902234,0
3.603081453318575,9.750457734531771,1.7881990722123184,0.27596128023916283,0.11031318120357092,0
40.660355808730486,13.222777662971653,14.513963724844155,0.8866949911745655,12.067185770445601,1
15.29241464602485,14.191787629642478,10.807968298534757,0.9143162686111876,14.166431026939161,1
40.69952106857504,16.824379184294006,12.201016545391411,0.9027977469269021,12.056593338739464,1
38.62954600455469,17.42682769065401,12.306790115283903,0.8565586885996537,5.741761955943122,1
48.0398567348714,12.621904562591505,13.501719452050477,0.9992747778837917,13.869421108828673,1
22.329234988247677,12.153138391726346,14.974229390535541,0.784322165633534,11.6801945251256,1
42.5284060486257,16.06306747907739,14.144417294873383,0.9521897934457375,13.476403295092553,1
3.1239769935936264,9.504675527726265,0.42241651717590334,0.09395461521109054,0.3576821370155987,0
4.2030181138659595,9.709318983315818,0.07815737200391037,0.19156311822057404,0.10119370735316346,0
4.856099559427472,9.65705048504647,1.7220667999444808,0.16975892206788584,0.31447133018846696,0
1.7364383307633728,10.021575167595667,0.7457530184043557,0.04367025294997072,0.8122199610051157,0
3.7533450714082743,9.732907388816978,1.2064442713159274,0.09767433975570343,1.9671945994775484,0
45.897359486927385,23.986634427652394,6.0452788787569425,0.7386241608627139,10.570068063131286,1
30.75084838347309,16.32497233600471,9.382986080331658,0.7788079929640015,6.647177469429809,1
37.40678539879612,13.55854440928999,9.835220673649715,0.9056321567113874,12.790053939240376,1
20.160855324316284,12.952192853396072,13.123173327141188,0.9257227699636028,12.533129318792572,1
18.85602420887716,21.376734496659747,6.5642691882161905,0.9549812474214171,12.261894838621052,1
3.889388527684386,9.750537540576586,0.7150266568544739,0.08322802044029373,1.285604100324165,0
44.25240747991104,17.397126625853353,12.648788300884686,0.7523832750946785,8.222603938194847,1
33.47342379034673,18.729187769173574,10.778770814409091,0.9247946065427304,14.646904788284608,1
1.3344964404938593,10.394258558052224,0.3448927779477182,0.17388973746054545,1.1110501361254392,0
0.46828726303737245,10.152134067628,1.4944492901771738,0.0935109964478436,0.6124784904568008,0
2.847606393410163,10.107526915681792,0.2830424048999203,0.26474105848294066,1.1647910168170061,0
3.3906125076832323,9.621644718700555,1.3790684178108303,0.10319389089491106,0.5545168326983723,0
0.4999262374188834,9.050318807118236,1.1207979076398855,0.20844827379843775,1.591573462353004,0
2.770906277243994,10.143049081558576,1.0747583808877101,0.25223552158173435,0.06685306618644327,0
30.301021734606202,15.633102735985432,10.818652665047079,0.7166049367654285,6.445797102395847,1
47.28077214192547,17.536611015476865,14.85524133255218,0.8662175150380632,14.308328641758074,1
18.837269888731527,19.371426185515958,14.283357720056218,0.7164361143770646,9.215542482180343,1
4.668394530664676,9.813579840285659,1.0549129274434643,0.04233783548979656,0.001579022186437573,0
26.954937153049627,23.369875328541156,10.638670318917665,0.8549333025708464,12.26977919528431,1
17.75445018476283,19.84881686988897,6.639317209532027,0.9207860681545534,8.012312947939082,1
28.20856687411717,17.781826676626164,5.464336554828123,0.7041199564247734,14.214193348763276,1
20.539906774478077,20.945529569682556,6.281880728104618,0.8276069488809951,7.472060737388768,1
3.3484198623163626,10.442073705215574,1.2053399218890102,0.16784257783690387,0.029068270531981355,0
18.07011746019875,17.08998229482118,12.133217295012724,0.8978269740549749,11.24700669406608,1
42.57758284532184,22.925204309361426,11.480316573308617,0.8016249712643522,9.699784346577944,1
23.713023367890546,16.21769697225586,8.342153372601146,0.7077227229241648,8.410478728306234,1
3.747997205603811,9.656021358648893,1.8652821251079692,0.1897416607234432,0.5765916091085126,0
15.455357469905545,24.281751042732754,9.892162486880906,0.802580348072418,14.242184348426601,1
3.394504211151037,9.587951610411695,0.5272108796137629,0.2863920482148694,1.2071624942461252,0
3.6356559844096377,9.00107528805987,1.8737068601820306,0.04935761171784372,0.4671608684447184,0
24.427589523223823,22.408631239829045,9.538686199959361,0.9011621519518273,8.183520221360109,1
0.5349563058731166,10.079189951504958,1.7091373280652817,0.07708568985254095,0.04181902467046994,0
2.0760687834216536,9.922636931054983,0.962376302950205,0.13785067997109524,0.7250194626442472,0
1.2674687662859518,10.410805951654421,1.811887935852529,0.1700418315031398,0.7088479839747723,0
2.704931177640418,10.072900623763866,1.1134646155184356,0.2564221855775936,1.8591661891951379,0
1.6797307668946693,9.84104172206352,0.19011307366512886,0.060140714329907696,0.8269315334203202,0
16.251818505522735,18.86694590045304,11.618783880446912,0.7622408314176631,14.058501920987956,1
28.407427940427738,23.29828789342147,10.683191510779256,0.8318523341342655,5.672406340520366,1
38.808321384532405,22.951940819539377,7.284715759170237,0.9599282208696269,5.333231994395085,1
0.06819922917940535,9.454829320077886,1.395980942995585,0.23707797118250812,0.5915056692406588,0
0.6762059562325068,9.856487356988968,0.8157652203939663,0.19843434498393034,1.763806569526919,0
0.2766619358167305,9.297196112735366,0.018401795250758912,0.18817752019079348,0.6327508147753658,0
21.402736244947437,17.590719487486567,14.844419535833683,0.7893262461016732,10.997044134081001,1
16.119806105051364,24.222337851480138,13.920743510936207,0.8606565748257891,10.435955749112921,1
30.250702489515767,14.915554437144769,8.88632290398839,0.8247968823925724,12.46670964786637,1
34.23678053871122,23.541629324365648,6.046606339078963,0.9467943781581668,7.100473372920696,1
4.72483531820038,9.722705163808412,1.1424278192295951,0.2476592470040248,0.5504722118622449,0
2.2076700518944845,9.735920363847299,1.6975351705626285,0.21181743439140924,0.9809088170395694,0
2.077195081298304,9.611943903308589,0.6491082194618523,0.2345061293299192,1.5179915249814553,0
0.2207278104372773,10.48813828054323,0.26070335942958356,0.23882055761908122,0.7895506335433657,0
4.028376895213521,10.003775478298714,1.4648829182608984,0.12966395627550703,1.3594515920035164,0
1.2239993650086296,10.020874639378151,0.2425297867182734,0.034128587641364824,0.8219212160718066,0
2.1812222418215867,10.457926267889707,0.07510464012009122,0.09480141685991814,0.6282196381787415,0
4.266732488043619,10.295237175694227,1.545045183525089,0.05065008199577102,1.6436029185084007,0
1.6206758691639815,10.466134421570622,0.07470587287110986,0.13353199911539823,0.22627187534804727,0
2.926304377549233,9.539008485773682,0.9507181353617371,0.10905433721078,1.2820121146414025,0
1.0476731197506284,9.217658360094676,1.8087622693310468,0.290644932445013,1.9837857146392837,0
47.616945640910956,15.625335041392544,14.502112058654301,0.7189788015462024,11.030138633645882,1
42.465319531277544,22.74389748191474,14.137650033037986,0.9639788690915121,14.997412722580926,1
0.19295780969066922,10.318321718869278,0.629866454917865,0.03869367237814958,0.9369224741741731,0
0.6425783422205822,9.03923751348513,1.3766615246653537,0.18123918865696054,1.8716312482222919,0
4.913262057467846,9.955571330255442,0.3232753875691836,0.2717548169997917,1.032495646400121,0
1.7600829125093913,9.61621350151452,0.03674330907620882,0.08115653405155397,1.609451967482862,0
1.0550334585376304,10.032439497640883,0.43944550022079376,0.13160150904091464,1.5640036511878828,0
4.19485548337034,9.446510573389268,1.3195272809061676,0.04109466669285835,1.3737329874698199,0
1.3700589019277376,9.472261733113102,0.233608215467904,0.08194788611098354,0.41903844862506423,0
25.233685834670915,21.168986352967053,12.354365938921863,0.7910488695367045,8.453439779263302,1
4.612862024529,9.852708303235229,0.7274510422713685,0.226961575048592,0.5147309168032681,0
38.59025747619489,12.734284512045267,11.728550378096912,0.952911084078311,8.988215269240573,1
38.69757994304568,22.039123586612597,9.732131868843988,0.8853180772185383,9.563259238223985,1
1.0309853962760114,9.374780694117494,0.6729223251544245,0.17674691321813646,0.9088446383190822,0
2.0304106627988547,10.23932606366283,0.4552650716387847,0.1573309037573248,1.612193495921495,0
36.381763275543875,16.916688190350012,12.938956551945168,0.9623243662589436,13.51003766797249,1
1.3569069753979228,10.28266413299616,0.6929385741573344,0.29191360485424833,1.9594686695477195,0
47.97552709604977,23.542171546562187,6.022642809971161,0.923238005714311,13.057928659582348,1
0.15587454555960611,10.305295035738363,0.27730505822660745,0.0381935636240175,0.35134459593716905,0
46.90735414073562,20.48230146928005,12.73800748569034,0.8075087606973486,6.831982451266349,1
2.4032401415620446,9.827743100301253,1.2635496873055108,0.07713555119960835,1.8973081618059813,0
4.690269267769648,9.229702200906607,0.019693650024021903,0.07142556384213528,1.640553719537309,0
34.97326026432762,17.662659054165218,9.14846850301595,0.919817024623992,11.858762750864646,1
1.4124936331048228,9.832739594685233,1.4608325300394711,0.15986293040902422,1.8620519859501352,0
1.5689107165286438,9.212766596425478,0.42760242132546566,0.031654093920360324,1.3661391503802482,0
33.56656155192273,17.405066076560463,13.503769192997057,0.7689106946086403,7.397090782424447,1
2.2166016038634933,9.878794575791883,1.9521566649450377,0.15969130915444987,1.8106436567521795,0
29.32289180671286,21.72703831441562,6.13462191706574,0.7742693524425354,13.073456212003686,1
28.609802376594075,12.616403269821104,13.011715032953248,0.8813142157248424,6.985428588682017,1
21.911575428998905,20.146562308187434,11.847731582791985,0.7376325353351559,12.86483034295906,1
38.217691383477245,17.307087751501882,7.804632242046524,0.9193308949010686,7.421834455937677,1
35.82337210732837,22.320613702906936,14.893406378396238,0.903747503723067,14.849503163616442,1
24.91537847991958,12.003158147648666,6.2693605767417635,0.9800846133505282,13.673546391153579,1
2.600914678661969,9.850693061298559,1.1223022933439122,0.1425891221469767,1.5812059295395107,0
17.223750284837152,17.151215508613276,14.638176611881805,0.8616942623350361,7.878795033348446,1
29.542268884357,17.23608974652833,5.362072614873849,0.8653424008584201,12.08680838511905,1
25.630334807113904,23.97390332189456,8.209354383194404,0.775675850156551,10.342204099312474,1
0.9837938883582781,10.343479379374765,0.21119679205228192,0.21196494068484809,0.9990974025727504,0
28.4735552923145,17.22983081499214,12.832900924388664,0.9888354423942196,6.2665587284719395,1
3.609884808992654,10.406612482402233,0.18250331823809618,0.005850794283156068,1.611409584962407,0
30.267504599201587,14.532319434371047,13.160335023020684,0.9407682244454884,9.863916280888938,1
3.2967515154962506,10.364590256901295,1.9647811090351333,0.0594092839893281,0.26823924541958033,0
18.316896486210787,12.088246262306667,6.529431864754262,0.7206970026131378,14.958023677799186,1
49.68451593238399,18.80604072014206,7.047139475951013,0.8004455034140353,8.303076875568784,1
4.366957289546097,9.592485405823549,0.6700171399153916,0.06218475676492066,0.755593647818823,0
41.520723057580284,19.571212543283217,11.889999849885683,0.8701036976260517,11.83592425221869,1
2.037026358056744,10.405423880863044,0.7545039714313908,0.19922223635995023,0.5101744448427963,0
48.13948930836305,18.078656330483966,13.749394056026713,0.9432484340086813,14.809863027986832,1
15.554332483070597,19.25153163456065,8.794613805934649,0.8519649999725641,10.62830237214603,1
49.25289284682877,21.445857685314294,14.287293692773355,0.941291413886655,6.631146751166788,1
4.488979031960129,9.524843195471098,1.1026347813256283,0.10786294335600104,0.2516046726921026,0
29.818536217361164,12.058558252743753,8.132760111381787,0.8580277863076645,8.242508738519707,1
18.39210644734482,19.124279463978755,12.02738299289587,0.9378110217342254,11.291175786342666,1
15.185995920420172,16.26490589831355,11.603868382008887,0.9191241258645377,9.532616833817231,1
3.3470603212682173,9.32420371846638,1.181743845948517,0.2739617885442517,1.5956047444172154,0
43.105211066065046,21.309934125384032,7.042386205698644,0.77416153567919,14.960887272645122,1
23.81351457031961,24.753383358495988,11.137079695437473,0.9380612206686493,5.855995528227683,1
2.3801035344005994,10.352258429176954,0.06947989488956297,0.095963873000329,1.1933157839941804,0
27.778287208113206,19.94943308534959,11.960314069891137,0.8027425657558912,6.079624481108356,1
0.6688034753850108,10.328552870310716,1.298457559081927,0.049063706047241785,0.06729944679805322,0
1.9904358911811544,9.0396703538965,0.6711144033933143,0.29280604725734827,1.7471111524541776,0
4.051821998797186,10.195272265158184,0.25513630272856846,0.27099033821662777,1.34455765894816,0
32.86374524720473,24.60271188378642,11.932095422188677,0.7212748574315708,6.893608757918628,1
4.181921178156128,10.245288844604357,1.912265712684738,0.20948177805916393,0.4155412588794567,0
3.941376040854148,9.38855271615502,1.417353439931014,0.06445638192749943,0.08066032210302598,0
41.74894859084495,24.91100334667209,12.583026172105185,0.9380897242766743,11.164608782287974,1
1.3533730298264468,9.043756002861112,1.2102032444743014,0.1187234489542063,0.5973443147750994,0
0.39331029157129327,9.25781055380887,0.11844661079321495,0.03161908044874201,0.36930249178739527,0
22.212582297801134,17.73598569819232,5.650007889488885,0.9475925207268947,6.259406410475005,1
34.55178179031663,23.747032307383236,6.1099481392181065,0.7531364372807258,9.286648243894849,1
2.15902550392956,10.178712726366525,0.9249136341302959,0.28228973635283816,0.9727442016502952,0
36.278577279131966,19.485207741562352,6.636240002102339,0.73747594322219,5.2667676260887255,1
48.88253760183874,21.788820509509407,13.111626038791321,0.709847649645772,9.6785946263416,1
30.270549834155617,24.509938781265596,13.34138660523585,0.8469112095573565,12.62571112791553,1
26.1039325757395,15.665084172770289,10.308590342884758,0.7155057039733395,6.5853615849992355,1
44.51560381532565,16.70301007504874,5.103455964726999,0.8878522221381684,12.039134261281077,1
30.656634933316575,22.268240073462003,11.183463070454575,0.7339299218271467,6.563314383928386,1
39.12354069867081,19.90022750695106,10.381370677108848,0.8406456874045724,7.937618730273863,1
1.1341855116274757,9.86325152770359,0.8468776097995849,0.15447825265820161,0.34135487060446734,0
0.3334115018151229,10.244503020397643,1.1247567607688043,0.20124800423278058,1.4061878075188656,0
2.975231724618806,9.135293550300366,1.2120300049588864,0.026889531991385374,1.918470870647644,0
21.146004889798107,12.838966489980791,10.776614367196636,0.8073439839107829,7.754579101381703,1
48.4892483640072,18.48747024775306,14.31535049155262,0.8749998729965552,10.383841868964332,1
4.162493504929831,10.27616773549899,0.8478610700593325,0.019941939062751466,0.003169288932680203,0
2.242426140013169,10.470972329346074,0.7005447413386552,0.13565488180803237,0.2670311027056391,0
46.07035392626623,16.136437232933055,6.659872216038764,0.9237676795196447,8.78273893682873,1
23.877486601948142,14.964803619700259,5.115260140529853,0.7391022170707215,8.092681114996953,1
3.489858954618068,9.002369131616868,1.7430144269812695,0.00911387398633875,1.4255075095251684,0
0.32021761932394255,10.293651195211735,1.9229993584742946,0.07402422620021426,0.9001905371817187,0
40.46972295213385,20.700342203535428,5.718145837639157,0.9241947476718659,5.530458811970283,1
29.567596086131005,14.335570757388856,11.89109081486824,0.8695216849110081,13.586720549294961,1
23.46862224860736,15.620048781899499,13.964728572592954,0.8908656486008034,12.306840974207764,1
4.724923927779216,9.212417025926849,1.285666781631476,0.11459401363888377,1.9136293411817555,0
41.001458493445114,20.912839865083367,12.588888501404465,0.8598057042141447,11.387261822492196,1
1.2633150108564117,9.65516575398498,1.0403614731335193,0.08847934074115929,0.03052967929205952,0
0.11274610765043214,9.083624397705492,0.10481137292239762,0.2723447573332213,1.4425158158676494,0
17.98201671458817,20.451201864819108,11.536564764056205,0.9868663520930883,5.0302087135616125,1
0.5520474883836313,9.629270564006276,0.6330035585252407,0.01067464373803879,0.27347080545847047,0
32.98565421723818,15.010578886756992,6.812180436136172,0.9430909897369998,6.3503813668054745,1
47.93974546976565,23.277201305447644,7.875500394254432,0.7999261394015431,9.265456986100759,1
0.8507137008857896,9.474157331911343,0.8489856653530703,0.09279726730746687,0.5612711597530315,0
38.27920623397655,20.981095556417575,12.869686484367422,0.7349045349572211,8.601621532137916,1
25.077693293262666,14.411837678350349,11.51679794878427,0.9137804221895179,11.880305189519813,1
0.7425871212855872,9.620951547726081,0.9667841333642528,0.07905214605625706,0.7129533416955749,0
2.26161738817148,9.636583527108765,0.3135258951985893,0.12792181694759183,1.074833877199614,0
39.41762339729037,18.888638855201236,8.91675596535549,0.8865743263851634,14.686386653002755,1
0.09016004912615005,9.835571379288352,1.5746976968194142,0.16240061481038018,0.6477911051607583,0
1.4268069299892732,10.43380506490278,1.4682171624618052,0.19850799050745097,1.6339153747885244,0
43.14914040324575,20.569022079801748,8.980548406789378,0.8540900151785953,13.030455246758798,1
44.59980036008545,13.501732701390768,14.69361244995776,0.9878878461369194,8.574696455017415,1
2.0659723940139885,9.608429085383163,1.3591036731453678,0.020128119788963617,1.1874115659028692,0
1.2849586765547376,9.996229147581722,0.8387756630393719,0.2896232098105835,1.367686061290723,0
31.984825098856938,19.046433486263627,14.19038277028671,0.9699728630064015,9.48160873369002,1
4.763210654004307,9.665982321513045,0.3494171840975713,0.059595195804341736,0.561419484929188,0
17.44516722396316,20.808945367294726,6.728200514564523,0.803351768018219,5.615430341348368,1
20.552301532735953,16.0648746453613,6.059156896287735,0.7055939759244348,13.046416973346773,1
4.367876528798671,10.144198579313707,1.0261544367360997,0.20122416014153202,1.6947101078187337,0
3.6840255336049954,9.902080478972678,1.3109069129871282,0.0026007269535393116,1.855034031415649,0
1.738850488022189,9.780780800462272,1.3107663989269065,0.1255089115286379,1.428306292784348,0
4.11634326557386,10.319095489958826,0.975437736630739,0.18919085715889514,0.15903942659299752,0
37.408782023329664,23.407360142509344,9.181315997936228,0.973304709993766,14.931637389334785,1
46.600682647204856,17.12830020751757,14.811311957115507,0.9277084144153609,10.114810467883832,1
20.63850081397478,24.948166183969228,6.799996166106869,0.8507642820166069,13.48417726430511,1
44.19390541432138,22.396915656338116,8.45461151468269,0.7778831875699634,9.3049358343151,1
38.59768713565889,14.87941613517532,5.347991998683501,0.8227748721356192,7.891931519658697,1
2.77852430195973,10.420560417216539,1.0097496301906141,0.2661319537556011,0.716289562391611,0
29.875084494311913,15.580806837276619,7.650349181405475,0.8608576837846612,9.491482027322125,1
4.636032323954155,9.882879146023882,0.8154784323831898,0.19535308822308545,1.5359335156196103,0
22.97224195662305,19.5901574750042,8.714633393344716,0.834673516777837,10.371693216040288,1
1.9740038423147654,10.429986397330708,0.9702638154286696,0.2921341502936787,0.016396642261924388,0
2.4898815129369662,9.8312545824165,1.117681741909333,0.2121093507968653,0.35496366998202356,0
0.12736345867553567,9.09541349426475,0.44215774738688385,0.15373193062316526,1.091805118533615,0
0.3003658417749122,9.488255007189203,0.2873752503684255,0.21297992203027388,1.0674508273428889,0
4.522007182584762,10.498348930569257,1.9744289096622825,0.2645023530860617,0.7893201758998916,0
35.49200784102625,16.103497150770213,5.8693956069225415,0.7668850025673261,6.880585664790756,1
15.856809303461999,22.279137748699476,5.118978322451556,0.7879467826759905,5.059240654540024,1
48.70046729006334,19.66312044021221,9.711725593781418,0.8720204877693112,14.27900629862027,1
36.962715397061814,22.19730551603665,11.48146743048978,0.9244621355185383,14.059736635092605,1
32.61267225140367,12.881353145765464,12.23580700439981,0.9417910386012862,7.894978651197197,1
44.15260769375202,21.65537946342343,13.465611699612852,0.7191599120023071,5.31620038237464,1
45.91723953577364,18.44432113101758,8.13250740488822,0.9260998413728744,7.2006625478469175,1
4.713013502423735,10.248286728461336,1.246780774054095,0.19971463057714214,0.4274805241222439,0
24.943645222960157,14.2891607432701,12.433329135656567,0.7756209660550514,9.541674701677639,1
24.858777406608375,18.248711459965996,9.479954546688681,0.7362338567297736,9.261152788307795,1
2.996817758691328,9.628138485723982,0.8636873846240594,0.016179774852261363,1.0330930207785245,0
36.61119617696275,21.888597446306882,9.807234564689733,0.9794694940023756,12.078806952365353,1
21.87689283410215,15.268591978437025,6.735721441514397,0.9873505913345509,13.546174631518355,1
28.476773772126585,21.614903597001785,9.176390058687026,0.9209955625674364,6.1356454097753765,1
33.31053524361746,23.682306067914343,6.643926843284142,0.9412327738183395,12.919610144667157,1
1.3051433264672463,9.807101326102234,1.8152327724504544,0.2539305528921921,0.9808929198419509,0
29.399382611616293,24.32052645208197,6.263701419470051,0.9921076404550596,7.306386402142639,1
42.00561025637349,16.566169819683267,13.119814906857101,0.7958564355422427,6.635550384138181,1
2.832218425433133,9.707634464086311,0.9916389452970782,0.21967137422768626,0.17554582824688114,0
26.953412639747732,24.540097123021233,10.09222538327078,0.8882668071611939,8.563864785230281,1
29.124201728479093,13.780566249075067,10.067700407177881,0.7379635933589132,9.766204563105404,1
2.463371651555015,9.50849095524236,0.29381781804585394,0.1656482480913037,1.5056340521776195,0
29.5196662296191,21.982192000636118,5.405091729413218,0.7368733547626735,7.0307059292006215,1
18.047871735700003,12.47476493195786,11.202886525885848,0.7882881321966222,5.8644575317339855,1
1.786209840850681,9.865580012570316,0.6845311855794924,0.025162121565603622,1.9856079563720288,0
48.880733642966995,21.138318132019783,6.367222763734658,0.82500845190204,8.854210997298786,1
1.9572713539723559,9.393169458025195,0.6860880115860204,0.12321012017596293,1.4408321381846858,0
42.298616118913756,20.666268941346146,8.08785658352586,0.7877325413768547,12.982729965463056,1
0.24579261810713793,9.860249377402823,1.707259857055914,0.07257831843577096,1.752584697047875,0
19.415935655205786,14.410353631753264,10.120181266754692,0.9976725744583366,11.526134017473534,1
47.20398346629201,18.11385089499047,5.28996744335948,0.9069463213986286,9.818372535762581,1
49.80956992134089,17.460939838278136,11.079577026836093,0.731428760935432,9.542278238068693,1
4.085510665013075,10.291513231962021,1.2312487933662533,0.0038269439122291635,1.3904593114954713,0
1.0041437508746043,9.678065664869703,1.3836937598919363,0.19121774938054045,1.432708965748174,0
38.502913254836315,12.056674539435546,14.246511054051808,0.7337512399714274,5.9488423014757466,1
47.02254778202489,14.204325741424418,13.174124552691106,0.9799675183957385,14.383616002960174,1
1.598260311276503,10.215649370359756,1.3794030697237372,0.21746125607396413,1.396233848167047,0
1.9966307319575516,9.277070864354824,0.7909600560633137,0.052395019636610425,1.697582505551681,0
15.339512422306477,13.820582557744977,8.220805753162658,0.8735756045778849,5.75093645805314,1
1.6252882169590765,9.237189854449602,0.6770532694536715,0.006153480907016851,0.7271163106965954,0
36.93743359681456,20.294042057811225,11.28721387025582,0.8661184694195083,14.864140184828889,1
21.849771307357575,12.362047108575824,13.050148801180702,0.7058567712093982,13.306896051980141,1
2.570403478096366,10.243772669924876,0.8875671585646714,0.17125590766329382,1.0541418770269166,0
4.195961714357692,9.979489097312577,1.0045497291907748,0.21644675193950175,0.011856430673756302,0
20.746473741972558,13.605026458499568,14.800519429764847,0.8181157508959113,7.274217287235293,1
18.75554236297354,14.678631282767569,6.4755184682869995,0.9390843266725675,5.628926224524868,1
28.624323888316688,16.073802283594652,9.623614472477392,0.8170198197242884,13.63577003139146,1
43.35438997015999,15.460059018665294,7.151205970460409,0.9476133933606915,14.870823640059703,1
35.19357025423427,15.56907960162578,13.240944904843742,0.7015972571713193,10.64819162886396,1
4.375604961912472,9.039903845394846,1.1239626832527585,0.06427663030295531,0.6817660309847142,0
24.260898915836048,18.753524111944756,9.505365390670761,0.7034934698509289,10.568121431407402,1
4.018175735768467,9.79740112352684,0.37356161432474133,0.1276690097155055,1.0989791470236407,0
35.87661021403834,15.574729495657323,5.796451290347658,0.828880823034564,10.543225980836553,1
37.588953600936975,20.935842054851484,8.72527452802795,0.7787223467712234,12.597213286809254,1
37.310588255126575,19.194560110231883,5.113896680885528,0.9089521550430667,8.760417911091565,1
39.08816470674773,18.663574149012774,9.586579594923704,0.8926958952927233,11.798108916013302,1
31.67987802530065,15.848851630506312,10.149294953924828,0.7496111276539558,14.777128128254999,1
2.81406305476815,9.070986795204632,0.08245562799812078,0.07523950053358881,1.3794032847292466,0
3.150172887712191,9.510863906131679,0.6023180395708907,0.1734689358508541,0.9962593483679607,0
3.80339880610483,10.391255326944863,0.9165664327725462,0.19783369761469147,1.8289153017618824,0
17.5986400765691,13.34907121225163,13.12928405393937,0.7116621091050067,11.589427939347427,1
3.9739887741038826,9.169287247415546,1.0670428619619676,0.030379554296222896,1.745148038595289,0
34.75053726344406,13.488927288242527,14.969905028125511,0.8276667633090152,8.482306397073687,1
23.54817951274275,19.284575662259506,5.2173883806370736,0.856171163289752,8.91771742012003,1
44.614171494428916,21.56433382811543,7.117167784619657,0.743585802923736,8.162923487256244,1
29.869075782515893,17.42169164813797,11.637983920426684,0.8469484181640168,10.17432559812963,1
48.35936143777878,18.717568584220835,13.191073261776879,0.8641382927706701,5.407850134355181,1
49.90095879990036,15.803915622515392,8.577849258417663,0.9824899544455609,12.111295180030899,1
22.041053848986525,23.99248565193254,13.526661531017206,0.9324650296758846,8.927351142242276,1
21.230711350229463,22.720856109963172,7.761186324434581,0.9791099973704589,8.64639991013783,1
4.432947980844732,10.127519650547136,0.8457368181181741,0.15514510868516315,0.7399977719199549,0
3.5922364065120806,9.784887769407986,0.09023175720291898,0.2800323021512575,1.4109790971572693,0
31.444590224428623,16.300308888559524,12.549402001583289,0.7988060572749863,6.382320867853371,1
4.270081668343932,10.203689723006056,0.08274876493451977,0.11366612709978158,0.06943230436778913,0
2.4393830299902977,10.05324649297247,1.0264399516556375,0.2616318191239743,0.5778740333151653,0
4.071504918357939,9.779501844698895,1.543142878657662,0.1568081322133611,0.31618467456569754,0
3.5808226908880556,9.203128274726742,0.5825874944110105,0.04341319084095597,1.6224611168027157,0
2.46538354893787,9.398414186499622,1.4087059129442603,0.2408297014386114,0.4778093913351531,0
26.406155018777497,18.18351540202392,11.028075322667593,0.9957974716511978,14.377645593182242,1
23.77035518079675,17.17047668309539,9.281135697472417,0.9640743983426692,14.609041541289594,1
48.661686742091405,17.405218806899377,11.010826653932156,0.9129414139817116,14.505920130759383,1
2.6756025383670243,10.034412028500611,1.3584940026485492,0.07568368787305092,1.1734630547795037,0
3.304869103248379,9.484351602866852,0.96254790365521,0.18520627529642011,0.809821628539688,0
35.8581782777415,12.40770039445965,6.702691371285942,0.8898801641413134,9.198703717822713,1
29.250750446349375,17.319556369213448,10.441801159419537,0.863040960994409,9.971538158828716,1
43.64103240789951,20.331103773402802,8.103980952958448,0.8968333451434501,7.104617476832122,1
3.2974502906229213,9.602690505500046,1.8179617838297284,0.19137914687389965,1.538339739047175,0
22.663954448703045,18.455147576823805,7.769978184547161,0.8604712259147933,8.485091497820854,1
1.4281329984178854,9.406363834870307,1.7108163242085759,0.009565438562577633,0.1521999779615486,0
3.0067980363917712,9.819074897824148,1.180626344650137,0.28039558581216617,0.01713842162148138,0
2.146613828520976,9.611827390275538,0.22789053888908706,0.20284253658043713,1.4041943767589822,0
49.71226074171426,14.949516892438282,8.108301010274946,0.9952722150404947,13.31758140802247,1
15.547515335760195,24.14016434521461,13.097885286881047,0.9511657428876096,5.932873847219685,1
33.82203719464752,13.989553763129678,10.055858311843977,0.8239610141790576,13.76842531881758,1
35.97527482086676,18.19239781542676,14.328462213602991,0.7228254180296522,10.011197008253482,1
47.43823481885142,16.879905600691156,7.415850006708334,0.8664600750997471,12.961859484338703,1
29.082968883948105,12.304967282375008,8.29416657374443,0.8610604653911806,14.107949305099488,1
42.6460008283145,20.248954133759398,10.327116220389852,0.8177578595253481,7.913843860207321,1
46.48085795938423,24.055763323000193,9.026114383401627,0.9670907671340561,8.839488942629727,1
0.6017022012152601,9.14780590075161,1.5149250466813773,0.06705834669045341,0.11134562990795116,0
27.851083505095225,12.245451421491051,6.005303586918359,0.8488658438469773,11.899643571263624,1
15.51831013964188,22.933584772663284,10.134979613418572,0.7417480032723885,7.369803183889847,1
2.445982589903078,9.675397790244958,0.398761638021254,0.09229652620690094,0.08466898503660669,0
40.094134574374195,23.39689477498843,7.16300940296162,0.942157591120648,12.574021983310274,1
20.9170212196797,22.073159228365427,6.297062579900269,0.836126128075106,10.069301160771944,1
1.6539749739052163,9.267994208008654,1.5306648618690881,0.2358965418408231,1.133128006460281,0
0.7300845279605411,9.433767380784666,0.6195306282858069,0.15656533857824348,1.3274089578525121,0
0.3830538213055662,10.215774729879557,1.9530039472920249,0.1934016858216853,0.5557338002877883,0
17.792619327190014,17.433604066624852,14.429127113917565,0.9164535339530271,5.8812656950055775,1
44.4323345320711,20.367830067443137,11.093037189565074,0.8402071864994836,11.264856399707574,1
32.92081861880658,19.13494282271516,10.383263720099121,0.8695221374440316,14.487049182391807,1
3.149602520306298,9.026750685290436,1.0823231182013169,0.026546068709704208,0.05276723601107669,0
2.475279728272924,10.269801739685107,1.010331423045465,0.2244104218024766,0.27791981049783243,0
32.273579058141735,23.44869001315193,8.972421314668352,0.7806102207262804,8.475998144586509,1
39.79134171772896,16.782013354856414,10.552633226079402,0.7299795631163228,13.050176932346279,1
4.737669253667226,9.533768866867456,0.49975242033095535,0.18486521888824176,0.997745642307762,0
2.1436257087574075,9.27350277536733,1.8846018758024135,0.22652046123948752,0.41604912546649775,0
46.66118385895042,16.42866867068268,8.771119845344444,0.9719174447086478,10.301155650353152,1
28.52728030023698,14.746417920196553,11.3267703484136,0.9928041776796382,8.106009713953295,1
27.034875143990277,21.020448953208188,13.842073518293187,0.8416350232699723,8.829093281797856,1
49.944743187332094,21.781231898353074,13.639033162941132,0.8953593136286039,13.562851280467623,1
34.6284319622131,14.969316500376703,13.222111553077042,0.7886806832512664,12.05362690896682,1
4.177430778216481,9.24397832728485,1.708691965565431,0.20603033867915088,1.0401653664331678,0
2.7333974994439347,10.063945705376497,0.10007167286951346,0.02081859448216262,1.605358325411838,0
43.19532892544318,22.28758540748035,10.81366557204575,0.934235645009643,6.91773458293671,1
0.3992821229112825,10.166976638982682,0.9860582090420786,0.16923808312859892,1.3078627200342405,0
4.381569849577544,9.446969691993404,0.02374269333871859,0.09019669216822324,1.1561500983696633,0
3.0732055952725097,9.070558580122121,1.7582204477859296,0.24382705598914783,1.3296000877341698,0
34.22004053345079,24.338461939547212,14.986173191643847,0.770622174652458,12.269798713458155,1
25.022812376050553,21.93517487585755,10.39615850601837,0.738711036343131,10.26519447733236,1
3.4346370838715123,9.44100508289243,1.1197862030718988,0.09027572194962563,0.3342686297386144,0
18.360243127715346,15.862250849250053,5.542711853893736,0.8789891597071423,5.868629079861828,1
38.484114832002476,21.801189897738514,6.103942342499337,0.8403407236112017,5.708717006548736,1
3.850656459644597,9.21232816421566,1.6682508664944917,0.002443874458270545,0.42611470146601227,0
35.40494679014105,17.22149063493694,14.490796031828168,0.9331557728318829,7.854052903028416,1
34.55474481086338,12.773661753331666,7.733288766658907,0.9773988064874788,8.542460031892443,1
1.4532148465326555,9.446239004989001,0.5926961537611615,0.21767047426798444,0.45965208358507215,0
20.203539729366373,17.932002851556252,8.858125217592894,0.9142646310571941,5.6950877144858625,1
31.656721461562025,12.579410529264202,14.705733326273604,0.9148189160258674,8.231940653243361,1
42.74371207281194,23.538311959364883,7.830169658837695,0.8313891891887705,8.549950410383536,1
1.2812746194453628,9.570292496962766,1.742543701900234,0.19894434881994674,0.6834237586833767,0
38.16267498350823,17.826964188839156,9.466019011066559,0.837293684810062,7.586817738014284,1
47.40259923230989,23.82044556491943,10.121699559338872,0.8080426342416813,9.650353247306729,1
19.234991862922325,14.193121356448694,8.157956445082512,0.8781621303003584,11.455114854786993,1
4.401258866408436,9.41990599453786,0.21191182268809539,0.03367232159747658,0.5824466371565522,0
15.27243895941385,21.78876102484952,6.063681663852437,0.7247047431892856,5.027012168341635,1
18.49041713486788,16.72321818239713,10.01350993633746,0.7130191535735683,8.484779757956552,1
44.119651858862156,19.43402827557579,10.838898233720485,0.7629326241337324,5.741087493003882,1
22.515729379254715,18.716635377970366,12.36017368365336,0.8670533239403687,14.290208857168011,1
4.7503457763670305,9.26916785637128,0.05084137035904979,0.01182286058711698,1.1750249588535582,0
34.05859525165778,18.92003342393884,5.758716412240475,0.9094646360483418,11.23772190650853,1
1.214842292272853,9.963463433686528,0.5521721769785246,0.06523429020231009,0.508355428611315,0
3.051969333220268,10.40866304746536,1.3434896809549668,0.02242377109089465,0.9213699469642675,0
49.26253764559466,14.241076088364304,8.574831034918828,0.9188278281948145,14.639437342689433,1
27.709640659081177,22.98121917198621,9.183833377132714,0.8322565338107547,11.342430909775427,1
3.012629450626267,9.106984484119222,0.1384602514912634,0.0631159663482372,0.5805890313978292,0
31.417111907740377,16.343773354390255,6.073611184506678,0.7436886215576354,5.334379855610977,1
43.9416240409439,13.274070393322242,12.039420824219622,0.8013836713135872,8.0998013643547,1
37.5847214363247,22.747459429151668,6.069198643798214,0.8514262970696624,11.970911382607586,1
4.408612617581303,10.258045860442575,1.1643614722892797,0.07464489460146663,1.3224667665237315,0
1.7013749111701544,9.93124894916129,1.7819907492885296,0.14885277783033457,1.6494463281538403,0
45.512921985863194,14.026449067887475,7.064452324162004,0.90621171008084,8.52435941526575,1
40.127795826789935,21.656679520603255,5.5085396883373985,0.7663369788667045,7.742618501588997,1
26.80269684685791,12.18462803021994,6.534175794108874,0.8263407568727499,5.6850279257189404,1
2.0328390395274547,9.533432998886349,1.5820081481308146,0.15306387494343662,0.25569947398693404,0
40.44022481062322,21.202207344904654,6.532961605153874,0.9744255494276208,5.644051160150432,1
23.466702040711525,17.180526374451745,5.191729107498983,0.9317493538288941,6.709448935675858,1
32.15776911288093,16.65776302711047,13.278286070661927,0.7067813318077679,7.438427299661053,1
3.6861383862491337,10.049569615731507,0.4925414682063465,0.27102232675883786,0.208742916165658,0
4.2513369716796205,10.059553157775461,0.5809579184465092,0.04955189985553433,1.8428672580489067,0
30.47546483394841,12.92953931631126,8.896574222881153,0.9224809059211626,8.864433509308174,1
4.014831505542834,9.640698796572586,0.4670836038527366,0.29835772451491,1.9131417149043193,0
39.33739877561544,13.374419285604754,11.648077585802445,0.7858542612393722,6.989168137372247,1
4.591290839706532,9.904505760644867,1.6061124357823577,0.23750852976052397,0.38631550224195976,0
26.258186498816144,13.718103107825307,8.763875377344753,0.9016788819797698,12.823958086444591,1
4.935839198151022,9.476939747489427,1.0639113975663532,0.15338940731114656,1.908803019662132,0
22.871037307893612,18.75283422308609,10.626887557907294,0.9834842262464514,6.9557064710152305,1
47.573187638849575,15.515800411128543,9.003555942699585,0.9611187724677106,8.591618242804188,1
25.69054792919686,21.679847827043943,5.475177572071104,0.7657885847514492,12.062324985317819,1
2.88867885080421,9.772626564257678,1.3714144585721517,0.19485972931961695,0.8484914064131601,0
35.298873707110005,24.32469266408757,5.687509520886773,0.8522182281534881,8.289197782107244,1
3.608242721258679,9.111992466967836,1.8288807395080946,0.0061930318637379855,1.9247002668765558,0
24.993377510036886,15.874552796287627,8.831014335905845,0.9506712129893682,14.672132068082684,1
38.093729494268814,16.14797464016944,12.671793284036616,0.7620748562038351,14.002348574321095,1
41.02258875226764,18.915848137520165,13.090345502403416,0.9342198190086008,7.1500476827002855,1
38.516220547273036,23.851036671544566,10.021620107636533,0.9897516325174991,14.416348520733687,1
27.335145603859456,19.213827839730314,6.880410925887857,0.9578996642999426,7.577552156281096,1
20.138057111389873,18.226921137311034,5.174305455020459,0.9201686112698779,5.735812944896908,1
3.592300891615834,10.155133546881123,0.9246569949185652,0.21422610680550522,1.471870783874891,0
20.70208075505667,16.37864844257694,10.546991765833159,0.872583878456425,6.30876333457687,1
19.84324968896714,21.72610338737305,9.696542569516236,0.9348802518219601,12.462548943502053,1
40.430501803925864,18.630782971073867,11.219626241309765,0.8186069532584149,12.682067678074908,1
16.15419302889077,23.074543772114982,11.840248616920718,0.7796109199361032,11.879628401187091,1
38.461187189354,20.351545449111505,14.310192758797044,0.9524249308076049,11.474469237512482,1
32.21499049876016,21.99008134363374,7.216473146175591,0.780847015040009,7.427149867985832,1
0.34945905943973843,9.96004558252752,1.8785204578230477,0.0005795742874515564,1.4515420939155548,0
4.737386171978123,10.326857980587395,0.4291130426600045,0.190216516803295,1.5217829459224803,0
24.347517947218073,18.19889107315493,13.226362715572206,0.781407710557341,6.852075116438935,1
42.784256925201575,18.043047448152677,10.375231002030485,0.9985478230600364,8.99109299557426,1
0.5327974023388399,10.358983725973804,0.08250064694346104,0.1294952562553144,0.10449116740165576,0
41.893997513207296,13.15968526462053,7.11158037431927,0.8506394922758598,5.200117236287748,1
3.814994488559711,9.876864709127261,0.07623649037698321,0.14642910476184817,1.4240587141089027,0
47.40130925693569,20.3894931022579,9.147358025299937,0.9791053531399203,12.848829833877943,1
49.00194752648087,18.063117025684946,8.053532135477898,0.8287571745880103,8.048131446451325,1
3.126057669287575,10.479573257443338,1.0671794602208173,0.033931726950515946,1.6565471296319767,0
17.912063577812724,15.814149882215203,13.778047986089849,0.9294658480495889,5.221566294162435,1
27.754345309839113,16.58906176263387,11.363727057095906,0.9253819350813237,11.785170694844144,1
49.805753099095455,24.73981939473242,13.821667244710332,0.8724608485474212,8.98006437503815,1
3.3063265313254577,9.614017381323588,1.790825422388438,0.04877012059904357,1.9910328971806495,0
0.25011133458278934,9.232914904765996,1.5784875787042603,0.10755228935860013,0.23669066743575584,0
45.06452368612409,24.890725063634168,7.9403971003999905,0.9130730025781777,6.153998582808282,1
4.0760318878282495,9.127093024935476,1.2459457753761913,0.002035665893048277,0.08691249260234124,0
4.864471946938474,9.083603289752103,1.1479230350032594,0.25890863377508544,0.962765423496855,0
31.91590070440529,16.36761399594665,6.544932362060382,0.8200964447461839,8.664935791611635,1
47.664674433267336,22.4782145598399,11.929717937736672,0.7015076510095936,9.2782345663825,1
16.20763567744141,15.745626675110993,12.684479004596177,0.7615815822411405,12.121881936741143,1
22.34526370476924,19.78829122633578,5.889295227550239,0.7174503276162774,8.722452951860713,1
3.672023212716235,9.861861755209526,1.6445494229458504,0.16880086220529258,1.9287785133145203,0
16.9216711818771,20.75408922738786,13.912826648277505,0.941165412620576,6.840410348214467,1
1.0773471637460563,9.300526277172608,1.9810638101676359,0.24052422505372822,1.4965536405087507,0
18.5084479593657,21.330887082611,11.7981812521997,0.9492767472465552,5.415959562564695,1
29.50079093169606,18.156403481470402,9.112523984788691,0.9789826480687012,8.435316114982943,1
4.224751886363021,9.0003613117768,0.3370292869183684,0.009127061896225684,0.6562943610301373,0
0.6381159311887663,10.131346985024322,0.9430802531763305,0.044951440256390425,0.527921708263742,0
22.420974767578013,12.384045591949413,9.339352496313737,0.7833498698693963,13.69905933890321,1
33.26562886307519,20.280246137938192,7.343050993371779,0.8736811528616071,11.471677720509856,1
4.176146454230074,10.340188581250674,1.646452718492999,0.030912508029294804,0.45489650812959925,0
4.763327140491833,9.579204597792858,1.5738562117933235,0.18596938552810433,0.16547016612448218,0
41.22260077818144,24.201612745120567,5.538982903937888,0.7036539506249624,11.613381138362126,1
18.197385287825284,17.556307742756097,6.34797828419477,0.9741008792328159,9.702839362632368,1
2.5621427568832815,10.009070417250655,0.7742610179422966,0.07539230614264704,0.33240107361749094,0
26.14642989608069,21.40198296187195,13.016056766130431,0.9375148502752815,14.776744141287075,1
34.97413815518968,18.295460575426432,10.499789863838643,0.8475371897871005,10.654563660741083,1
2.998595055551387,9.266358003947426,0.6074661781770907,0.10103778332463204,1.135656222344632,0
4.784958844352207,9.090654817410845,0.8865068829499243,0.05587348148993242,0.9706897942688362,0
1.9635426607210849,9.924057792509936,0.24847341111161803,0.17384825483707836,1.330265720367451,0
46.843827429122115,23.315206020375882,10.58231750279661,0.7974396746141081,7.9338967558297835,1
26.327019360316765,13.035340881757302,10.83435634710885,0.984361050585904,9.850719855631738,1
19.36149726976324,23.149527847143755,13.97508835108354,0.9840123745101664,8.974879924226277,1
39.04284244833461,21.654589342533477,6.798963187348388,0.9743334046168626,12.51147243951441,1
4.328504961620018,9.048164370723088,1.2877358551102527,0.22888466355346831,1.518973138376614,0
3.517540720441704,9.896866488394998,0.979787488768348,0.009649581096789416,1.2491945030403087,0
15.243515555615193,15.121646065869758,6.008071971390852,0.778063410380726,6.770432945283974,1
47.77214316148792,19.690791197917616,5.1206251782240075,0.7102875034931627,12.023384341018618,1
4.463979697949429,9.980851719553886,1.3444682996012103,0.001601742590906563,1.969743132227204,0
36.569467122321704,24.169925358669303,14.593798543869475,0.7624329989261522,8.111936024689445,1
34.694904016977105,13.296502640470472,14.219556301327502,0.7422311373313639,7.248968057304072,1
36.81066138106029,18.10076884218728,6.166029664288008,0.810336125644169,5.254471432950391,1
4.926036629555469,10.214869680459136,0.9204132363132307,0.27113017841973197,0.8196953462367,0
19.792158839848202,16.43322221054964,6.877280754982737,0.9463600610049864,14.147539013379598,1
1.2907908382923916,9.05662097545115,1.166390323766092,0.06898842462031025,0.2962678440327662,0
1.2163654223534932,10.316061780812086,1.4858174399074449,0.2699571845547585,1.6368052949956469,0
4.036854698962447,9.953390223012281,0.6074419071823773,0.29488347648606633,0.5482723343838767,0
37.15601168927098,19.517751997254248,7.5924013539027015,0.9726472092906391,5.211723637353785,1
37.9528697964902,18.461307421103687,5.320635170945415,0.883693386652119,12.161738769564305,1
17.20831384141255,13.402125089995689,11.502507196461899,0.7937464978428564,8.480301527082528,1
44.64542123861793,22.762856807937837,8.828242079635038,0.876735620794071,12.208163164749156,1
1.3439064908080205,9.798368710712671,1.213719615601857,0.1466338164688998,0.8159887244963047,0
39.6061094990946,14.89384727503609,7.612001712739129,0.8535706363808871,8.196181255080713,1
2.3124510520279666,9.83407863641994,0.5697122619215194,0.0072720777067169055,1.2500389083362082,0
21.009289759497193,13.332948995464372,11.125928082758765,0.7282631090837481,12.54282333035216,1
4.951871046773187,10.024527477741241,1.2870483207483785,0.004563928558606622,1.722466823773475,0
32.256229253907165,23.00817935319478,11.007397744503933,0.9045499096098576,14.935015603957082,1
18.764648711965194,17.721660055102245,6.233058053214248,0.8459339835073143,11.252170586528523,1
37.71821091884918,19.3731201428741,10.534295611637274,0.709557028758478,9.69302996360007,1
4.338910221963817,9.555221877525625,0.14231051176516218,0.26823219534142,1.7763799059283745,0
45.02831808908177,17.08791521372871,13.886932147847983,0.7720681499186636,7.802164069905711,1
32.14761136357012,19.00404361949651,7.576570229911551,0.8098723543400845,9.341865919634696,1
4.169583002305185,9.830296328035775,1.2322216008314422,0.1422976711650873,0.7833330857576177,0
0.1682516606752832,10.011648834702896,0.8092117658937261,0.13364330492500373,1.7473454543595295,0
2.5944476582554072,9.209878465840491,1.0262830030265542,0.07272564416616326,0.3686626979763825,0
2.710687546530833,10.034453612872682,0.9386465940869402,0.13189672021774948,0.8925733369487026,0
31.46752516813888,17.042680876372486,8.759599096406637,0.8920146390790169,9.947943549418735,1
0.48275239298872563,9.020134372680191,0.8457121571337229,0.056283296563627405,0.04329580517449583,0
0.0928535938254943,10.332964004044433,0.4538015344876165,0.27878419550574274,1.4348689017565073,0
3.3359517232128044,9.367259326214281,1.433107279557999,0.17937882804594898,0.42359857716309546,0
1.6073123897390222,9.239444899879146,0.4103656667903215,0.23656555260247697,0.33439170909453675,0
31.733395658637754,18.56794421142176,13.51207385444744,0.9042785609930508,13.972433251916417,1
46.722397388347616,22.192803137770227,11.225158684127159,0.7945169489822798,10.4188017327622,1
25.205220086597574,15.678318384485305,7.382877764480681,0.962536617205435,13.679644466821582,1
2.728042322135753,10.06018575659522,1.580814951765976,0.05812167990744318,0.5235057380740473,0
28.397800785087256,19.658734241028498,11.476693561208258,0.8355225260546326,14.686914502130431,1
42.05815495659892,16.32474882489421,13.314166219303111,0.7823716946653064,10.460988080032909,1
2.530181351137404,9.504615820774903,1.4523642698929224,0.15297974862229455,0.25952446699252874,0
42.55640431100883,24.794144473281793,5.199014837400778,0.9097082242126284,7.529118055562871,1
3.9650407956126914,10.383653416505656,1.3325402738416954,0.07069321182642656,1.7890464738219451,0
45.56844575298666,13.092022288768133,11.815260298866503,0.9040329095299832,11.690800168622832,1
4.631040872003418,9.132656381003253,1.9087387244564717,0.276396890129044,0.10799858436207788,0
30.796785380393406,16.994524404037705,9.323338998786653,0.9937785596825928,5.886329747495807,1
0.20609022975849767,9.876402303096752,0.09713330611859194,0.18111801526053925,1.6008217249873564,0
29.33314680975499,16.871503292964878,14.25529321646895,0.9486789673579036,6.089999898629761,1
3.5660950253855255,9.246046097189083,1.9110354128344818,0.20033316793372838,0.11867646161277978,0
0.03609973501858876,9.47489452261897,1.3543814473453109,0.14521168206835453,1.9565389719979762,0
34.04637539809553,14.006703008646705,7.509864855231814,0.9215451916558317,13.060821653949276,1
0.6397497045988243,10.496872701618432,0.5171684431055477,0.21726147384251102,1.816069752671443,0
15.152042372443146,20.38915458338902,9.173871277005466,0.789264028402999,14.127010103571104,1
16.874062781243623,21.22053615170757,10.321111338370038,0.8433631231368192,7.2349431425584,1
3.9508319344673115,9.634138165632358,1.6010302491969668,0.07613929276679764,0.8449575011228201,0
21.99048980389328,15.15003788303682,9.140678257678164,0.769819072561016,9.913490902687853,1
1.4504613247537397,9.920168208851985,0.7076056612879511,0.10008446729330445,0.07587662587187105,0
42.522858508659425,15.250737860631991,9.17048728320901,0.8051410606953784,13.588139146748567,1
40.8826209217129,24.590676239481574,9.554711707293677,0.9488567245865124,14.75068922598717,1
32.08322910927416,24.056496874275908,10.20991388649357,0.8462795314148682,10.783291027043042,1
1.4233719597340881,10.147729741272821,0.9406945174262675,0.09520622508007699,1.2452520547238388,0
28.193249009019524,13.304777436235701,11.337790395432506,0.9640394060300925,13.877535094139864,1
3.8872281412670557,9.574620421999777,0.6607618686592751,0.1344225454744903,0.6923501546122581,0
36.05419772328972,19.882120315868917,8.65025304038823,0.9713421781843863,10.032283453861176,1
0.6560774146584325,9.887264298202474,1.265998887693856,0.01590773130894323,0.4860038282575716,0
3.884301634491407,10.182872647662707,1.4160475679958235,0.07626534872000647,1.7241681716804629,0
0.09624481924446981,10.237822418627765,0.2854437079370762,0.09286259755862643,1.1382139607256077,0
4.431881923121976,9.812530236050593,1.2928034733315994,0.1636088556400925,0.10241269838065814,0
26.656373237718796,17.19950761959119,9.233267270225271,0.8878538358773544,7.867957291885398,1
24.754980029940214,14.065084995271425,6.956662956253425,0.9918932141260914,6.5311344577219845,1
2.8392048027586063,9.062955755109101,0.3535137348469215,0.25949819190886037,1.1257996527135798,0
1.1865885210194556,9.43299945401319,1.875975730918994,0.2477014337938434,1.3955940661250477,0
20.504573692673763,20.35577488147411,10.362983657971865,0.7824208753888903,9.797713577823778,1
26.458183804038974,22.152282646356333,13.404495816388055,0.7970828408302212,13.386571544924571,1
28.17359737545638,15.856071203840937,13.894467583516771,0.9998094796578036,11.703536396617991,1
4.539453002064164,9.544783794136274,0.5743045268752573,0.1502204718432595,0.9118923715373226,0
4.113750073825616,10.3965885463308,1.246876267388224,0.10309419253361954,0.30803265074873254,0
40.06327188714865,17.12535706144469,11.770819719511081,0.8427945071047661,14.937731027679316,1
36.006368051001395,15.692786007036299,13.80548342338957,0.7981750923717451,7.897376005288893,1
23.812595867140953,16.814162280856788,5.202362326399505,0.8571979502394002,10.050578002704087,1
15.717221640729106,12.218494637674853,10.202126887568292,0.9088104196687397,14.421424822804047,1
27.61865212480767,22.38044752685087,10.24037669867587,0.8716299450914875,13.530135589879254,1
38.8925708802596,14.708690257973146,9.61770366396279,0.9731039038925966,8.267410624773712,1
2.436247801727255,9.533155021086797,0.5030260793528016,0.20840151887908726,1.538970774631174,0
0.41171081548360855,9.9097888005758,0.20746032908498835,0.25077287466178644,1.6291075740399936,0
1.6092331760066014,9.369716864365104,0.018011328528950488,0.07064142510326314,0.2754566030342822,0
25.633249400772865,18.623275591970888,12.471741705396504,0.8387689924941398,11.01384222768731,1
16.303885821496863,12.34251531852093,12.391246671365462,0.7954029114442894,12.963001859676636,1
40.1724006671826,23.46226472904886,11.395620980339606,0.7201592712257121,7.531521254896174,1
2.7802866759573073,9.490466434864109,0.8849826273360748,0.19408401250119162,0.9882514822825412,0
34.52309384232014,23.196722325811926,7.239062019134805,0.9823774588127208,10.991186848201082,1
4.367798011363064,9.648406931682253,0.8255261454975873,0.22927368625571404,1.165107674083988,0
39.99249116498172,23.278244736792,5.4312778821882866,0.8721851268979776,13.534806665264895,1
16.894704294081226,19.759139190198383,9.27840570627053,0.7991898864578626,5.90318560299073,1
2.9606161817550927,10.229276878065107,1.6506031246854291,0.019923126111819844,0.3417203987729296,0
4.526865941312137,9.614206112833166,1.906145537244274,0.2596288215248058,0.5930031420478781,0
1.909917348451517,9.815390952697754,0.9359707322078838,0.03818775992852351,1.2990209870038476,0
32.846148187196356,13.362694332229951,13.582913355531062,0.792929374955556,14.71297460306592,1
15.309114519795706,14.474982523792633,14.409461932706545,0.8563446716515271,14.972272046291318,1
44.76045578001271,17.642924063607744,14.285220750424298,0.8770897215266799,11.300071354465231,1
31.094787831515124,14.495895353000272,7.248750918056959,0.7814634306005317,9.492598919308392,1
46.564341075458486,13.65583646843369,13.237242861369873,0.8229515434328782,14.908013559459379,1
0.04930364168569734,10.016802924086619,0.954320092823163,0.04831386448820402,0.6420430525489333,0
4.013379062631434,9.209290170839504,1.5535365427001457,0.187753999815183,0.8182875758352446,0
2.47777845187965,9.026810296254475,0.6694453738293038,0.05516197221629736,1.3602856858233539,0
31.587191631891717,14.518103806214127,7.083836790088254,0.89839118868606,14.112561518342881,1
4.616923339953619,9.626021880456213,1.9257246683714844,0.007251105640051048,0.6126891504042926,0
2.682773355053997,10.127814366553785,0.28012911871787294,0.10448238460895744,0.7790983289630449,0
28.902255650741402,14.758344973369354,14.112354154476932,0.9799407605218655,9.975751441541355,1
25.17603530617359,19.99202239103141,14.02776047764545,0.9886874625017761,11.536029525352266,1
40.002189639077166,12.722522748323158,9.887312689772875,0.8737342809626816,11.172910760526177,1
1.0994149485367455,9.552465573130098,0.7280549384291326,0.28783187872234944,0.8878899206534379,0
3.5863176267896355,10.146928101020428,0.3358063932041777,0.12586189335801354,0.9701106619119304,0
4.72558753671273,9.321687343986243,0.14831821154806146,0.2674361619434248,1.6953623959244333,0
49.427488586148414,17.101783031053415,8.622954325895684,0.7955813113847963,13.947492209757982,1
28.38276092708488,24.149254943062665,9.321171756158945,0.8616458101749007,9.461143071251877,1
44.13849220773338,21.292538997706608,12.302441662702574,0.8537424112358551,12.121180563341353,1
0.6959390137899352,9.005081771973959,0.4905801872872859,0.21137580964000507,0.1983890602257572,0
23.97425053660415,21.46022373929409,5.735504789762792,0.7668244973137566,12.485647184536269,1
45.62620859358405,19.984115134010587,6.881999816798623,0.7855833990822639,9.759266973649634,1
1.7643867525216699,9.214591023307062,1.8492673551954064,0.031203736285524097,0.775413326262175,0
17.49223511394314,22.382935822094712,7.433019279829671,0.9176236369578912,5.683483714481947,1
22.86235717501882,22.544378522602074,13.785172090640158,0.7214354141828266,5.324601417622764,1
3.6369864692297575,9.556065985556677,0.36873647603938764,0.13292277988003465,0.33149803077690976,0
0.3250274470540315,9.553318637488914,1.6655500624546982,0.09789607719647779,1.4556683251587432,0
19.066327125416183,19.215240814668782,7.872125711273616,0.982052818990317,12.620716534397257,1
23.490202101427784,16.590791312655295,14.501807108180417,0.8735447079192576,8.65771518963022,1
38.757159423215015,15.00415598774939,10.090034454826181,0.9663454344894996,11.937579203490753,1
20.793927818808054,21.507601633105914,10.244493944722521,0.9942719674870388,10.528303560923995,1
44.832787224171526,21.835184580751612,11.1051316409216,0.8092606667948548,7.099318316734844,1
42.412750996830454,13.886439561260866,9.92078186535646,0.8181832794071754,11.113173870530813,1
1.1449359265015584,9.789963395287796,0.9030927219461129,0.17388326976848517,1.7543098007423885,0
0.8734981511189066,9.773246213965486,0.5229858074552387,0.21679416061832055,0.6427022003794425,0
37.796763703007194,14.002984522150086,11.465350987807327,0.7547954856231316,12.50523980696749,1
0.2252979095986274,9.279051092056918,1.8690739632824065,0.29305027955405677,1.4794998947809712,0
3.9764352239861127,9.946169599657399,1.1751235442995966,0.10606465626130114,0.9649029407622352,0
4.998178127127219,9.743600692953692,1.5428599779858727,0.0006552283516671698,1.7774928095032838,0
15.203131909502938,15.91245030226274,12.489176404785196,0.9382488126512829,7.0246754209575,1
1.5605973266960227,9.722633744593471,0.6350913153106761,0.10822432351656276,1.338662357405478,0
22.69968944139257,12.114592832828144,12.161276404767374,0.803331486528553,12.866525160763468,1
1.884279914920544,10.060901877999658,1.343332114418941,0.0588541820813936,1.3429160626007226,0
27.204598379504244,21.92741142280186,5.9695139262671475,0.8053651058915464,13.372399995154593,1
48.150921709701585,19.73760235177069,11.578839353365314,0.7191733962847423,6.659944606751252,1
42.17369790284541,19.747048557517537,11.443657004925674,0.9272529468455518,6.179789994370257,1
23.911326525335706,24.335229996632357,11.3545717961889,0.746770373061984,12.2224857808426,1
30.041088337648336,18.422557270164532,5.5521762675040565,0.9863912540080167,6.285772607968784,1
37.93102501122718,18.593651177981638,8.430154765005966,0.75527484234833,6.064475888331079,1
1.1447116806972262,9.182434336020142,0.7267849588642532,0.07662848431382714,1.0133824020125974,0
16.53180465194115,19.37029614723551,8.982099641179952,0.931589330304965,5.384256456390586,1
31.497883856054912,23.29216621663469,7.915767695757653,0.7386439221288964,13.553144643629384,1
3.3849980268289293,10.012569933434879,1.9582067885045467,0.2135858964196651,0.9864869918668946,0
36.9050438974541,22.316685563630205,7.80590215974369,0.8670395153119514,12.087285799048995,1
32.87772106746094,19.237993358667378,9.11255187910329,0.8381011694808205,6.160173871230032,1
32.72754203629239,13.115540032222706,14.695265233240068,0.7116054874771575,12.535039011073081,1
44.61011981890889,18.13857190203628,12.269538687331,0.9997989764479257,14.902656397289281,1
46.85775954936092,15.95343009545688,9.497254105921062,0.8631287367755966,6.002318781762861,1
17.849969104742744,17.66592479534544,10.558404876834986,0.8215468621258495,7.105791905049434,1
3.47270987018637,9.083225913101867,0.5690812205441123,0.24576917305203066,0.1597873755827217,0
0.8760118146202001,10.036002023158083,1.6855744922278582,0.14446183430897233,1.0627835862768755,0
0.33084360862590423,9.323907306030202,0.2557076358173911,0.09372176930388953,1.0287664930220404,0
2.690971858422015,10.188253704341946,0.9895144791716086,0.08999217244635975,0.3207484703333441,0
2.0726041469509053,10.263249045092074,0.4600009050967997,0.0017162794625893874,1.3026397944524786,0
25.28729551400266,15.300868020710366,11.19966291462834,0.8606844345622995,5.602203644452363,1
36.322793196927414,15.57380838726913,12.167977166993706,0.8784748062756614,8.248241097485547,1
31.835657293016162,17.387823155461234,6.067138599937687,0.976962650761657,13.050112990817237,1
4.36474365204501,10.29543450137993,0.7430391504871465,0.06266666781445293,1.5502921554571893,0
48.92394123018883,12.729042200427722,10.914301588990106,0.9574928321521143,9.807409124097227,1
3.1115767822713214,9.992512591076295,0.6220834101139678,0.09600329677411902,0.6789878301198855,0
4.128792288084842,9.527471601170857,1.8117528441924011,0.29450535178111464,0.7001426245499058,0
42.004126005933216,14.904363084085126,5.80846801643254,0.9624799973051946,13.587512591908919,1
0.8132692688106052,9.61161037039458,1.6620726265453711,0.1983000896462559,0.7895750183414278,0
2.4268618560227524,9.530858739385287,1.7829101291127445,0.04976337739876064,0.2990172790413923,0
18.23944060513599,21.381949085966127,6.404973148608017,0.8168160564003076,9.115557465450273,1
3.3418035105869706,10.110224090546387,0.8962573989303191,0.2812577960278749,1.473313470437581,0
39.64994944577464,15.286515846878101,12.587735622539384,0.868335922536323,8.002254542476583,1
25.496000901953174,14.779905563438437,5.377829680645951,0.7129041893140166,13.700551931092829,1
4.006861249377296,9.105355958804221,1.3779115803423396,0.05248380410730894,1.1927708368064585,0
1.7972251309111957,10.390061256508636,1.3973139601624802,0.07715314080732817,1.1281698433772502,0
4.587589842747853,9.819783686748627,1.011931126040006,0.06670590576309433,1.08957330806041,0
37.45216291725008,23.39994611432101,11.760560050132531,0.8070951076420338,10.126880723288114,1
4.385793021330696,9.592881149653376,0.9326059799637951,0.25819556621628503,1.0436464498999045,0
4.656333137006689,9.596817881216053,1.9060323520808855,0.21083486314979247,0.0840115348376238,0
17.508778288636712,21.180768817545854,5.339713213329508,0.9527373183132363,9.659439509299848,1
4.155636083588728,9.023223688706272,0.5458343206487426,0.000736375933153266,0.8314226182996967,0
17.997023075498745,13.224206077214085,7.673295483626768,0.8891374891727273,10.299106085609491,1
42.13605138581316,19.467570279040878,11.956402157189359,0.9772949065022287,12.123940284729215,1
31.139962225824497,16.045170542028664,9.903580351651874,0.9318232433639236,6.683852983030545,1
0.11542740275885088,9.200071854956613,1.3092429915941102,0.24068664490910624,1.9764069854539483,0
30.727006837563756,17.489797466865813,7.525610712695254,0.8116838970429724,6.081507560236657,1
0.44487767934669187,10.291874077774597,1.6262100942216877,0.010020901973230334,0.18216882976010296,0
0.40930752958146965,9.45120924162815,0.44894573885720557,0.165609712751955,0.7147528068959248,0
27.889197645516962,12.592152027549583,8.002271115413864,0.8593328267632466,9.08221822588232,1
3.716495861534895,9.325414838111003,0.1223435103318875,0.046775680771936765,0.8836961743477141,0
36.631313363693494,21.339739171562037,8.920295348035912,0.9714788550945446,10.600039892289184,1
41.91326635057886,20.952154929834975,12.41660809476318,0.9203405157625968,9.705918158017838,1
2.3527234247561135,9.471776358313658,1.400375121660913,0.2478807449587743,1.4626901903705432,0
4.964317168017762,9.10791953885916,0.09209032008979712,0.10590728080759661,1.9386344065386734,0
0.5203797820912348,10.184000223510829,1.0646612051742053,0.08768705181277595,1.3115546035683603,0
31.338381710142027,23.189446608686197,14.530765893580211,0.8270275694940504,6.724410792932307,1
47.48758784766581,18.874467836037965,12.538034837685448,0.831790981698399,12.46082156572893,1
1.8413516272256047,9.969378776485787,0.06950016346809207,0.2666652822251498,1.2831946586897298,0
1.995708305469757,9.671913625765747,1.702564424433062,0.23269639059781,0.57629897806675,0
4.744878324824505,10.410182839965799,0.7646523291204805,0.13409588704242537,0.5119699075815569,0
39.08610528527922,24.817666129911753,12.670125299807694,0.9825923296430771,7.161885738704754,1
17.950226595309474,20.06041089981705,6.473527660167386,0.7479888752402962,5.14228223729166,1
4.271338463287654,9.033452557347966,1.219010244898862,0.11034966729628692,0.8313220030008983,0
36.74846128258401,14.320292966512103,12.568836076530355,0.7142845682711655,14.591309329279143,1
23.826830649977136,16.221757916573626,13.347984925799404,0.9285415764864857,8.290958803147596,1
35.311626659026814,14.930946027589563,5.648992172317247,0.8877799110546121,9.168492394934024,1
3.590031050538239,10.415450505972743,1.3869338119280543,0.28212041167865565,1.10902511138193,0
1.400266028082782,9.410550944232893,0.34939870284179686,0.09762148869887614,0.3988806740264399,0
42.845308742801436,19.589832544130495,11.713035130935163,0.9970575367755015,5.906620885093384,1
47.16159675209909,20.914139668056183,12.444147140355675,0.9503133590969224,8.516349733378487,1
36.757035231512475,13.666989314949063,7.6518087513032285,0.9505736643214007,8.270915060016385,1
25.56436920866304,18.661632023401097,11.209650962771924,0.9458442165101866,12.613886651049473,1
46.557868534944674,23.901148838455697,12.76640074372623,0.7684992509779931,5.2480933004256585,1
49.92867231334902,14.347750702761408,5.3843339280136355,0.7825163343041501,13.348619180663956,1
1.2437163314559112,9.648340613236563,1.3358674709114848,0.12882563605567598,0.8825756055998868,0
2.135788403505219,9.152900708073913,0.9871455865379621,0.2089641192857112,0.5423007223544392,0
39.591948721327825,24.256036014368597,7.670609402393602,0.832043261961381,12.959732435523012,1
3.2879691612193858,10.252002782684558,1.1167842326573474,0.009328386582916803,0.9228023816511521,0
45.66711767787447,18.012425562161695,7.794424222358942,0.7692899044648094,13.74251876684336,1
27.017368524561817,20.68874794567563,7.281777171291711,0.7952116999202354,14.62755347424326,1
1.8054982031323341,10.278321310084468,1.1075479085888762,0.21536035533937908,1.794077032501369,0
15.038045693172638,23.708535159989196,10.702379645770481,0.8097989224869807,13.291951410159383,1
24.612290793594404,15.550058854177138,8.026222850818886,0.8836940154540767,9.383327756143538,1
2.968987297077128,9.31207432233765,0.6477017731140065,0.19095909282419507,1.763088900811864,0
0.7494714766407906,9.134950918291441,1.1267674813323312,0.03412873874419554,0.2775517682252615,0
2.1813782781978324,9.06631611590355,0.4892253401390503,0.22966450622979473,0.13826667163497874,0
23.5858674295093,24.55528989139058,5.082362415919601,0.9639161599180648,6.99728519122405,1
3.0756329127515585,9.071097866896746,1.225444103883514,0.06767398324832852,1.8093121248176594,0
34.384082055373824,21.49918949671752,5.423349459024921,0.7033597915767112,9.580669390728913,1
1.5439601490029797,9.615245653845957,0.6953313415177331,0.03492009534911276,0.07779162449365229,0
19.061871078459912,12.300389086237244,5.511316381066972,0.9862775324545929,6.422862186109358,1
2.3671745161684674,10.20367761822224,1.4733717517387308,0.08919531285361408,0.11712542104095669,0
4.724177265103687,10.169412963813699,1.2042036602546995,0.1364880952179033,0.7123570686568421,0
3.860761657465577,10.290902624790435,0.026462558387236434,0.20534253056354332,0.038195311206408844,0
25.980734059562888,17.753657303217963,6.146399435857068,0.9510772989727876,5.276318328559306,1
1.309646224241145,10.033277793450997,1.8473786820437406,0.10194810740203468,1.0057881558808384,0
25.94297100243268,14.317030285850585,13.591821994111084,0.8210568299521688,8.985437143653826,1
32.85067829048111,21.347223008655153,13.007834133738928,0.8480466141215046,6.154275607042678,1
20.071453075757113,14.305046295794384,13.626740703318891,0.8178282756774158,5.043739822830093,1
29.142818532265828,20.497261795330477,5.188722545906053,0.7381957786765874,12.82034269884919,1
3.7557418391129134,9.884669401167118,1.538373579991856,0.12865630839199152,1.5169114946182531,0
41.33652052688085,24.18214917538445,5.874490843688866,0.8673702336431528,7.538808461240319,1
4.608637102655329,10.39944382285062,0.4837058941294923,0.239466354476404,0.8661490102891303,0
24.54369683380685,14.47980628666243,13.829754998308971,0.9124033992613869,13.684625789474705,1
29.890091798972094,21.821430541184796,11.050714851807669,0.906588786970163,7.8232635073194245,1
25.96633312518771,19.775833849816927,9.362499117098164,0.9942530104671696,8.562530428988014,1
0.8489631977547368,9.978790316625629,1.2241586364077184,0.23635941587566317,0.5077680219221363,0
3.6651210743182903,9.403815086813433,0.8972265056593438,0.26493991869823735,1.9411050297702028,0
45.84190688444743,17.47548793773008,13.39566706475422,0.8770760095779083,6.918767131023568,1
46.14872967980367,22.98938389258338,7.96945095953572,0.9374465147034272,5.994909336623726,1
18.456916798956293,17.40691492812531,8.053814819684638,0.977663297758667,8.757058053802705,1
25.18023772953945,15.464463600166988,12.6253511205402,0.7770440443051717,9.462622518098986,1
44.09634249498374,16.745594015189475,6.002113490505245,0.9021134943162546,5.077596483374245,1
2.2448988703191985,9.49495397091704,1.6163364943775516,0.03918322801083974,1.9259079071506597,0
2.5389209347556054,9.743760046656035,1.8608469863575556,0.2669897606240044,1.5716009303759488,0
0.585536157526389,9.449020164727017,1.919549963532637,0.1899205829595321,1.1083873932307964,0
4.4801418266249655,9.621930093594717,0.035408890146474414,0.2585321519368064,0.3485573570027214,0
24.714133075430848,18.790982970547557,9.307611583617351,0.8944347532854086,8.64290754673579,1
25.750248256648327,23.766145604047438,13.693401079073551,0.7713096280918686,5.811877870504311,1
1.9622594243425395,9.418977193594921,1.8628206555861198,0.20500088438406414,0.5249206228013668,0
22.432972935587422,23.148639784911218,5.585908877101354,0.7646445948356724,14.985602484850686,1
2.701471213361832,9.334461732014972,0.8142827691118228,0.296397897733985,1.5671120332848523,0
4.144485559879389,9.905126367708425,0.7782460192300604,0.16729271800294757,1.1535216948718485,0
4.44592849920438,10.013399802261187,0.49936077596102235,0.17207538208613674,1.8864685666939378,0
47.91106536337425,15.81779337365967,9.15703578284929,0.9360870431437124,10.460245933207503,1
48.77992452581901,18.366170124573973,6.116374453211853,0.8375814639017025,11.969932340708008,1
4.422482673969317,10.014350602560716,0.6818328183841809,0.1630603135122371,1.6810717598983875,0
48.21275562505264,18.3497304872755,10.027837107719717,0.8863600433812546,5.035366237032246,1
44.91870185472658,16.960467041731732,12.400359449841769,0.8883101240802219,8.756487354930009,1
42.999708539443716,24.16535893164089,9.032294726807958,0.9126164511245753,10.07237555207557,1
0.34739992441765954,9.85557914936434,1.5129553576808248,0.03317375612059783,1.6766756411867705,0
4.819214257969298,9.300100106426349,0.19050490980865042,0.035820192622894084,1.5661973525003,0
1.9647940331834113,10.277158044496671,1.8125084734757364,0.1519115020635436,1.1882092765508503,0
26.86759519686217,17.87637145504091,6.019683689629235,0.7219175938098344,9.622552428441004,1
29.83649131989494,18.619750608198554,14.450505533946036,0.8644611318376454,14.531775382631393,1
39.92190867919295,22.945637543194845,9.638343429500523,0.9283181151902429,10.245855790735243,1
4.30465241289348,10.23246989574675,0.24457744236119905,0.25457629710926344,0.828137238880885,0
0.6141998942855209,9.126963910818377,0.09299207938260867,0.03328687831030103,0.687414184271236,0
2.477295964514722,9.150342384964326,1.5087519110498193,0.0828225408208231,0.8872912932069574,0
27.821498364456545,12.478111305530168,14.0433284753254,0.7383380464773466,14.479373463796515,1
38.794286591520205,22.54328196079895,6.089716293039158,0.7752195478006163,13.94538852240591,1
3.699328997714587,9.765103783426062,0.4884602340191684,0.1005329580110832,1.7261087862318982,0
3.3935661810767694,9.709206696169087,1.7995192307365149,0.10084789949552965,0.5886434884624718,0
41.561928711046036,15.455392485072743,6.5109104760538585,0.9102113728562105,7.576561768071947,1
1.9252061892020582,10.254709787498957,1.8999100186644082,0.24169107758247546,0.7550908459911143,0
3.1793726366550352,10.406629523267226,0.2570079570024193,0.02632017817880967,1.6768254623347416,0
23.364530571448675,14.684671144087192,14.698207852410404,0.7075012338551776,12.857821503937544,1
25.74500639969169,17.179299868132418,11.995589594516332,0.7880068239981962,13.191302215610012,1
0.32596401092345517,9.074883728495069,0.23111339767267758,0.021410104166814013,1.5211162310398458,0
31.24245999009328,17.850370656242937,10.8375418878307,0.7844722857566591,5.77595581976149,1
45.963883209759075,16.155424358639124,8.811093260082828,0.8841136545562684,11.236259472972641,1
4.179922245467374,9.184065665895272,1.6449021819401326,0.1513927312977169,1.7710476775063941,0
24.434659263836082,13.302201241085289,8.524310255527407,0.8208918400370182,5.165371245606708,1
1.2607113033232613,9.57189857863357,1.001877383499789,0.285343869421624,1.524216933394875,0
3.043437639414004,10.425426075255729,1.9975000687826339,0.11155803459992832,0.5976061281665492,0
33.84738277607709,23.59346351910633,14.13796259426629,0.7647324989328068,5.435949217925944,1
35.099463308998054,22.829740236434777,11.881138762610554,0.7063491441946115,8.367056688975335,1
3.740726345515706,10.488372868733363,0.7935857629313063,0.1248152715410308,0.3446236745948992,0
3.084420359831974,9.801152535128798,0.4365389657067722,0.04927232016694633,0.4735960691922376,0
3.742921735017664,9.423342894177166,1.6258096615055981,0.03551905242829621,1.512143220443523,0
1.644226441044948,9.980233398087371,0.559188741046464,0.17122312251999597,1.5443050096149293,0
45.97917623176761,12.584160881885442,6.680905853529753,0.7352415820818576,6.79693094651303,1
0.44939140050319015,9.197894738630715,0.9910183546612765,0.031985781841627044,0.6911617466973949,0
1.663852730245901,9.573172296764278,1.188818767618146,0.020935735200139426,0.5117657720895503,0
44.96936787334285,13.527006946352993,11.89564411051965,0.8226530985175204,7.061461602801641,1
3.260299379973124,9.201988742076685,1.0372300632706681,0.23042219574318595,0.3285959679049446,0
45.26306898614621,18.414775630675603,10.721468777864002,0.8708298049284564,9.104931145413417,1
4.110696045500514,9.842775979567948,0.5289443150739936,0.038991130985643774,0.993354547155455,0
1.5338637567641618,9.712841200502611,0.8987026334590924,0.21257373751949976,1.246863586886722,0
4.166956570523021,10.393704350582652,0.9173216420759753,0.2305725517228195,1.1833161310473408,0
49.47282541398022,22.582675043478588,6.646546882560296,0.7016782467645608,5.427832682472679,1
46.03872335702326,21.29787918875661,5.366840053945423,0.8287960128562529,12.544714750022372,1
1.9964962801289294,9.761841314296916,1.620411699006671,0.2517364809318494,1.819436623815552,0
2.586433838839633,9.111596436557923,1.633151226718559,0.2605519412056173,1.278849280353142,0
3.170252541533597,9.385478906780671,0.10437011559352216,0.0030701569226272538,0.044319071089043094,0
3.9924726676328124,10.446764333987483,0.302486676293932,0.005480394482903006,1.737927545696588,0
19.459727417578968,19.092313074180854,13.579574553975084,0.9034181130363026,7.960820891354503,1
4.876470257150231,10.056608316243862,1.424383456506408,0.028405612418376844,1.4641967396453834,0
35.26277957924512,17.58813279844576,11.415702955650998,0.945463600411139,5.056521048411847,1
40.64690922499658,19.635867201635516,9.495865991117785,0.9277156030201325,5.679258143663049,1
19.64037630634127,17.135992230046504,6.7713545479300254,0.8090883246313471,8.73464216792722,1
46.35489899529856,19.513346631021957,10.274022871700584,0.7481152401531014,12.154569553598165,1
0.5266694712248216,10.448228485511901,1.8817270957893948,0.058178346084204136,0.32334467110742304,0
43.575884946019535,14.885935585246683,8.42868739527415,0.9319926010592791,10.704579152878608,1
4.610656627647051,9.985084059685096,0.8727023886072234,0.2369736005108536,1.6358292520933295,0
0.6531224153829568,9.363353490113711,0.4866877669802461,0.26324375877264977,0.3980353840299742,0
43.04234650852701,22.031685382039697,14.195306289128325,0.859960199310712,6.000646715665333,1
3.1701519630251678,10.265478384792747,0.5222536947229117,0.02931096333032248,1.2318640141733375,0
4.433671959729522,10.00599497400315,1.964080175181964,0.01891009574992847,1.8060021703029925,0
4.849456709408816,10.387063488068355,1.8705403251638673,0.10950104867511551,1.0637819153181995,0
3.788288083014862,9.845205710719277,0.24000549923377612,0.15959152034894947,0.7135925113098691,0
24.555419843901113,20.143841786965446,13.279343248518568,0.9122364375198704,9.794806311910007,1
3.9465022455407506,9.19529168980555,0.16255820968177548,0.006253571942310243,1.257490451656142,0
40.072916928991525,17.907326766659033,9.741601745181253,0.8403588212082347,5.332546072126081,1
4.6838697476150095,10.204686249268558,0.8533479612316095,0.19047427059361924,1.712598653432234,0
39.49964420932555,12.07908304189447,9.713044017565082,0.7356613316794588,13.496633776359051,1
1.219195498479702,9.44681449728419,1.1207597202735367,0.11938718318873076,1.3493479840463236,0
2.2203224571026556,9.096485545849928,1.5913980653429745,0.07224105364638571,0.9210546622727525,0
46.35017111618005,20.99364161962566,6.216181568196494,0.7195137873211421,14.74872533431243,1
0.4797787747329496,9.603012707476292,1.9146337025811042,0.29866442258647574,1.4609962922018365,0
2.14941379062424,9.016542126403351,1.853114230283676,0.1809923635166829,0.4063078743799362,0
36.55217101441783,13.694268739666,6.147959669981641,0.7144006907890388,10.670799705735309,1
4.211247925996171,10.234542463193646,0.4618807184414675,0.02953126470029723,1.9588410273551993,0
40.8060345834584,17.85573294053713,8.23529914178139,0.9569959047418937,10.936132165693842,1
39.14444492025875,19.352336232383408,5.774857974504915,0.748788488894715,8.880492700584142,1
42.008272839544574,18.732793088323717,12.043860785173763,0.9671196367241656,14.158906347367031,1
19.5128056896936,15.114927816366668,13.595277052474898,0.9773837596998916,13.26257729332069,1
18.443492237743925,16.25507145478594,6.361364403505113,0.7469120837599921,11.838839734462702,1
0.24645999511902217,10.041533833492906,1.664451567007811,0.25390463395992696,1.3569270981543213,0
39.6739616832522,16.681711941060367,5.454646272049258,0.7473480943899395,6.372148119640243,1
0.9810782558514763,9.822180097472728,0.9060295007603769,0.2633275026578199,0.20006334213430743,0
2.219063704900404,9.369148683864474,1.3583949107045592,0.2619731837223963,0.745740661361721,0
0.7906632285968229,10.290906735524564,0.8950844709325485,0.27510651356416693,0.9357398272678632,0
3.317784597792805,9.227041427087915,0.20658693510528625,0.17185762548556185,0.8030325083692038,0
2.9463588061854336,9.413528845354051,0.3504485847322305,0.23241648678280247,1.8935823445632411,0
3.424018478229281,10.256608139276645,1.4154052590993675,0.12176632578141762,0.062271475861139125,0
45.5784029477966,15.995227352840743,14.385888581772965,0.7950835865906756,11.54306321534056,1
3.3999275506410678,10.079983846549087,0.16993967486449857,0.03195349110954043,0.25469755275177053,0
45.44343280348731,17.83642068721709,14.792482787019853,0.9879503144196631,8.291367055560803,1
1.1238207238767806,10.31127334994093,0.5268855187936186,0.06160196380171695,0.5284878736244247,0
0.8727294175174827,9.106222052078646,0.8004381910776224,0.17307664157989303,1.709833917119542,0
1.4825475007106554,9.765207812865603,1.3353479020165737,0.007877045642971814,0.7534774906619093,0
25.82441075772664,18.531180861965964,8.38679604457031,0.927103560324208,10.43893696492641,1
0.24411020962684993,9.438711049835335,1.5725646145804506,0.22573260193441594,0.4176808328455841,0
3.1175390497811106,9.536575147413641,1.6888112245841316,0.13598992159396284,1.4528827162148334,0
40.57352042839565,24.9140194563727,11.787816942368469,0.7695535469649899,6.0818619488003876,1
26.543553309972637,20.454752286440794,12.569947594896556,0.924857982642373,10.098740563064029,1
2.0218734978541013,9.339456429226852,0.03465194351139411,0.17247317646213184,0.4248294650464304,0
2.893503238461212,9.970208490523646,1.8611240540711453,0.12850283833048814,0.6627882778852747,0
34.65336095706007,20.280449034270394,14.724845622761592,0.7204797597566502,9.17917684831438,1
4.789096619066296,9.606468646829638,1.750658165275816,0.056806868304199516,1.0957416212744395,0
3.3555624918721794,9.048563065911612,1.1724773440597889,0.16613296877977446,0.6932808639263857,0
17.601580532375305,15.755886105449553,11.27439007682151,0.8698557952952125,11.121498216133903,1
41.09083447274571,20.244470999975483,12.725347961266316,0.7974036869013403,12.405189396178674,1
0.9325550625202988,9.26581406973186,1.7460712030522734,0.22281925912899578,1.3187981598107428,0
0.5933624603590204,9.043470885374964,0.22573883529364425,0.12937373735408308,1.3739121384555815,0
41.56261820151386,15.862047148413978,9.265528542416398,0.755786033617308,6.1105244437810935,1
4.662027480733091,10.060644114241667,1.7911663799823627,0.07094211520989195,0.6908404003535973,0
43.072189575878106,22.256361655036038,12.599971583309685,0.8046984805905733,9.538532556850523,1
20.39924948728025,16.344557249979037,10.179649511213889,0.7679331286311676,10.792678295751994,1
3.3513184341379585,9.695267220537826,1.2267808561272098,0.08175935071206204,0.5483477150229332,0
45.756254859207274,22.864649187920485,7.297606748555263,0.7106815679549526,13.045325957431238,1
44.82827837415688,19.817779150870862,14.608555767847797,0.9010556402233623,6.7517486370418105,1
2.2657837215251324,9.234366171377875,1.9150544556216933,0.23362144707754923,1.473444853002793,0
30.034219323223645,18.336726158877248,6.380276089378968,0.9020174737347493,10.961380616965348,1
1.6201397781692402,9.779144593450962,1.565310022111159,0.251560472296121,1.1674645003202497,0
36.98639115786243,19.114086562430685,7.311758831373942,0.8031467473776257,11.140311984486505,1
15.047879452723787,17.80579091753215,7.767199975422993,0.7313039839976682,5.7515856533808485,1
0.196217880202732,10.481973966630392,1.3287508217031245,0.20434130972171716,0.07599567460948431,0
2.566970046042578,10.214380906214329,1.1072904359984697,0.25399647405068826,1.0371035121379555,0
2.0670828758695436,9.109023233761217,1.4282430548046112,0.21085524701880975,1.228087213945127,0
17.065116689968512,23.77945276880655,6.889250668391246,0.7769561281977424,5.533300682067463,1
1.5559622217718827,9.674519776327736,1.6113695777537846,0.04848481821908923,0.5856712449205208,0
48.93154871495159,18.533370698262168,6.756247813288382,0.8975867526889283,14.754382898535706,1
0.06296306333747392,10.347335278248243,1.1626784338645972,0.10554806912604343,0.4651892739277008,0
1.3238358687237717,9.932010032142674,1.042977243411779,0.25858322747429735,0.983425146980144,0
32.18993391971317,20.872227861079203,6.015745442353814,0.7985056221432154,5.752722410036038,1
2.3335766120195105,9.150429708718358,0.6722169784422862,0.1137635718706903,0.9312373896759243,0
17.882354661786536,19.153841801380686,7.7126858648317675,0.8844802533751442,14.771877391324184,1
26.290243807616747,12.878187478707947,5.329075229809717,0.8815426590408603,11.1914713604919,1
1.6685742423789645,10.488057710667892,0.2056656321283148,0.015891871813830248,1.7112052541080562,0
0.6669829447040465,10.31985814996169,1.0214265738900625,0.02468806230539281,1.233448225400147,0
4.850383094550005,10.001790333359521,1.5571060510370842,0.23284182110745663,1.0701474995584292,0
39.27893352399218,16.194685787626348,10.715889152967192,0.9870182883743388,7.99466712947585,1
4.908636086908295,9.616563848131396,1.5267813568827193,0.02992890121144006,1.5536627388965771,0
17.397764856954332,14.191847597973052,12.912977457839455,0.8945119227154184,10.698254773321338,1
17.71853446454935,24.09008735783116,12.071375179356865,0.7989136526242611,8.907503477090932,1
4.077761270160641,9.92690168326694,1.8899304179722758,0.19392917339760096,0.43197055145900665,0
1.0696143524985886,9.626784279783196,0.5836463751479346,0.22953345313195495,1.5280252513314414,0
1.694915446690854,9.569519374647356,1.7758036766566414,0.1212584638826644,1.249465703791229,0
31.443072649418788,15.333438804480469,13.912294410314674,0.8473203848960735,10.991756352105778,1
4.771823077757523,9.3085872412945,0.6233665136919226,0.09233782666437741,0.5780126694689269,0
46.864388135234066,15.56187780614367,10.051167184706744,0.9876071961735267,6.7239614329845265,1
0.08575840348307051,10.230230488028472,1.759596114623839,0.2571601002973602,0.7501087737710723,0
22.544014978659085,17.455511683167067,6.88174646052918,0.7024914523369988,14.700573600380695,1
4.830485320439547,10.32765747763578,0.016401418855291228,0.1924382556996659,0.13647536620608158,0
42.42960460663413,13.463892937511053,14.120644528763892,0.7583888941609673,11.129773415893602,1
19.50053845259457,13.188386898005984,6.782344232693223,0.9065463373934678,13.308372511591529,1
32.517321327681486,22.311985817553186,6.501536441838752,0.8979194596782272,8.23577604039512,1
4.726831863146935,10.297070944312953,0.13413530308057786,0.19509214719217682,0.24018141314310237,0
0.32117624028710434,9.291080820368407,1.3122994290063308,0.25647769695332134,0.5053592554786981,0
48.425989179307415,18.457179686057913,8.93577820145758,0.8449746082133873,12.902157615519442,1
31.234040613582124,22.072760966510078,8.373295311034148,0.8899320468153195,5.502131214575727,1
32.408340054324675,13.925442023557299,13.11547006334733,0.8261771722470682,12.650023239917232,1
0.25072011535905103,9.594913199001518,0.7400070811500628,0.08544011227486525,1.823508664002954,0
4.342521952983854,10.296619486600392,1.386548854817437,0.18747487865582382,0.02944778372266299,0
35.0956699863354,18.50981857163282,9.895609062276058,0.8368316198551637,7.056294755322813,1
4.119925292258562,10.31820143712889,1.3637458869935337,0.16232035759704672,1.9214756777989428,0
3.3172916150804626,10.306909361426092,1.6549619195140122,0.10803531464670114,1.200247879878993,0
0.018580501359919954,9.390896829557665,1.0764007828196407,0.15986210374845208,1.275252869892528,0
1.343985480834888,10.49804772276193,0.14342104176986537,0.013068204171726005,0.4345148009877291,0
0.6019998334064397,9.184184852856335,1.1306053829209008,0.08102872568509367,0.7847982044822288,0
19.99746975488476,13.314627446361557,6.122115392472729,0.8719383769817693,12.809744007180523,1
2.7325256905665984,10.05145448186718,1.8713767550952516,0.19970212086878733,0.5301828038548999,0
44.12790231765325,17.963987769435708,10.936068260491675,0.780203413647656,11.459165264055141,1
21.606546727693637,12.819218125379821,9.24363788681347,0.7046831866773188,8.182973858333357,1
2.416771515294495,9.49753537751008,0.3629952565416823,0.07333566307699863,1.6656980831828851,0
32.885309248891446,13.997765980777068,11.162947127307845,0.7465479336815048,10.766733177592013,1
4.991534651909941,10.04244790322796,0.6167891839302921,0.2630575749078515,1.5634445319759194,0
34.86375252597121,22.285655296644926,10.597584929292907,0.8074898240558747,5.858422776205822,1
29.870377447380385,15.755534891864947,6.722183222070327,0.9286692368926508,14.901097837349171,1
42.351105104072346,17.617088267076884,10.94776214790835,0.8046099427417556,8.267092149803828,1
36.18901301836705,21.171534588620787,11.80213370933668,0.7876999933850147,8.303110053968465,1
2.730230366790579,9.601408103994538,0.8616347815742516,0.01723055825848314,0.9098202897356855,0
4.150694511383268,10.279667083735553,0.43950060033375893,0.019431659857560523,1.477654874702359,0
34.96222998030664,18.588183960570085,13.40008498923999,0.8745341832777164,8.234273553222152,1
22.247968871069865,16.366879986386962,6.342384190937436,0.7222517890854767,14.921717144484095,1
36.93187832067443,22.677282854553166,10.118063974386242,0.9153938602061155,8.1101033848926,1
21.538276436667445,20.513768927531803,8.75759347803963,0.9947447953183322,11.65404792638254,1
1.252567365819457,9.120138241320369,0.8064610558949754,0.11222422418646098,0.5408682399643758,0
2.5816990941916327,10.189266800755682,0.8652849612080717,0.14042521805629402,1.972711591011482,0
3.166516631993357,10.335890640182864,0.6834193742604564,0.13935565944351563,1.7924541146162167,0
15.565933898408192,19.691694667715552,5.126578284841622,0.7003610841727054,11.160985621493547,1
1.6543344852286408,10.431974693983102,0.6661465921058831,0.16956354598717144,0.8073585651730284,0
35.30617294287869,20.602947011456145,12.211358535990435,0.7765693650755696,5.8924975163658395,1
3.327364825686497,9.925107120862354,1.2518004658479844,0.08888095078634083,0.8302890077365754,0
3.0278513694696514,10.019809310920763,1.28586241632152,0.2583390729134344,0.9728516700521435,0
2.6267938423680186,9.172033976716138,1.9834284575748737,0.0907403480954538,1.2699793231929006,0
3.1869542518664966,10.321987334197427,1.1720327549565932,0.23358040761016693,0.4974143119329357,0
3.363562632433851,10.176428657610703,1.3337332722411182,0.2699638561713456,0.5703180590201347,0
2.9075415481203617,9.195284023801204,1.9346383444611823,0.24342225081019686,0.21944760249424022,0
2.518663726541171,9.242660034577055,0.7386418884233512,0.029604275245163222,1.1436931995726392,0
18.537677233010992,22.424965099327775,14.15076765278806,0.9269781802042389,13.224223100162773,1
0.35944727300006696,9.95182521129244,1.3687708491841468,0.16013098272960724,1.3339697229390919,0
4.40733382439778,9.958048642324759,0.7753198011175981,0.12772848447909155,0.15064286433480967,0
1.3758701345129158,9.710527890605057,1.550596036795006,0.24049732884241914,1.2990522574987382,0
2.3794625541474534,9.706140332501553,0.776854442455714,0.24620261502032115,0.9023280073751918,0
2.99417007325292,10.403701464081932,1.5546668900612324,0.04559776843340319,0.3483644133058561,0
24.137337996336523,15.623195493069213,14.09360326724968,0.8947728198513911,5.817039596022288,1
35.175395052497564,23.363127262856683,12.210210393027516,0.8928652044973758,10.651226709830503,1
22.059659508525463,16.02704230141264,7.403228807448307,0.8076284702398413,14.146651074237495,1
0.3942451528531271,9.430355323368154,0.6440644119509742,0.16883866056247535,0.5569649120855782,0
3.5939451741001283,9.322995791293097,1.443819147984608,0.2431997320450537,0.8237949567242224,0
2.839193731696529,10.465558130424663,0.5456453377604045,0.04751190615876006,0.10407567538912077,0
2.0552039028730573,9.248430089115256,0.4081461168036138,0.2080185007795133,1.8340911803089521,0
17.43325390886184,12.619880875246922,5.611228753257668,0.9825625150441758,13.498714285610546,1
40.759457106497784,12.101983976128102,10.392305273364832,0.9381300421089261,7.662282863174682,1
45.66115050324428,17.656182047093814,10.353809553820613,0.979534897982876,6.07498637109429,1
3.7922297849993214,9.481882760120868,0.20603838888441217,0.021542263633640757,0.1885519557978721,0
28.300257748426315,23.222945692986617,11.598133202880598,0.9163615374885831,6.506597382076685,1
41.09134633724693,15.195752724231813,12.288221800927454,0.9243329914816302,8.974539256670269,1
1.262237598049298,9.56063013063443,1.692132840150844,0.18534458392766676,1.5032327872925537,0
2.136015136409173,9.88729319603306,1.4681280700462158,0.15448420545433345,1.6279679491466172,0
19.1440554449526,15.258527740540405,6.3974065956435435,0.8170512145815169,7.841358642053985,1
2.441205647167153,9.388333112955756,1.5090466148511292,0.21648889080140998,0.2817702411407974,0
40.99718243877632,18.192239480945226,5.499827150775518,0.8829681225007898,9.067241039740985,1
0.838071280733147,9.99283583205135,1.100860775894241,0.03662562649536981,0.22539572087665039,0
0.2818909564527622,9.787595805286044,0.1667551257972566,0.25118695771754546,1.2260279221039436,0
4.518728853044708,10.360676128770198,1.3964659796262602,0.277856676431835,1.622906060827381,0
22.744942307023514,16.254379287203918,7.18076782061153,0.8174009688061475,10.596150057650762,1
0.8632826791619946,9.387960354955982,0.9361217255909289,0.06991502955738467,1.1772873394321233,0
0.41735972270702415,9.008452139792144,0.059599527459166524,0.16900480871188914,1.5256668506050683,0
4.473552277134328,9.372804003019255,0.1826177551563215,0.22500455376860856,0.3512310686623328,0
0.5535284440325544,10.217787334364667,1.6588269944966378,0.2405838960135209,1.4536372819044732,0
44.295272853109104,16.853100282757232,13.745764767182006,0.764003972368038,8.253904235612396,1
3.650976330807775,9.447969020380112,1.0858042629552385,0.1300066860653644,0.5532445541874023,0
3.1381517745089393,10.4028754715915,0.5981286192176862,0.10774918159018594,1.4354067234186738,0
3.0651962823619283,10.230842117698646,0.6858393172597588,0.05809002761406413,0.3968107279878079,0
47.35505321244918,21.910143902021687,9.813558321078522,0.904018308492051,13.972826721355219,1
15.00415257187975,12.238151453846069,8.895531356260953,0.9074049592828487,11.950393764974038,1
2.2745330144119857,9.538846710932585,0.5854488756795437,0.05230701229526149,1.5831478178600558,0
2.456193879755018,9.291699516986542,1.499980864283407,0.08265240597959857,0.7634196381870832,0
30.224446270966205,19.26340430676318,5.580463370185038,0.90887904259016,5.528246444841367,1
20.54945889020817,19.706039891257916,13.961977982793956,0.7326359826653682,9.729140445341386,1
1.4367683087099836,9.888729606947887,0.5955741464585977,0.016647216321318204,0.005055099663817897,0
21.251276826327846,24.77150897308146,8.761497842294439,0.7600961458221464,9.14109082123996,1
34.286097343805494,13.8805137260907,11.112143311988302,0.9799776002742562,6.956985393030396,1
20.20998813824791,22.31122065992254,11.004556872751452,0.7301203430126803,14.46771481436021,1
1.866524950614437,9.626284209161295,0.6011822455618367,0.19698658484193873,1.8377041025178193,0
48.59018911966689,17.959536362583904,10.229582775682271,0.7719435011706643,13.918679837510812,1
20.237285252812434,17.846455008209166,7.784920033573867,0.9829489383560048,13.840701094157312,1
33.81619973542446,18.3949134567809,13.024182871787032,0.9011208673049091,6.266584659182617,1
1.6710764668537992,9.311832531157496,1.6006497188129785,0.18735540460930414,0.9361309208524624,0
4.255184692675113,10.397412143198887,1.9451568353189517,0.2343350538627042,0.2794048565838043,0
42.2645977064863,16.421416174537292,6.7870612093260885,0.8754808355017143,11.652041034810672,1
17.162783375900727,19.23870824147212,6.712905546676732,0.9896552897058768,10.269630658254915,1
3.1162875483656567,9.99945798469244,1.093027417402407,0.06157725892088103,1.510286100232283,0
45.33128801252056,22.33148142957162,14.627405860568448,0.721565836855661,7.683260689643387,1
1.5542307775869664,10.430484676444907,1.5672454848868596,0.19797728857771799,1.0352961780352101,0
3.5755066938123354,9.73052308755041,0.8506691918809055,0.12765013462409128,1.7437527607977092,0
4.4364550088866475,9.01644887408467,1.7725914895027994,0.08144526524995756,0.07794472793684615,0
46.80137582298619,15.685080384843081,13.99426822173847,0.9372461970443731,10.819875209503586,1
46.153691570494644,19.185716818757143,14.676470927328086,0.9988440492800015,6.165446099986326,1
23.537639733357565,22.904998205887992,8.758828536649965,0.8596509882568543,14.419604875628734,1
4.354452850133334,9.320192274208454,0.8527797895388503,0.28184426631446263,0.8571276756113946,0
29.01378490342783,12.154118811733172,6.253008964061092,0.7974975685790765,10.649999711819156,1
43.61183272815491,18.938368597577046,8.384805103679778,0.8973852484358242,12.177222547434914,1
3.108585926019213,9.097385434469762,1.0603871090009467,0.27043937284341213,1.4108653913948057,0
15.642203158577141,21.82386310164376,7.653424748069332,0.7930065538648307,10.279098279439243,1
35.12715455857288,14.460677244587197,11.033449653117534,0.709396535566648,6.188391343939594,1
25.23153305449217,17.46988270109399,12.066943803425147,0.9919782230091698,13.931387183794335,1
33.68096932721828,17.88164843652815,14.76543106344564,0.714940084868313,6.806271761615774,1
17.12692439386843,15.082924952074528,9.261001539808602,0.9191698811300214,11.243355265512054,1
4.7277667188372625,9.170403554210969,1.7362968745083776,0.03872719851849179,1.265864357087978,0
39.801714015229585,12.811841623668164,5.351607132886387,0.7505223847030089,12.278558680501469,1
21.01059070156542,12.848509901854257,9.436781996554593,0.9551854625581815,5.7667238196829,1
4.724378209552722,9.00919297097052,0.9282703743974641,0.007396816712067866,1.8173855326058117,0
4.161665703167915,9.167393089573197,1.8411083427594455,0.2804735383545626,0.3106260402934127,0
45.36666031661963,16.763936402419738,5.432136995499983,0.9922952911613243,5.171729906623695,1
43.41957891660712,14.52102791615706,7.366367406335266,0.9630499086839116,13.195176047505864,1
0.8046850560120922,9.271871709099232,1.1310778292393202,0.19119144792849732,1.4788358273317312,0
0.18076330270644592,9.482131916717506,1.5271024681187706,0.28806186215594193,0.5522728326063877,0
49.201401730824855,19.567577820657867,13.668735827991789,0.9859877189098869,11.753546270086591,1
23.473463506422043,17.623465445043557,7.553656265202999,0.9653253924533913,6.125545073655157,1
1.524673188488304,9.540098240326092,0.8410753801377531,0.0296599015368044,0.08472386390556408,0
3.763964605977193,9.548573785768571,1.4527140354281654,0.13682097903120383,1.0944920842005745,0
3.205597325259897,10.430358335752738,1.6792489917231215,0.12780024315072283,1.289433675629486,0
4.172114229221723,9.22532234320039,1.3174486684548126,0.04516224397936081,1.846171638478859,0
49.95956895146209,19.52986045795825,5.422689942359345,0.8760264390074164,7.745726956795966,1
1.2304706804772203,9.866114172440726,0.8356437056742392,0.04974187080908769,0.3079759805549136,0
49.08774509365496,16.701389260815255,11.013762114431604,0.8829944478443414,10.604734821735018,1
32.73408534828899,15.493710288766987,10.295784165142503,0.9647843282991564,14.444379623549935,1
48.269263018031474,20.130169188445365,13.169684504748762,0.8960682176635578,13.393708635378903,1
27.472795766236338,14.486626842659668,13.563001936971451,0.9647946291458511,7.969125079154315,1
0.020507252150835376,9.514402673755058,1.937718670935577,0.208490238181754,0.8026508878824479,0
23.854990917914648,24.683103816270176,13.625010408930914,0.9429394988121294,6.280177086416656,1
20.74400538585266,12.708793265417636,8.297311071462124,0.8384977542284245,7.0482124707585445,1
43.84710190467891,21.9608966340526,8.749921449465896,0.8696680880374122,13.355951636077304,1
46.81643294599826,24.603923039955262,6.73639312625412,0.7669037924235633,10.256310280003696,1
0.43884781883837265,9.718914120440832,1.4574213701795573,0.1700697705095453,0.39286381814548066,0
48.558033399059674,14.678226255787889,11.548313583940036,0.7130190082468155,5.664164044814349,1
2.507820766603171,9.542699519794585,0.3414989884423165,0.2600360659469273,0.7884927496811889,0
22.0867497449483,20.68737268370627,6.824763310992293,0.8840372279893771,9.11959679895799,1
3.5513642428462484,10.0168664187694,0.7067389190835021,0.24258240957283694,0.4716721037997422,0
48.356630515594574,15.6637338282959,8.82034830411271,0.7274914615527183,6.122727583289096,1
32.8680282686027,14.070849202124254,8.721868970680983,0.9018319944187322,14.245702196867336,1
0.22614815460107462,9.002809115878753,0.7012985659080373,0.07243926845976482,0.12463545009837129,0
33.5576792385985,15.432352244059881,11.427826891859413,0.9110142056740413,7.991161316119577,1
34.02213101980218,13.287733644807844,8.187983617505513,0.7153810997389459,8.95669914096316,1
0.2925061643731791,9.882470768237209,1.1235109050887802,0.1981059985628054,1.6668136773606153,0
4.208458840485019,9.329052097597906,1.4684366790577377,0.22724469742203568,0.838400014541469,0
4.8055193748526825,9.280251749901629,0.7025567449022834,0.17182656998545642,1.735927539872304,0
2.520884101690215,10.273704954241683,0.47128466399937397,0.2805486032240334,1.9098158178700069,0
2.155306221453947,9.458584498954844,0.730754749069868,0.11907788418714416,1.643080764393232,0
4.249878835547978,10.493986576419157,1.0163146131202951,0.10356120931193527,0.371803423112534,0
2.908927630972627,9.149322057763323,0.6128233347078931,0.15025948249826646,0.4634013163517168,0
3.1404173828571773,10.260504357331625,0.2966034696154942,0.2566008390906944,1.3502877088876968,0
4.22211513630165,9.947330228162937,0.15741783428513045,0.1459050345328486,0.41951703002267005,0
3.3253871999921403,10.259444081353488,0.7207562431131391,0.12807062619685114,1.9638355690028284,0
45.47914174498725,12.076434401451863,8.880964237010197,0.7832837508884001,10.703762003488237,1
18.830064169259277,15.516098373014614,5.466359004615904,0.8297043215014395,13.274457359796132,1
1.037296007399392,9.64950739516872,1.2932144736785867,0.08157886123724618,0.7682136293515844,0
48.679732105336214,15.054079509378862,6.003310532120687,0.7444847613687747,12.020356684821422,1
26.87107670007854,17.671495194502317,11.326662538183996,0.7363384080993259,7.726305088675055,1
3.6441707356115174,9.662040118028433,0.6772793893729367,0.08804357320770431,0.42294064009949306,0
44.260244990282246,12.609677132287182,14.477467316133515,0.738622768639953,5.344036277142945,1
26.391414603681795,20.68708122070547,12.168841755972775,0.874355602819634,14.586977413653985,1
0.9338865331803503,9.814677457795888,1.9728530922870595,0.12971472628688666,1.283746217590873,0
21.03581439567629,19.81700872959115,12.121879819794923,0.7951221308089175,10.395065739842956,1
20.01972108890782,23.719130591319516,6.744465661909426,0.8058633544996355,8.755079777622617,1
23.23639428359124,19.247737440674577,14.568884426329662,0.9637186013656751,9.045164031151316,1
3.737464779407,9.666937860092315,1.8898720907307929,0.2471431565641053,1.2763101309736615,0
26.334737076104567,14.859146079797556,14.71218789960782,0.9181726958709937,8.496533804622377,1
2.850516457736514,9.972636627556174,1.3559900751177898,0.26476479433930444,0.46924453401256416,0
37.18259468407508,19.033393757816548,14.272656326314092,0.979570805326181,10.127232010735522,1
3.394231925144307,10.121192405222631,0.2306380664757537,0.0683128651233591,0.1978088930741022,0
0.9882389055980767,9.719447934299291,1.7751779814377167,0.16991721618932923,1.3630700004169416,0
3.368812746234662,10.391568196349365,0.695048774169831,0.09873574610928197,1.142877302964035,0
1.4799631257198347,9.489277591916863,1.9218348631161228,0.05480844381341483,0.6224905051571938,0
16.353294664665633,14.384411837285093,13.9353000181813,0.9816676442095058,12.804396399111774,1
1.9637509176935497,9.534834335532535,1.6657116172358422,0.013304058586080346,0.61684217765736,0
49.4461419790277,22.712380801675927,10.549753348525481,0.7885845911448849,6.976978885435806,1
32.559604446172216,23.71545858540982,7.608351628039763,0.9603485506494798,11.442414008259819,1
0.6576261194285499,10.014358777950166,0.46153677996070863,0.23730896310352534,1.1827162846527062,0
24.00939305688469,16.958734067372916,8.561669653144431,0.8117013455156143,8.182765461194805,1
3.260413414398717,10.106307281322568,0.005214926785267471,0.1884718302111697,1.176972327422052,0
23.650077451060266,12.22835092415157,11.19207925029823,0.8373728220894145,10.671645462958708,1
0.8965638641240287,10.21967668795347,1.8809270376571354,0.10070824269311522,1.0597726279603776,0
40.662168173354175,17.607750933044024,9.459652704044057,0.7925823044906309,11.073563834777438,1
39.52728388415329,20.52441816970248,12.336884592758569,0.8097960703008421,9.045192467506254,1
46.11470734947163,12.714394900292145,6.766136925741229,0.8646158816749148,9.810671908474736,1
3.6523335057218533,9.61601437242405,0.5593228140299722,0.18291721425668775,1.373755119300369,0
1.3327506022714348,9.517310675539814,1.298088934536428,0.2648435396602112,0.36826004616236974,0
4.757386264262967,9.955919715184631,1.5754037653978956,0.20993071304443148,0.41114345069681324,0
2.297193733091893,9.11649879266753,1.9194536760779226,0.26369769232759505,1.5093650417362825,0
1.4250895462978415,10.095798196304992,0.5535601629315494,0.21440306127762626,0.767920252634757,0
27.127327211188877,22.067180981224322,7.624563029848903,0.7985776489084164,6.079057172229762,1
4.514135058634109,9.413916221118969,0.8421427963872676,0.060686382561761384,0.7760552366830284,0
42.249103749794116,23.12041001020534,9.356064974809659,0.8134515443358794,12.47745820932628,1
1.8851774839658937,9.012087433343304,1.5172751678274234,0.18776599329914523,1.6356466498409123,0
4.157178096463555,9.282592151100738,1.5690202713551062,0.17884883937320326,1.7866832836552164,0
36.654057239919,12.852681240640283,12.050799281837918,0.8630608292941779,10.257793068182856,1
1.4019708929517527,10.46331479058593,0.3650631020173478,0.10832833290220069,1.5057388890071413,0
1.734835378122419,9.312577804884677,0.8912413841998643,0.015598029423390091,0.6007264471422273,0
20.440830225476006,19.74724074449916,7.505444242713201,0.8001526193030157,9.71250716623528,1
0.9515155513561491,10.314456634438738,1.144535577728897,0.057632291759826725,1.5868831827442647,0
0.04050470823661223,9.925068496150702,0.18744973211943283,0.23427995393714826,1.983015376557004,0
1.3971758515678157,9.361547606855417,0.9950400209068915,0.2833681110801443,0.888345169535621,0
24.293746196481674,17.79063777871839,12.12248891844014,0.8127651864387021,14.277322797830038,1
43.52034552379062,24.055323997262146,12.027943598180023,0.773546183831423,10.056657430843781,1
0.2799014243084319,9.181523575122974,1.8599695662682694,0.1655252648818654,1.592691550959298,0
26.215747563116643,14.583576630312038,13.546362068186548,0.7582996429821282,6.616095805953639,1
0.23176634717139766,9.824504503505537,0.9339829078036297,0.27835267998185836,0.5146839763790645,0
16.369368168690194,24.300567844240412,14.974149326174253,0.9827287328036461,11.70938905762706,1
4.306813594782834,10.246702148105545,0.5640847095793422,0.16432123329728218,0.1664354054801409,0
2.1116393955149766,9.196734335947887,1.9385893240981602,0.29524189411252083,0.37408537047742874,0
1.8742613639840227,10.199920572877323,1.6685110071703437,0.09125474328855483,0.9380288611055758,0
16.88219168665682,24.016836602679525,11.617206723927286,0.9659867950049175,12.172906814705707,1
34.35292618662382,23.171682921786676,6.015721436446613,0.8041084075976908,10.382527463447655,1
40.49264559578529,23.658777582929194,5.526557594510799,0.7425111514082116,10.982487928791823,1
0.4544945073727391,9.772151061113163,0.12775156772377683,0.10692535654733627,1.2021535980127853,0
31.93662225576445,22.58271334005612,14.538950638977404,0.7690944026169536,7.530422058198962,1
44.76585212243266,13.888027297992469,5.2978078732092095,0.9800572938149892,10.267497498807476,1
3.2778295047848665,9.888664778113615,0.19932164969902577,0.2985515467122113,0.8008329223416548,0
20.38107611985251,13.731947723796592,7.042647583330054,0.9300135023262153,7.9537700384061605,1
2.0263478511636834,10.358364088494852,0.319285735630366,0.008578451507832695,1.8177780096982237,0
2.1100262542286154,10.380584747250055,1.7583698355581958,0.13706836649472837,0.821799809983613,0
3.030050368735716,9.53900279908089,0.11484695880449003,0.19189859521396227,1.1402409702301133,0
31.536111509888165,18.3909734829243,5.18434209700742,0.7443864216321912,8.781548185607416,1
1.2342445264912567,9.463872776437713,1.7714950674376646,0.0894771469129454,1.4923809666346086,0
19.674539305221924,18.360538936668906,12.46721601684062,0.73295792711582,9.246834916969604,1
23.834335477460705,13.485033625948383,6.408996380731261,0.9560669090861991,10.88723090307074,1
30.887653661004663,17.303159823705855,9.972454801895633,0.7121316493637984,13.9279335642066,1
2.089210308398571,9.839680285607088,0.04390700375404144,0.2808220505588361,1.805480922184003,0
44.677345679744384,21.77374304954129,9.496896733693397,0.8838566084695956,11.882846703680078,1
0.5221122307945408,9.681093007085071,0.9855208479981801,0.11440109307455039,0.37053635139546937,0
40.171879617977915,20.35644561417739,10.197424864372673,0.904539043385316,9.49481965185428,1
45.555598847937866,15.694314005073412,10.913727700014057,0.8640210843951603,10.56948418628263,1
28.79466349899091,14.623394557448472,5.705342952373219,0.9318413478585221,7.49681064339325,1
0.07803718327630438,9.31586667304378,1.0370628666334167,0.16155266190423406,0.5088409823910687,0
4.480077614808112,10.292346426374934,0.328079894152826,0.007788305506176285,0.17997111269924138,0
3.991019128719709,9.923254280073749,0.25709191520902097,0.1866939892367633,0.11191172082925327,0
1.5761931420051056,10.411829293118487,1.699035332385356,0.2531005126258323,1.0245694861004262,0
1.4248413286862283,9.584483872054774,0.0012789217210698034,0.13999826451605205,0.9731333672158766,0
2.452392036040336,9.05970852483313,1.5260387956313348,0.05057074331763384,1.2629471342655003,0
2.479679172741897,10.213771946263208,0.6813527379403217,0.11674813880578368,1.5117467186749307,0
3.559518712206526,10.112491333077132,0.9988091227604892,0.14241833558114503,0.22004248598295328,0
4.4515710416032555,10.468837458384916,0.9885487228122491,0.281081209509802,0.0022572450539655176,0
3.9266584556939197,9.183080650621974,0.378667506994141,0.06345615532326822,1.1137812765461887,0
4.5293455315498585,10.348535590820049,0.20442262984124504,0.04285752865994774,1.724037278021333,0
1.099622740196871,10.420840541020066,1.9083074542383558,0.2971397196184729,1.6153192031495602,0
37.09512593164558,13.295600976220728,14.253867143253425,0.8675409897190207,7.502044870635418,1
3.6200439608077692,9.278944836087197,1.8190511187246592,0.24836111385185214,0.3272836826558474,0
37.98826325333613,22.20814628192266,10.495227475227587,0.9040170624564692,14.38378737084061,1
1.594259044682912,10.489221693383307,1.3568533340174738,0.21902254998099874,0.42583457120861135,0
35.204802413966945,20.793064402309646,12.634990754317052,0.7954620387988262,6.458591340091503,1
26.48362165446376,22.664485195617896,6.83947417847384,0.8393881212605634,5.136578364260799,1
4.688496330970459,9.212403863419482,0.7514545141248721,0.08464263861651301,1.721740247109344,0
35.735590427664505,21.863928759124406,6.907172530047453,0.8704625022362472,13.14210898382868,1
23.98582211214841,15.123440782958303,7.631925041800893,0.8014323973779107,6.073539746460996,1
42.67308341159638,21.06281758129518,14.955202282643787,0.7041032953313932,8.551332153157906,1
41.89883339539956,17.558884336746388,13.193346240306186,0.9354561137067365,14.294904227674666,1
3.4671292100813673,9.376206198751344,0.5056675663303225,0.18865817560335066,1.5243422109673557,0
36.46456442642871,14.592962656494072,7.62509640912599,0.9236753014668574,14.776677176990603,1
46.31336685099048,12.151145816709766,14.65902991865811,0.8420590488539434,12.98182989574843,1
46.14152352406039,15.925764870114538,9.320510275040474,0.8583727593494704,7.7303883288624755,1
15.323481010337735,16.062570940807632,6.74410543216415,0.8767116821825022,7.542524026145438,1
19.27954984524723,14.376250933743695,14.508416661717348,0.9527342472423124,8.878989014564063,1
49.08118749412862,17.162982499257964,10.989900906310265,0.7724628438147934,9.904595251574879,1
21.55616824489813,23.59000946651053,5.074034586448914,0.9450460079391605,10.169507763356076,1
4.964517454496322,9.593470231795068,1.249117271834789,0.2888927827093457,1.6630699448937505,0
1.1051757163364244,9.042152525426467,1.9592277781978822,0.294117455808208,0.7562826746875597,0
2.131404531272674,9.196521831650422,1.3979702163489711,0.13687201321600065,1.0622892651293276,0
4.609536943576174,10.186132255011223,0.4014898983390591,0.12345636583026627,1.2016848517318282,0
4.347295582689438,9.108408018382855,1.7517714427339026,0.15728579501242534,0.8165335478528517,0
3.7650510034381277,10.370603512664912,1.6658034456491928,0.0761632644916964,0.6625935386079997,0
3.993745744760004,9.385671994506218,1.2360856241635114,0.13801987168738528,1.5648832704003868,0
2.5892069430343287,9.981689839238811,1.055040350588418,0.06870042771091031,0.40215637558774375,0
1.7298624390351298,10.008338070820763,1.9020658494972122,0.1456824953990541,0.9323804603110677,0
38.276111659574596,22.21800639700577,12.11454241864229,0.7442907892240791,9.56067144970924,1
1.0231273627950994,10.024255899043348,1.5287984051251484,0.2519578718022126,0.5843536067640898,0
46.33913035953895,21.8888726760075,5.482441231365417,0.8114869031073303,7.730233517521221,1
19.300645296295343,15.313465433345387,13.136278802229802,0.8855790884503304,13.38149165376357,1
30.783051276167953,18.7896268217563,10.163287225086414,0.9074711133304169,5.479251759560241,1
4.243681638769839,9.208794920125328,1.160437927381081,0.2664323757034416,0.947079293797781,0
3.7920426504564144,9.501985930686752,0.7582478214104433,0.28024392451383373,0.42602616806515203,0
16.673387229586794,15.203978305287567,6.431975038802421,0.8673846224303441,6.8494533721173205,1
40.724875340310064,12.804198516982819,12.446314438540483,0.7072115667717574,11.503233231174054,1
0.350983057038568,10.470483109091738,1.232583580508922,0.05503927619065454,1.358138197953937,0
1.4296377982699415,10.375832317713268,1.5619919620563447,0.07299086290338093,1.8975934251173192,0
1.0543892030367608,9.358093217866717,1.8352663818434203,0.02343290662534686,0.8548302403754189,0
0.9488944671561211,10.276061687592748,1.4057985656468288,0.02602298178700577,0.23408916275353908,0
4.816013204857083,10.060906088916683,0.15952685090214214,0.12057605609780295,1.2931945676049408,0
32.72736336714355,16.692602377431022,12.834685514383157,0.9924210832304847,10.84521515438193,1
40.29545473156195,24.531394530047734,14.307112223325436,0.9286697686132579,10.204087646825986,1
46.469273523116485,16.395385324579298,12.441657624816091,0.9279420721300959,11.505549788122396,1
35.98902099798208,16.318254973907642,5.09205667390643,0.7600662807365998,6.132206499334493,1
18.62665756827383,22.88196779564823,10.503023934359593,0.9072865360507817,11.825821698426129,1
1.4192307417306826,9.17894937090272,0.2056171234717079,0.023246187040724852,1.1865189403507546,0
1.337857706891104,9.108834563143748,0.709439611797603,0.008160752614642707,1.1063669845154591,0
1.9941830741987787,10.125583390636052,0.1463501975360042,0.026843514894725216,1.3039474278459213,0
1.008357174337478,9.111593528646278,0.041812708800537335,0.2854587136128769,1.4492216482862326,0
49.35637294748515,22.804097295635735,14.117377082773535,0.7763020262732813,12.725264231625943,1
18.640603812828573,19.45839312877849,10.762532950885923,0.9856711856247232,9.425708066617094,1
43.68033286276439,15.58699318988534,8.507023274307274,0.7650273133965955,10.855140424810797,1
2.567114668242374,9.245981957938305,0.9269554624613356,0.18169598154647904,0.9788983973710788,0
4.07398086329988,10.332266865567574,0.4896214801218015,0.1723109172717042,1.536729985385201,0
45.21707865830712,14.069141595152502,5.150880302106949,0.8347711392327747,9.321028974116281,1
36.93987674387367,12.957037399937862,6.896963648501283,0.801356165708591,5.778700643063663,1
37.209967798698266,20.741281816742486,11.798774872230881,0.7796053515026172,8.303450917649918,1
2.9434586018170226,9.335248131531966,1.694418975146777,0.147582114782807,1.6450720378269434,0
0.7335028791682996,10.261387341884777,0.2924429769210546,0.26740308146400704,0.899042345191406,0
3.777269046626289,10.320436894520146,1.928291591731116,0.09736557180974992,1.5974091476852779,0
33.4745369039111,15.578352237776114,13.644895355954569,0.8821973776773178,5.002406697429023,1
3.1620044756759826,9.889431409391104,0.24147670541797295,0.09779371313064364,1.1259630090305315,0
37.002244129939584,13.9081493812653,14.701644645240858,0.9188818861251591,7.50207107178383,1
41.171784699901124,15.660807933058269,5.198799086972804,0.8623661884098681,14.566005677673076,1
34.309666340833225,16.117732432452755,6.263449020282001,0.8452137627881138,10.252613467179387,1
4.873046054316208,10.033299726638335,1.790065503210339,0.20981365971996635,1.470231649680792,0
20.471102748973326,16.469567747256164,12.24970804875391,0.7047084806027339,7.893807236056947,1
43.59441832831743,13.43651756595997,13.294466397616645,0.8808189401522806,6.869095348270773,1
47.838236278947136,12.575805367567206,12.497427564228179,0.7214268313273472,9.672958030250793,1
16.10371198459284,20.61245935139562,8.712276477574306,0.8938030872840097,8.562482530875837,1
4.896978651331198,9.386648830293336,0.9176826792055663,0.06488086728057241,0.9878452908990911,0
16.008047969926672,17.3927987345564,9.33543102803801,0.840152240005734,12.048241653907162,1
27.94882730420543,13.969275316500509,7.5797582929448195,0.7458049697454856,13.867725085424267,1
39.681614262107416,18.985650739949403,9.692449458705397,0.8533973630983379,11.363481252670566,1
0.3004257861136572,10.45935295679506,0.9308779412006463,0.27795953222973097,0.019616229427952714,0
2.047481391727759,9.254280240494193,1.5132049965877092,0.24974684232583455,1.7611648862419331,0
3.3389739640328493,9.998672705315965,1.40031938414627,0.20212915038893234,0.7738167153686981,0
0.3479089177178951,9.744546558699462,0.9454137972725782,0.09321105706747228,1.7408103398841996,0
19.623444060505907,13.646057777585307,13.154294940115683,0.9755104944250369,12.777582542329856,1
4.661339194190836,10.314444960737227,0.6387682336673703,0.17590924239688577,0.1545869863009317,0
4.977828304999409,9.903368893807984,1.9578836243627549,0.10952448997013309,0.9160476410671785,0
2.166904240574704,9.688374786448103,1.9391441036731165,0.08884634047915738,1.2546489390463427,0
0.6428405292759154,9.7441456596106,0.9219110282263654,0.2125172565104506,0.17942275210606806,0
20.377103213764332,21.93720144806098,12.23995384144738,0.8695053306718331,9.682264040926324,1
2.8656746732703526,10.466211417450856,0.47386669834349004,0.10660084480654557,0.5131464519800935,0
4.323388762928252,10.389011126404876,0.047612086516686025,0.01546646197987539,1.9174865938168746,0
45.84386136805959,23.626915283905987,10.244891875915233,0.7410990485856902,10.651459705569438,1
23.746261820357766,18.35073860110074,12.014979005657835,0.99591957294559,9.41506743289171,1
3.2255160257896662,10.311580555954215,1.1974702256581284,0.2069363974230917,1.3763342350978376,0
18.418321134414303,13.320235844579324,12.04896908954796,0.7614748097547999,13.947141047556128,1
3.8112338250835736,9.874085760925874,0.2984222959263372,0.25129109660486165,1.7662285741486394,0
4.031048275862165,10.332647557716143,1.7025776785950297,0.13001008460905047,1.517347769373562,0
2.203268037745534,10.01459547974061,0.3507771704398881,0.1539637975295244,0.8508309885450334,0
4.278138407676169,9.719974598293488,1.654300391007754,0.24513818465104345,1.8319840027241547,0
42.985827797971496,15.608006819871592,13.31865870073205,0.7286606828084935,6.112612473094684,1
31.569739572170597,22.780726807896684,12.296868057943051,0.76282851584168,14.488816248994638,1
1.793117035116244,9.682548928682992,0.05594379455071796,0.11576422025788992,1.5408756162499568,0
27.53514032405926,14.508147671806338,7.038864754605239,0.756117050807914,9.890173803465942,1
23.6555629589703,15.009721887198728,14.499248239140547,0.7083069660276325,6.394654636651815,1
30.73107176143094,20.96140468860108,5.697077464689611,0.9579554415746989,12.778121434439173,1
44.09867943734777,12.523209364446652,7.359201104733836,0.812251328077474,6.826013980822781,1
41.455595291243554,22.5772683094238,5.044816933255288,0.8503698180035224,12.048361975173364,1
2.1399308610629557,9.183317375378051,0.8624007728893437,0.13019275473608852,0.9964233734244874,0
20.105419443386364,14.407903300802193,7.04446367065663,0.7716102414096935,7.265538485262912,1
2.818891504920633,9.787827377446352,1.4481944855447695,0.005906793592725323,1.3807551432628469,0
0.24420811660371966,10.316912345999409,0.15966213312574684,0.04450175421591392,0.04426655111623612,0
27.9557174472732,22.935522726399803,13.63809875301513,0.7369859197978149,13.457884667186873,1
25.389821199799478,13.981289960492457,6.380836566020091,0.7396851124028816,6.141147571867785,1
4.4415541107456615,10.214247632342342,1.5708421852957195,0.13747405258028753,0.07514577168922032,0
31.016932140630438,16.21952256914863,6.828876508965527,0.7429494123332737,14.45079197807832,1
3.3857997896116037,9.880538822900643,1.441340646498264,0.12657166686579613,1.6905762160402593,0
19.518372245087168,17.934652837383272,7.716946161692593,0.8055715167275982,5.943126514627476,1
1.296920105191231,9.872954711267722,0.8874217104379725,0.00661176110029027,0.08056251633254297,0
3.9505475613354726,9.989395240588223,1.7131688884549152,0.02269340419720489,0.9256613143976156,0
41.48586773824695,22.078057963453084,9.048971964391644,0.9852935303931281,14.382545777151707,1
3.802510022086199,9.78476701475925,1.8484754016282658,0.24751167318700848,1.6877699313312644,0
2.2729175278760474,9.738616180073057,0.37273877763234253,0.19826851618167832,1.1024826362452353,0
0.745675539237689,10.244284748251133,1.6730403888951577,0.24435239043915943,1.2901653839335725,0
3.6781048887994245,10.163278620785714,1.6176461999655896,0.171228685425444,0.0210159961991756,0
32.64262313940309,18.846961666042567,14.267128453077733,0.7094845033813726,12.733922246287722,1
37.60338080179227,15.947497394588813,13.987261136105296,0.8780550676341592,7.0747732765647084,1
0.1451939132988722,9.06075102972288,1.2253370594789588,0.24183354529752146,0.8755990625495471,0
40.4179027154597,13.43075660568908,11.098655479010958,0.8329920380109221,5.579986544570286,1
40.693744330839436,20.071364438238415,14.69242130458038,0.7591864926151205,14.510906795670763,1
25.060998972642906,18.407386662758892,11.33283513639688,0.7549692156226466,5.088662781336234,1
0.20069694082705092,9.819891395245866,0.17655638593681888,0.29875692875344867,1.7945931770665893,0
27.16102127025079,20.1700820472284,5.428970109935717,0.751271586983282,9.327508691109996,1
3.2761624228817205,9.510476106447287,0.6451184732665367,0.1273301666572737,0.2911355173050023,0
31.057645285162522,15.55966805072087,14.854560710046783,0.9474405374302501,14.94253319086536,1
4.782490623885493,10.330089574717483,0.338933417776879,0.1419645089754315,1.942592454857091,0
2.6600673933168166,9.616412749830971,1.2041073458540903,0.19048611389168676,0.08556656196758827,0
4.8450648175149995,10.160127316358045,0.4867049880671974,0.012034973486554634,1.9708747687393204,0
4.259412449299228,9.938902671329176,1.8446511564418657,0.01072156551824026,1.533447725908402,0
4.9668042752737165,9.130017841726247,1.7245032566049745,0.11715470930531818,1.0481448930134087,0
43.18475748649442,13.812244746149561,9.186646134618726,0.9643864022504909,10.605316054954965,1
15.476153840773389,17.354677868929176,5.7338401665200855,0.8215677348788002,5.399321892656093,1
0.5264642912797252,9.359160140100592,0.37369803890657405,0.10663849207669358,0.471034455583071,0
17.51647965301236,21.303759099119414,8.907025506881094,0.9298239997354664,9.452947723752104,1
41.30798370236299,21.770545398676894,8.30702788399311,0.7044873983780306,5.550479629942144,1
0.164177145419388,9.702614317536538,1.7705656581938007,0.1084770799260929,1.8649008421612865,0
1.612486091783469,10.264434342352672,0.36059092139356075,0.018869477282057755,0.756710848125375,0
20.95374087042266,18.433850862096588,9.713681557014906,0.9868777594082143,9.337278828959779,1
40.46025080954186,16.01970057488125,8.747043699671895,0.840730892485447,9.267909701745195,1
28.995054329802542,16.690488741194766,13.263592101750042,0.8356417165367342,10.236943322446882,1
0.7123157404355429,9.960958381980184,1.545913424701418,0.1914328563611849,1.1761095316936312,0
1.1973238976723337,10.301106169836851,0.6541993308001586,0.09871884507027286,1.196387757035787,0
31.552441827737553,23.005556586505577,8.354639511826475,0.8576321710457143,11.796699732515226,1
2.8333372687508227,9.981252467987899,0.6154990332156405,0.03792786814650841,1.5216150828621542,0
4.918304020799928,9.856102873464211,0.8852100595618666,0.16547623768447375,0.23142478852704418,0
16.456113167436246,21.37920207554222,5.6197100697941025,0.8404865703018604,13.27671135569194,1
21.546210499242996,16.520945271890163,11.79804070959132,0.7789113397255099,9.26886695709166,1
0.919228634446489,10.412116772127751,1.064702253034278,0.2557066381162455,0.6841900115188515,0
20.017255391880248,14.185266820965929,6.64292567526515,0.739175907268393,6.795812285091301,1
16.486481867094398,18.012941809917905,9.189408420801275,0.9338008795958461,8.549419644892417,1
29.807058321885368,23.17103753002604,6.346748179919964,0.9542935439956128,10.927006378378993,1
43.669852321307125,19.224146029363915,9.84741357399692,0.950508988380054,14.359740847107243,1
2.0769671498439917,9.279870059239688,0.2048334353555179,0.09069801998186805,1.720979885593297,0
1.3586925824224083,10.151906327427017,1.7058487163568994,0.2336677935307715,1.2621315563353925,0
2.8943652178609476,9.783165820585566,0.017645177860682315,0.1457146138188021,1.6753412589103682,0
33.7577597595175,23.507976794745243,7.520147336790525,0.8143442960083151,12.77642569677689,1
25.954569996315914,19.63823322581642,11.793155399660034,0.7422487502293343,9.437593777803354,1
33.06436044708704,16.32592829936383,7.766699421790819,0.8967846132515176,6.198406615412039,1
21.72452645206533,20.67211866736209,10.745377145262058,0.794576877212449,10.129607482592391,1
1.3660175302511623,9.613479755600752,1.3984854704909477,0.19161702264510178,1.0644696953533959,0
24.380410623012637,16.88013786846525,13.822379617913818,0.9851325407645033,12.164779669139499,1
3.0745504290097037,10.233545270718645,1.092558209580568,0.06553147349660411,1.0848202573566172,0
27.123774881753818,23.68815647948771,12.231414305874168,0.708730435396893,5.2309967342424715,1
1.0857766674553249,10.476374649736936,1.6833504185429775,0.23670146536820838,0.6604304503200549,0
2.4502010322028096,9.6073396452346,0.34049885192348417,0.06078564573758357,1.8366054840195458,0
1.9509798362495117,9.74781731749694,1.7513067753491718,0.03256894341084281,1.5834657859993058,0
45.81293691906914,12.66950389305107,10.549428892511367,0.9339134575541155,6.168347364106812,1
2.623537705911329,9.033375527889497,1.4334272192038535,0.03306987261636981,1.5787592669238488,0
1.5292905399742118,9.072941207452917,1.3512555353974007,0.23605234035425024,1.915737119755152,0
21.677729291654355,22.493337012632384,11.57494059256251,0.7578230521637105,8.025039603514116,1
1.4201764532538879,9.186004491936213,1.8437073475718193,0.0518794543918336,1.1457732023598128,0
2.704599066436493,9.860499896323514,1.8284175793616237,0.15180160043008126,1.087402839289835,0
1.9956585120001546,10.21149311649832,1.9329569102623712,0.19078506913615342,1.5642024509682129,0
25.75527751348026,18.936831219830562,6.342969643951867,0.979788989721808,13.945212435499348,1
42.75716023162417,17.178034782226426,14.823950536227688,0.8036607251045879,8.721201960080286,1
4.577583643583483,10.278765954433808,1.1596654825337276,0.15610390106147223,1.8614515890907943,0
34.442278883804036,13.386515905185979,14.64176261131151,0.8719859972821251,6.510349924969261,1
0.09232952446617981,9.092962553984279,1.7761607645176103,0.2606612386618159,0.7145418439920903,0
1.687073543432171,9.98387602872296,1.8504939739023307,0.07431908573224763,1.7104678665656903,0
2.2864989899844894,9.826416290760905,0.211165425808856,0.2974205589148834,0.4882736416138127,0
32.20907251118199,23.34395827340861,8.013983774171825,0.7477785083023283,6.408192181337951,1
3.0484772757249208,10.085619578111679,0.05005020312773323,0.17119325476351344,1.7683889424567385,0
34.88797354833315,17.179527193613026,14.778596338119685,0.8522680747331578,10.52267752450268,1
0.996619294752869,9.09788278368751,1.7188451817226087,0.26053960236371054,0.9441556693600264,0
3.3982047749983653,10.467051283328527,1.659844625966981,0.19771023992499712,1.4719929766610287,0
45.06193141334745,23.645850796972105,14.562261970761538,0.9638689712838344,10.800435552980984,1
1.9277400067020145,10.414433182103428,1.7795941611847792,0.15709789861886359,1.074014573187848,0
2.2780126875083107,9.545000672874396,1.2591347903375434,0.20215138835009308,0.42137583406060286,0
22.88679190090148,24.665738228163804,8.903399140119541,0.9728994914827349,7.255539966036243,1
4.046406321857166,10.410522566505287,0.28121160815305357,0.021353039659103033,1.1154095238133424,0
36.64010874168518,13.703483929752128,8.431763870323312,0.9027354261013694,5.980234405829319,1
2.5062023871267662,9.358765192286064,1.1801867989760155,0.13298579582377185,0.8934431119797472,0
41.362089779917355,14.847866012060926,9.983247096482502,0.9473847217887339,13.163343988950826,1
1.393141665448785,9.590172229835453,0.2637039792867939,0.15230514739052534,1.38488070503626,0
25.39121402898001,24.109446614057628,9.50795736306099,0.9009361009532256,7.688831122793344,1
39.555977246485895,17.649830793333894,9.177361945115626,0.928061687358748,6.748369154662112,1
46.033441482827286,20.652233054253678,11.473204734204323,0.7739113999442881,8.94856965528211,1
3.9330653060895093,9.546751446823189,1.9775208117885235,0.17815630941174024,0.7988006035565896,0
3.572708507250026,10.054707814931222,0.7099320619723102,0.26780329600347047,1.004362283078255,0
2.5201900381437863,10.025179115131575,1.175867466068529,0.2527070363155146,0.5691216795232052,0
26.13267905498455,13.964432403242142,7.897179181275355,0.7698316850725649,14.235936304613274,1
2.0734507708289316,9.186145314164524,0.8398150953969352,0.05826987890867451,0.8311190642466331,0
0.5716103590425708,10.325637792507733,0.3986810685251452,0.24671732788388467,0.8264453549835424,0
39.01816480337567,12.444540848975455,13.188328992141178,0.7600798464153988,10.792211895711068,1
4.707127974176361,9.740977327038129,0.17104903515221603,0.26060391532334115,0.5576663456356334,0
47.218733093386966,20.897624964560784,9.67892528132025,0.7278578418830564,12.907481185774762,1
0.9408579792306193,9.496783158228366,0.7922439301033055,0.17586621345817355,1.838508493052623,0
19.802603106352308,14.086700398648986,5.769106387353347,0.761528126117083,12.154841797743893,1
25.21754898755757,19.087255594024057,7.773342060495542,0.8652985850035763,6.147123221871832,1
34.03644472496016,21.61416493355491,11.050030613380331,0.8176383564960364,6.183240730031382,1
3.348844511948006,9.48557432073415,1.0183182584193176,0.2021442437291042,1.1777650104059212,0
47.23603306188307,18.956388140007846,10.115083647656387,0.7797035396508512,14.357998315292914,1
23.021483380091887,15.248129432090847,10.356094995666538,0.8745881062057577,14.089979943728112,1
26.821451652275485,12.9314579850093,14.43503535633239,0.9320059340450288,13.388810805051211,1
1.7805294975947972,9.361665671527827,0.44478287102406444,0.28565215123688437,1.9171476862587162,0
19.81432390162989,24.97749669065289,5.491889902320221,0.832343079810723,9.520935223903841,1
2.0924538214263153,9.057643377966922,0.867642920969611,0.202046943453955,0.8439643322131423,0
40.04737326234358,23.557547529972098,13.357874364522,0.8824927084310679,8.88393180383887,1
33.77579396147816,17.224080401719302,14.388597764356577,0.8821996272761887,6.583892611869916,1
30.107811690788637,16.31896093286169,9.113226968232695,0.8808534240359052,14.998051441338015,1
3.7780566591208604,10.093370633157118,0.6930821395270488,0.2662974191281584,1.275958754786433,0
22.18318743731082,21.039282283883374,12.411070416296807,0.7777294616146333,8.440997640297365,1
2.5540460785576875,9.819081888654846,1.683411530445895,0.05103037385645097,0.6321025903377417,0
38.37146088194875,23.11211850184253,14.392184948776851,0.8739949961356251,7.374689072227457,1
34.140341479634486,24.963250662844516,10.660475729241842,0.7133207396818091,12.964356443506597,1
23.78776584102709,18.495713168477693,12.467467725125942,0.8688000341968999,5.833025831117964,1
3.7139541737485,9.820493775507781,0.5132536078304557,0.20132705234877563,1.9158251017802959,0
0.3377742172784354,9.257148306712077,1.9687626252372066,0.14056408493744169,1.734691009404225,0
3.5534393977939915,10.245348547101257,1.2702010749690533,0.2715079792329595,1.395952094679841,0
44.122173386395275,13.088413730415828,12.731386728852776,0.7299810719705858,13.81189236894309,1
1.3570750375983627,9.968752277875344,0.46247387478207247,0.2749095320227187,0.8120878181982483,0
0.20634873687310928,10.378279283824657,1.218163310042027,0.24219429023071568,0.7677499068685552,0
16.941299404276727,23.411973956175324,14.732870499391822,0.7907579623614138,11.935139235749691,1
37.45902777911799,21.3206997138304,10.826009367844994,0.7429930108826832,9.454054285778348,1
41.808535995693106,17.899606878416815,11.30284039496343,0.8618726888686183,5.5230577208332114,1
2.358835755749118,10.115793217328997,0.2800784625287043,0.20121585771211442,0.47265203521891586,0
0.06428767058487495,9.164968853648126,0.7273182286632134,0.17405156099739114,0.38602426797178513,0
39.21685093168467,12.377518728719853,11.17740500624998,0.7422123492476722,14.451614571778968,1
32.607468723450665,13.005090929474509,11.823054628670612,0.8054522632027906,7.247587779386886,1
0.21611575708889497,9.513749989512206,0.1536989237224684,0.11788333181200795,1.3398526843226461,0
45.360783438610106,18.162834819771657,14.276337194810736,0.763447223082505,10.546917528472745,1
19.73339397946529,19.739853765135614,8.427404135888459,0.767793515396555,11.394684394921038,1
37.93641249839284,18.349614185892612,6.368788666372569,0.9807627908218299,14.556686621834432,1
3.347492882753473,9.040039737880281,0.9317434578153507,0.017304985375063132,0.3728108281362221,0
43.42356048760274,14.934499990019752,10.261753206695914,0.7384048195610309,9.746457232758885,1
0.735349522751717,10.148148325117157,1.4884705168744776,0.2710023041120384,0.016972024166886035,0
47.256055988010274,17.43130032507733,13.64115796196385,0.7328991488900325,8.188772842061814,1
2.845232874468371,9.053511624540798,1.027044153824967,0.18285609339297726,0.38258634840421446,0
3.2108970597515754,10.426367232221748,0.41422694709917374,0.2135372519695351,1.484761778513486,0
4.924329701724214,10.366703655195124,0.057985489997959716,0.23121858459196976,0.22066954765040592,0
2.018177631262523,9.475186611741922,1.867488396455627,0.23699446479380257,0.22892913194908826,0
3.557564501559092,9.627383329884072,1.3978553218904337,0.29983772015592064,1.4202837651250562,0
17.087314112803156,16.85578734783431,5.775884516893647,0.8789917599800362,11.472545113740757,1
1.054846448558497,9.755893511586367,1.3611096952889636,0.07424031885040124,1.200945726500548,0
4.839438249672093,10.022110590057657,0.6304196943222,0.2201579610616696,0.660534776645832,0
1.492943781441463,9.238447641033947,0.09469995465367886,0.058793616747500305,1.163887283011566,0
27.24436589273561,24.977170880222467,9.824720229900654,0.9415663629140518,13.049880560599226,1
40.00112897136306,16.247828614159403,7.89542747793705,0.8571095158813927,5.7914466827820945,1
20.817535565458428,15.654989183481087,10.213340857167346,0.7831544094023863,7.102827926987151,1
29.829156253117397,18.641080744529372,7.141162434129356,0.865534668518231,14.791532397514885,1
34.61593713564507,16.194161975078053,13.232496026795305,0.9354967922986441,13.915805579581095,1
46.95005414875356,14.628796136966653,10.429499379481127,0.8910696916496441,10.21827474363845,1
2.0377146896710805,9.342116391154596,0.3146754116000954,0.18459780468545114,1.9901900852263623,0
0.6699934060283536,9.1327785788446,1.816307886455006,0.1606525166893493,1.7156018745651813,0
1.4153821962518842,10.209078720280079,0.4187626668915454,0.08783682904603331,0.38495073080726794,0
29.22884098604546,23.255939180459247,14.38883315070567,0.9978173858780883,14.591934864585216,1
48.941598994059795,14.555629997841184,14.046384271149494,0.7041466612292484,10.453032023657574,1
0.9341720314729152,9.929496227429564,1.834723970130553,0.13911952077939624,0.20708714390556793,0
48.66108818466083,24.728105615895643,12.930123987693985,0.9965771437078996,13.923602252751419,1
2.7177011886528546,9.710446133226915,1.909234743008108,0.04675811027612313,0.3784752050904965,0
43.33939279712057,24.385657350644117,8.624632602299265,0.7455718152966818,8.265038394705558,1
0.9834321706343069,10.136769439398707,1.2823992664642963,0.27708080039337535,1.5659767145314718,0
4.678764857357675,9.848452903051715,0.2567447970651333,0.14969430155812846,1.3072728898200998,0
2.3300175717650644,9.954961553038093,0.5959148579167182,0.05477913932612979,1.2331756761424928,0
42.83053884504012,17.321850650066168,8.95925407173629,0.9862711094963896,14.166813250803274,1
28.131173940958586,18.318044827096948,9.07084972815385,0.8951724373328038,8.561391620149681,1
25.330461358764353,19.99891528505357,8.752654710434395,0.8182178559507571,10.396472926171898,1
40.973240739538554,21.049897024201034,13.906785956054708,0.9148993081770086,14.978847082284606,1
3.241094679869627,9.588756475943716,1.7885654373673563,0.2540268800985118,0.48324854352476865,0
46.51316078216597,14.841129999767318,11.254968371167042,0.8176404487308325,14.89548119294877,1
37.14697594189052,24.786680295796312,13.767498631316302,0.7481097729714722,10.474884331494714,1
47.59286657126143,23.054716239552057,5.676735366579834,0.9980169636217204,11.987269237038792,1
2.6869771261668234,9.418448155797451,0.5779658084835992,0.2216244087106868,0.05918720711987158,0
41.50569583672064,19.619436966675757,12.82735710360192,0.9238451511480363,5.506013871218047,1
4.424364202731543,10.471557940021818,0.040029386345865614,0.16394005530020936,0.6834047582183964,0
32.085458463055815,12.749355042766116,14.372620447778404,0.8758803529579804,11.991931979813764,1
26.395189160226494,21.951907310118788,5.163466652361927,0.829555859721411,8.553036010012299,1
3.529533346633291,9.59049512108346,0.5453359805362881,0.0010136540425236817,1.4396606234999074,0
15.775801456171411,14.171957532575977,14.741745086586969,0.8884769781430013,9.506671206067313,1
32.10253639845655,20.374671263929,14.18191773229734,0.8144007451366853,12.651902029810298,1
1.0704232725133038,9.937925626319398,1.0258593755825658,0.1599420790831938,0.9562138922399936,0
19.773488752678688,13.071257649592578,13.431099565764026,0.7031822270110958,13.61657155497048,1
22.50051222846571,22.170503305058084,6.475576399773422,0.8420661500641714,12.906061983060745,1
32.063464964175,12.526753830715709,11.561288043672018,0.9526116350816564,12.203242773264016,1
1.0889550000618964,10.040043922762065,1.414588411483071,0.276734907955091,1.4263285375146812,0
4.709106344823634,9.983337296126024,0.46287326092684933,0.07552333928475911,0.933185746871239,0
3.1594483610092716,9.783375786535148,0.6386366529956877,0.043327174652932954,1.1059931653778432,0
29.962285519801206,16.7456585033719,13.022213189713018,0.8588448647138182,11.84449048463197,1
0.5845157114002419,9.7484808956622,1.588732796844469,0.19584540709618212,0.4642977602864993,0
40.685834064580966,15.700520115416698,8.177854085868638,0.7930005558346915,12.478922540260832,1
0.24951960455449118,9.833807076968693,0.04149774748075785,0.03103383500788047,0.6951285623234824,0
2.002946786599056,9.724226241525617,0.7113747797887486,0.09663377879074143,1.3728397879952838,0
30.58903772256282,13.193833002117085,11.191496593147331,0.7491128957527151,5.765863438616149,1
45.25669162662399,15.710821233598253,11.150511655285648,0.9937336509234407,10.955026005728078,1
4.337566213507936,9.587729059834396,0.7307890772461794,0.16283921383693553,1.9141696348884376,0
15.802255060237293,23.209968075496718,6.576360358329806,0.8542814486327653,10.971507044831473,1
16.207284010400784,16.23487810106267,14.593291082338672,0.9848008925574772,5.112208899774625,1
2.8310241175357262,9.356886243367475,1.977313109828025,0.15026098601464966,0.3883241548290193,0
1.1563214982455645,9.284471445029304,0.45624480664065636,0.2758865107923026,1.4056934143536983,0
43.61167537567222,16.795500090862074,7.938020288155075,0.9484375575570703,11.385250461916646,1
1.8309841539667433,9.916460470193822,1.8198593979544324,0.23726668295578573,1.12675791645123,0
36.479726864735184,12.903601354697512,10.08577921868715,0.7247374233951861,12.359472017232225,1
28.561796273105394,20.741220134353338,9.88798742041241,0.7267843228837447,8.874416173552348,1
3.613248511804282,10.083456493994309,1.6301479813652198,0.256065068387495,0.1545434525343541,0
4.596386055913661,9.810490300863083,1.4112070827286831,0.10730312739173226,1.5032615871345347,0
28.651339717900676,22.52679832666363,9.075983338321812,0.7079363516441272,5.580633388910913,1
4.446932783745259,9.352260407303378,0.14614530450654462,0.17680457295164534,1.772101680380152,0
4.2216677459966885,10.148778456055513,0.7582786315451848,0.14361066025523564,0.372264308736199,0
18.679169544833883,16.63286871181219,11.396444419358701,0.7104168604280956,11.90615200150827,1
16.993178204445687,16.866232339967098,9.63821718767663,0.882736186663989,5.064895213869972,1
39.779317548408066,12.797518253514399,14.043103719872734,0.9370165917212653,7.290250792918023,1
39.843947622195664,18.856669104079963,10.1455309133378,0.7262438817252784,11.558489485738741,1
2.2817412053512376,9.308151374722028,0.4161603138194676,0.0455048545100031,1.093299100606794,0
2.6740908247157207,9.894491407505793,0.8315778031545062,0.08999744116611333,0.09706690145933794,0
38.30190253342145,16.827719246740898,14.444847750934496,0.9116346603119011,12.542010919924447,1
43.30503889099039,18.38480096404575,8.068381307026183,0.730579572034171,5.627215909013884,1
3.87078396248583,9.705611429200214,0.5904564991109276,0.22177954521775428,1.5964042679626544,0
2.636123758001979,9.329123457835356,1.5960931656736408,0.0641138924557737,0.5344145535131382,0
19.242114708009243,14.392388240872007,14.543553453248444,0.9214505757089855,12.34405084504986,1
2.852764274749861,10.317503408831382,0.3917443701582748,0.0500921621017662,1.1511542513968405,0
31.879676082030254,12.644965576605113,9.995454233237155,0.7756778231462713,14.110655292738706,1
1.031933711240904,9.82636895992183,0.2214862403823712,0.08665533699948942,0.41577611052628893,0
17.650887585376054,12.165606263383795,11.088020924984962,0.7196393056442938,8.803789370384733,1
3.3019322013567196,9.171442021713576,0.5821577627512926,0.03885798297010571,1.6859448040971263,0
37.984967880349195,18.01036643562481,13.039591160909458,0.7337321235108957,5.845457226124077,1
24.26068621690552,14.730687962330968,12.839169288465484,0.905761736569432,11.809779292117637,1
4.936722500755576,10.076210413899616,1.3149466703832517,0.17113492046170334,1.9947323630994076,0
25.810282035425523,19.102024427930886,12.02639464006684,0.999977448049953,9.35291331495332,1
24.575449373502977,24.048254180487547,9.902300814619352,0.9526023435515827,9.7530367466762,1
3.043652412924243,10.314334939697462,1.767554916417173,0.03254950352113153,0.8567005676263013,0
0.5635584137445449,9.730384722478666,0.38873814653227345,0.25831652736527744,0.5069386894313268,0
18.362659147342463,22.84784944552092,12.52518660570362,0.8381527479724535,9.292107795416998,1
1.022551852779774,9.623623578798249,1.0812337687491986,0.17319192545692433,1.2050226751063107,0
21.831783499657394,13.862847888602147,5.260295498171349,0.771112452675604,12.741904917143248,1
0.9961838174277277,9.302165946944523,0.08407280438084141,0.29111514683774625,1.6143731362344582,0
1.8818531364913382,9.45163077069782,0.21924997266000457,0.1469682426392475,0.7573813266660046,0
45.57579676520682,18.72133620884453,6.4425326907781075,0.8866874127512925,9.622309659078025,1
36.57247132596587,20.90538934049945,6.977676276175185,0.9458038446165313,14.110851315740486,1
49.64210454880313,15.928411629992418,7.775287919850285,0.959328288556631,5.033729435505555,1
15.331629594159379,12.04740713620079,12.597116603389674,0.9284342746381363,12.889771878522938,1
0.8018673255259656,9.434067151307891,1.2292495653588311,0.1648660119859193,1.568727890882332,0
33.56620500142854,13.081517799069594,7.852636619415328,0.8561116649322904,13.52350116683834,1
2.7431655534313304,9.017907449931274,1.002421502749383,0.20925656658242248,0.14566545797997743,0
15.99814728689524,14.743726560469057,9.324833758726598,0.8255815557015744,5.442954309969924,1
2.30747899225668,10.406988100090299,0.46541640077774304,0.010435494257620215,1.5862213500564417,0
15.010840617025208,23.469654235589978,5.197197322043126,0.9273436095676348,8.61690811300253,1
39.00044328764887,21.191440544439875,7.325802726112805,0.9642261514170155,10.37732570783201,1
0.2548701789583069,9.718987916657273,1.4460688617015913,0.11797393943761131,0.4344669491848694,0
21.436866279321272,16.66925664242383,8.833516342652224,0.8424785059085154,11.00290442728463,1
1.285409109256841,10.126549442306413,0.6793036900339109,0.12844483259770562,0.8073473152480557,0
33.900054709038486,21.163868067173873,11.789048945276633,0.8836328732502574,6.462322521282085,1
0.3030517855890674,9.143495379628263,0.07583388814726666,0.13704489786189594,1.6517068686779297,0
3.3268885457575386,10.444105367095885,0.30629616732751486,0.2957320995592656,1.3093517611444558,0
0.5852074134422175,9.024088234020171,0.21402134520884175,0.08777893308718283,1.1035801271589913,0
39.45930745279768,23.65306854511834,9.484162079690552,0.8970712317879269,12.446890216377804,1
23.767549864357886,16.824555985843517,5.96689716337743,0.7679381811274164,13.977052264725804,1
27.143914942950648,13.326803206791748,7.3286398979084115,0.8686844692376177,14.426597431060863,1
0.4947615084326745,10.02396270216759,0.5056724061495801,0.11759433387208804,1.2918683696018765,0
26.36879852987164,22.258171970753374,8.41072159570069,0.7768321274801877,13.791814058915751,1
31.049207001779003,14.597671964437733,13.11016110262656,0.747154741482512,7.104622171420035,1
4.351794156445123,10.044229713810086,0.4895183015202609,0.19465449860835443,1.2383187454404017,0
2.8436397082407994,9.677455027024836,0.8699182127024336,0.03359189114609799,0.2820993804996803,0
0.8719413312480873,9.466949659228513,1.1657431440571024,0.2197185137571767,0.6887427808090687,0
40.0373624375072,16.84652985964167,11.796758674906396,0.9138876446678579,14.353422813969054,1
1.386614709805389,9.30792053492955,0.7284478674530077,0.19504686622154818,1.7233559723890135,0
0.4183170502559158,9.40996853798058,0.5954396961170338,0.16822295880462512,0.5160877880734309,0
0.847930004103567,10.29420005119309,0.9962968744691338,0.07378116427585472,1.3774607152126475,0
2.827659384620288,10.352378439314794,0.9909431261306667,0.2824277015453639,1.783736408762652,0
22.600758058475478,18.013581426442812,11.042409640970988,0.8017496773126973,7.983909218698807,1
3.609619849644667,10.160278785363154,0.2996325720922066,0.13324772169375007,0.3537264241878313,0
29.3458239400992,15.27979066039717,9.006944315927822,0.741627989615654,6.152592290260368,1
2.292338050728619,9.03599391870011,0.9891725024052915,0.02536300061403691,1.9706894373746213,0
42.897200912078034,13.217298256816937,6.823133235936395,0.9921520794925645,10.059173399606946,1
4.372221941030798,9.512636403447845,0.651536239286737,0.01052628336489,1.3028007174018335,0
4.151423031812398,9.486900160919475,0.8381167973261907,0.2047429137147954,0.7067967068153089,0
1.1168571891368444,9.049928323895186,1.005687421286271,0.09422713657007341,0.36096601613626533,0
1.7429557518829153,9.740275480087158,0.8331949613878862,0.03990120629629735,0.3269117166678166,0
0.18675817407906414,9.750396761216193,1.7088459206552364,0.17639227451110454,0.5537410339303133,0
29.9669615090586,13.617730539892275,10.301747697671232,0.8144407191981498,6.379229897637034,1
23.147288955311765,15.444101520891278,7.2126999862588095,0.7587475146565473,6.306239668692918,1
3.128847075409795,9.370532805521828,0.48730799922743007,0.28709285691309316,0.9235466086225828,0
3.9484971515775733,9.157137389307747,1.6726197500313433,0.12245792454522539,0.5256460524247775,0
0.5295316808738892,9.928740036994057,1.239174200445376,0.011327741879520214,0.5813325231987545,0
29.835026295924507,12.19017100966591,13.7932165926506,0.7463716454424302,13.614748123426942,1
4.9452270704557595,9.071627911617595,0.5766828555893717,0.148107256490805,0.2865966860286504,0
2.031637365233627,9.047099444719112,0.7418468502181299,0.051792192234087354,0.5044367865367441,0
3.711109177621052,10.032061449518032,0.6738563863834497,0.03351834820681874,0.5634329506664217,0
34.1186788661011,15.087799544024895,11.791277374008732,0.8474473906778568,12.719890702546909,1
0.865422864102009,9.20925070719419,0.5624458688430347,0.06122066114362233,1.89170707479571,0
41.59575464135765,18.29753112084719,10.377707777946096,0.7178632414007489,10.555073523270456,1
2.1298651610995667,9.285267203285988,0.44297945004028483,0.13291200256680344,1.5364453426729632,0
2.4378268163946237,9.57176250144777,1.4377559607882702,0.26516283359576454,0.010425036953849887,0
16.20288720654718,17.23511672101553,14.195252795191449,0.7879335637400382,8.228323894364689,1
21.216693680932078,14.069177948237588,11.574713688561536,0.9610429016655211,13.924261775360394,1
3.725363072957442,9.850745338924897,0.6110623326897682,0.06623940539292025,1.4314880780009345,0
2.659908999525004,9.91276851378802,0.7869611011772524,0.28944693764167434,1.143364652198542,0
18.73388391186073,20.20514773908792,10.683472507982469,0.9670937472844425,12.512440301848715,1
15.15405631513252,12.004292070373193,9.722634607952152,0.7087881115016111,14.745325536623746,1
0.9743454110870037,9.12162651189943,1.591090552837378,0.09735143418600285,1.713937670657933,0
1.6756213334811236,9.587154030334283,1.97984298254988,0.06236576157581264,1.0895592307401993,0
4.162560842633963,9.933126758709932,0.07486395490614028,0.24597510581360651,0.2120755120571829,0
18.86550944294029,17.734934725608426,13.090185422666975,0.851600596293143,12.02699032817232,1
20.7213778337197,15.324520248056142,7.473758195327402,0.9880200949538911,5.675281872258773,1
29.623658213718876,21.754061698936354,10.480330722215928,0.8145615256703501,13.098764150385694,1
25.837934603316143,12.398573371952565,6.500193617898621,0.8686043963629072,6.5766059505334,1
1.7998076244157772,9.959008145252108,1.8443994476713705,0.04551198465116952,1.1339009512776204,0
49.85523564007457,22.362091420838347,8.418354587610025,0.9701775701884784,5.511797356682094,1
3.809065484379319,9.531007414771864,1.9934528021154663,0.1303508081157913,0.04892940551786684,0
1.88043356417801,10.260042676196724,1.9308791202535485,0.13066087302574994,1.1186983836965587,0
17.589610947066678,14.64276422066743,5.928997144941194,0.7189503192709092,7.677516655395417,1
0.4246016951160708,9.931066295603923,1.7641709577431368,0.10541786665335377,1.1053370723859546,0
17.6737660878357,22.120088418897407,5.69816301485562,0.867008701246256,7.478755723239507,1
46.18001650776995,24.844104557023478,7.889378505717169,0.7430808176964134,9.822122817562095,1
37.59216887082235,24.300258162352492,7.813385860456368,0.8785958637348685,11.901313479368921,1
1.6363759666572504,10.052604015690868,0.8781060799027902,0.08632627216869737,0.304541371344595,0
4.263683728659658,9.968202638277251,0.08954474503619014,0.16265097313371443,0.03460024548193963,0
3.318570827257345,9.6440759949983,1.6975771754783109,0.2334797234381336,1.4487641030332674,0
1.9898018822255743,9.34488774531834,0.6758028515501262,0.2994524213677395,1.6508288751476214,0
1.8951109773313486,10.393606372262566,0.4989025339048647,0.09497833602293389,1.9260815654712453,0
3.397759311425925,9.354257973724316,0.7539876584209098,0.15201352917983948,1.0562801145475074,0
33.78841592609744,21.332977204105347,7.071814718944397,0.7477075392299279,11.51912606732952,1
4.537878519816331,9.085429300943522,0.41140858995313967,0.14307162765968254,0.8631085799062146,0
0.742937138107011,9.634235044334881,1.9284445561745562,0.12342917291613899,0.6946675314621269,0
4.822900929008264,9.718052522835524,0.2080205954562815,0.23558840001680195,1.394282700984798,0
33.74312364354179,24.562334639473367,6.565813761789638,0.7558928852507351,14.268163539283984,1
35.457711259416,17.715350166823004,8.021910269280518,0.7201555589571703,7.527078597091249,1
34.38902191051445,20.41674758361064,8.268201322002092,0.7484187753234378,5.131166757734844,1
4.1711921482032,9.714349220275743,1.9755466642742447,0.13188516900265945,1.299161889235678,0
1.5007993822298915,9.400776775756029,0.4352280488976512,0.24711896404025094,1.163720701369325,0
2.876850324128584,9.676076978298221,1.127634961150342,0.04723588715695399,1.712299145191883,0
16.22749478174864,22.292332460325866,13.837599988343822,0.9058119096244085,7.6799502456360935,1
46.8338499469686,20.723162172983308,11.456853251742407,0.8678206347694722,5.457763394287256,1
4.949728050378616,10.015003133498825,1.8017096599542557,0.23245958025033225,1.0794110306532614,0
3.1586808841170546,10.146974417385536,1.5570285897051146,0.23103349566908563,0.4525652545873353,0
34.559131114418605,14.294515892734724,11.103617693219068,0.7790564327451196,7.309630043006247,1
26.833882225764626,24.580806203850578,6.015038583035355,0.8493240450869128,9.280477919420747,1
16.381364707601737,19.83518150228057,6.234071680654765,0.8514672442836884,14.517732844096326,1
4.300083764547727,9.539455114768504,0.6497732129624374,0.15511450640703997,0.09145322952454538,0
4.7653716111103135,9.363480347056088,0.9430327427921028,0.281423808982875,1.57836130487863,0
16.334606493201544,21.353362853372314,7.802653001744283,0.9143488458353048,10.550852504728198,1
3.531444070195037,9.95843349530154,1.7578978051907908,0.2885774273448152,1.7143951744491082,0
1.513867961783462,9.300540456005175,1.0851404068161357,0.1320656918913006,0.7802264268678663,0
4.264665308986106,9.476200115448833,1.1964037915877177,0.11696842926389994,0.8046525135173224,0
1.1795043334914417,9.077462695834136,1.9924841972340412,0.22096716089095333,0.17490031300550735,0
3.744176429483585,9.471835674038442,1.266654264730166,0.20655732063235943,1.3168510883942304,0
21.548794802103856,22.168522468603882,14.558117431743744,0.8740693861179868,11.819974472807335,1
43.886030006062015,16.503001321483467,10.668191233856312,0.979668309455339,7.716367974120967,1
21.007225609538054,14.755468173353655,10.3203468683339,0.7529662576728521,11.349950702209236,1
46.76737526583405,21.299688320647437,11.958696802242656,0.8759152066278695,11.329886141924185,1
49.74754563922552,20.093681673252803,5.357746907140078,0.7051881927301248,8.203619704923062,1
40.75980285895461,22.01561854021604,7.310964782433119,0.9710331089622783,5.972813683468622,1
4.54191273685632,9.753974001933424,1.3122740881640398,0.12464462600988098,1.2620283870090623,0
15.006143055027316,14.113879719735985,13.826182752181744,0.7668082035188256,6.129103388588759,1
1.8428834691906881,9.622796458712864,1.2573686668492097,0.2743586290910591,0.07236959506585028,0
2.527729689840821,9.975212601970446,0.6439661745682479,0.012329794605905442,0.9913287645938382,0
2.972491828748793,10.325785895399939,1.8213554798366094,0.28763538141750933,1.5465223041599772,0
28.07419939494565,22.1883906466406,9.468154684192545,0.9592287772301831,12.03753508161509,1
0.9346767252083821,9.955415363140318,1.492919518443555,0.27828427054441696,1.2937204480344433,0
25.576185599443015,23.561261166252724,12.651696096585132,0.8109108166027856,6.671031639086137,1
3.658860125434937,10.127575562217725,1.493949209373541,0.10350619998313998,1.0445789466223439,0
41.244374927589845,14.306361424266072,5.1345525774181375,0.8252687858344048,11.656648349426618,1
15.332717084633696,24.46710976691344,10.152553641125769,0.9949049292118446,5.579975724727085,1
1.3482393081980582,9.14649161521512,1.5866195464316417,0.24752743823935291,0.06659556713034398,0
1.8732654582663049,9.025249979790843,0.7805782016786675,0.19635668070328258,0.5087190776127637,0
21.282311953492684,12.044799869099306,8.301810231528798,0.8135425152182114,14.451175288873362,1
0.4414124929245822,9.302911296767974,0.30935060625582533,0.14450633059846138,1.0585110819015002,0
2.1449755532008226,9.183168932048991,0.9136708606257815,0.04000273909322862,1.0466969888383042,0
22.193846474342028,12.53005256643783,11.722715076341926,0.8035472392407941,5.175899162125246,1
0.6838739406066674,10.267424210349155,0.9503778244940309,0.048710767357917906,0.2456530851494585,0
31.073308697743183,24.661229966668163,5.455042377902961,0.9852904559357198,10.819372139940333,1
15.34591507214115,16.395163781195077,8.026457121918089,0.9604294282852139,10.291235390207833,1
0.9962093929230909,9.744352760804926,1.8005540542553833,0.09670652802185288,1.3040292306782626,0
36.27681316624293,16.852314467214182,10.057833001200494,0.895131479129976,14.562716008076872,1
40.499782407164474,16.48477699404642,11.6994918100308,0.7773392986492378,7.450969175286362,1
17.73065446502578,23.60081481846121,7.464342807936556,0.7191873690457419,10.37203486591083,1
2.9848014342276397,9.436319598366328,1.4309019272982477,0.24177880984783964,0.5198329477154473,0
33.6869304488629,24.20954620124852,12.255056850917612,0.977602843231034,7.200099780619719,1
1.9742683720183918,9.382226435466572,0.31366739979272595,0.20777321381907168,0.18637757194462568,0
0.3422312746452649,9.671250408785482,0.3280434892575266,0.10383120866553104,1.6399596161648737,0
0.7903065014582467,9.032462691912354,1.5697827893277003,0.02243899439908179,1.9770493346518432,0
37.52714791425124,15.522398510541395,6.23253708138059,0.744917669243857,12.826629268961081,1
20.936843256105035,21.06565486883902,7.244805012327284,0.7205359508278127,9.814936785493943,1
33.35904229827627,22.61382454699543,12.493351797943753,0.8200975549983365,5.82738684750857,1
28.229584067348657,22.603083023525027,6.792098495610257,0.72466047684458,8.283577851330193,1
2.4229404159880903,10.389721651067104,0.7079434959577275,0.21735660070028787,0.601973018523567,0
28.378957012974162,20.41852038048917,14.66276251897396,0.8531126219886587,14.868768469417205,1
0.37312060709551453,9.926177972916474,1.903935244606806,0.09321126561537513,1.1612916007199008,0
30.14310376917509,16.395505031574316,6.226192204574384,0.7888351391835726,13.864360553553905,1
31.48348983368605,22.410745493744404,9.606989877460983,0.7188552034773504,14.05541661150863,1
2.960536067355214,9.526129822124032,0.42979286714846365,0.03493882466748963,1.7595338758191306,0
22.501895777004144,18.123378093356898,9.594415118736514,0.886862844706181,7.596140986739204,1
47.36103466475994,21.355964748589606,6.115499073468573,0.7533113383590442,12.87122862939442,1
1.3728587532487073,9.61040386804702,1.9239652400006795,0.15666878843109852,1.106353412273513,0
18.79684401482455,24.49663015077602,12.501548237949217,0.889352261202702,8.163220570094808,1
44.24511413519832,19.512792852524647,5.174955474861691,0.9921138704925205,9.721967027581215,1
4.0687414778377375,9.039427158506411,0.9012420958605514,0.2275665685400373,1.0922889409267544,0
27.885880008963298,18.84742521415926,13.482942659752185,0.858228343332659,8.244534216181677,1
20.592494673974965,16.979498555437402,6.555400915004873,0.9891061497869953,14.467897767251591,1
0.37306620328678597,9.60434341654651,0.005107176536127467,0.15336202299768986,0.38640896976370276,0
3.8158719280486944,10.120272181944177,1.019445411132962,0.2708756919699161,1.8168924113808032,0
47.19771561234882,12.545194185933372,8.955821119160968,0.9990444928212849,12.326719700006684,1
4.47933469578934,10.116732584923898,0.21128569774048378,0.2945302053593897,1.461923416322232,0
0.824733303790941,9.786351056824932,0.5384198382287961,0.2487587337410746,0.013184810677878023,0
4.089370317952363,9.561505594440295,1.6973373512374195,0.048874831429587214,0.5417721100527495,0
36.888901760838465,20.316126808068333,14.518076017891659,0.9947081125970125,11.533947321528386,1
37.823989251831186,12.686183556703986,6.802715360183761,0.8880843565725265,11.413668192253024,1
17.021820464022394,12.581385078975583,7.049129805265392,0.7698739162759335,9.150454939539003,1
34.308784731342385,19.8229377474361,14.986478849342207,0.7603552426499954,10.232180199672921,1
31.390692058252196,17.38003367943817,10.780949074597089,0.7771641036254885,8.534365544904343,1
21.367949061195176,16.211162359014438,5.49280201447745,0.985132670227031,10.811479149732605,1
1.279768326249651,9.225467326901644,0.6996174973743887,0.17932322675126489,0.284003637608796,0
40.664740355367805,19.36652900882681,7.715989235803978,0.7436618593967939,11.061243888829777,1
0.10985285401253708,10.430654094319241,0.8317804264243902,0.23666103294542407,0.2852868747130193,0
27.197337188610103,22.69452959523501,11.484239317715787,0.786987496541136,13.453351220226423,1
36.703833620565504,19.750508619067336,13.610409345262982,0.7647074103918656,6.756438325388664,1
1.6283336613904704,9.045724890467081,0.04153577342078241,0.11865664087542575,1.8820396453944683,0
36.570767744634296,14.213961164265445,11.864108816231303,0.8357053307045277,10.173819588480452,1
3.772697663476938,9.218468694039746,1.7380942049536339,0.19299729410273647,0.4588373530314267,0
36.64236826424944,17.129432080022102,12.918742650625125,0.8404812790793478,11.802129044188826,1
1.5538084768621068,10.498724350167988,1.4976783769237023,0.1843144919270261,0.8465182855316584,0
48.48220130023779,21.784732731992325,6.711416497460641,0.9488753414090294,10.51587660806634,1
17.938449607481555,23.504916974135337,7.688748493415148,0.7731308479248182,7.970909687803208,1
40.52709370154204,16.801680917951305,11.53432687502629,0.8730732723695138,6.260526089524069,1
21.13625874325097,22.174070258001123,11.63810105250283,0.9049624928642759,9.8155339712726,1
25.113019628769877,15.77416785113636,7.062281374301555,0.8426192115591649,10.142419679223725,1
3.6970572772834576,9.11437734651938,1.8415296282446396,0.29208229464020957,1.211900346015422,0
21.844193942463576,21.49014285406951,13.014530278240473,0.8946379346761503,8.238960277710513,1
4.635345580255925,9.39367210044576,0.4649380804335268,0.08929935177879428,0.8826222247769204,0
27.48014247490054,15.024117798121871,11.264931318352048,0.9763645300318857,6.832933635594216,1
16.126454112539076,12.62053926582383,12.893829606886293,0.8599236466973895,10.781406737621204,1
4.503136472974487,9.480377595555272,0.9214962699887437,0.06882018800895674,0.36681892723470155,0
2.727371163690988,10.249574446603486,1.0752492014947093,0.1550575576611952,1.8101680755219074,0
0.46488996256413007,9.113149604405244,1.6708360094484014,0.131332893317503,0.006248699294743254,0
3.973310771469809,9.274460075122304,1.6162375099706423,0.18360028126706043,0.3864719829697343,0
32.12735938926548,13.999745497406183,7.427982645276724,0.9917768610254671,6.510131174271062,1
2.529336492643442,9.09337588491218,1.8442407795952742,0.0531349706035119,1.0566893868731084,0
3.7717962717806275,9.48471180938974,1.575542960177137,0.20395291989973557,1.1553383404663378,0
4.2798793019757175,10.341837004316075,1.2974669648907962,0.21761737384768334,1.0984401997737274,0
0.6511130797906933,9.155902984458454,0.8254334541660602,0.28910498167815063,0.8006217984622259,0
2.176988151057998,9.110341543466575,0.9968836808699888,0.14829427441501788,1.1768876552810463,0
0.8137644310708192,9.823051883409354,1.7150931798736897,0.15425116401228056,1.3669932341961704,0
48.92325990434881,21.17620679165133,8.359636485536521,0.744147310289117,6.43418612236275,1
0.3838336857249036,9.465356792161101,1.0133543542141947,0.17539803095152842,0.1333311025516466,0
42.70393522166201,23.47387310847494,14.67254622524952,0.8317211844225818,14.503354666683904,1
2.7590508785347705,10.417532876302857,1.0357392383622623,0.24957365223585193,1.514064108922066,0
35.471902509513626,12.158438163152653,8.32075242181336,0.7186731178476342,10.21872972764897,1
29.349346177469894,13.296972594087821,12.887095228136229,0.9054559009984622,14.501234554573655,1
17.770201733240466,19.635610204793863,5.313374606767263,0.7320144915605126,10.499974854873578,1
1.408250556475927,10.348318560868988,1.5470136976018922,0.261360310887507,0.42807938353993147,0
2.9623732378180745,10.00837875011132,0.07446240350458355,0.25660430060508677,1.8125347945796604,0
46.60910490052478,12.920445678267981,8.764901953446271,0.7243268884985752,12.689678431033737,1
38.18744604264566,16.260450436866922,8.759611021613539,0.9691172405116877,5.171220857971619,1
39.298643681535225,22.81487306342249,9.213570877456068,0.9677297614981493,6.179872083243953,1
4.135049408234618,9.42694486790898,0.8921144513288819,0.09362757477212462,0.5371082124193589,0
28.74799499851689,23.523413041482875,10.096544162418782,0.9151045112991825,5.453714222738232,1
3.3344763543517115,10.005480098746173,1.8022624785723436,0.004783705935993254,1.70608132423302,0
4.68095770557605,10.215498761363753,0.31248029221020523,0.11668754568838119,1.3369708546135577,0
2.520475573380137,10.218683925604669,1.4875618602897123,0.17729998772578615,1.078836385506934,0
1.4180151362981634,9.981524019243485,1.7436711527998208,0.2909428467529061,0.6826692016624365,0
2.6141376365546436,9.01154670443207,1.6601307443915587,0.21123670626973037,1.323658579356207,0
3.0326275289824545,9.928890320681582,1.69411638174339,0.0510244539801991,0.7345878952303362,0
2.245439785842885,9.53374556800149,1.3644527534119821,0.28993044302529586,0.7260028999651229,0
0.4003183133011312,10.231032003141378,1.14201673794934,0.009540612245901125,1.8058257839335383,0
21.98808903271424,12.529097338299499,9.882099782764918,0.8351870243710375,8.314922732548828,1
21.8929410635712,20.0660836517853,12.946795684312155,0.9668771924100594,9.683069268391463,1
2.125340868080037,10.38717886457102,0.3339557644580209,0.08020126872349928,0.1264486785012673,0
1.7100941248893509,9.246598534080464,0.5683256114097484,0.2228955970111812,0.9550480718425745,0
30.864962621818037,15.21330059713788,7.589821774319667,0.9626729100003143,10.151376734611006,1
4.864064307351073,9.6649217646401,1.8959218335027894,0.04039767798725556,1.5344319063453604,0
4.351518892499213,10.409147440649695,0.15761339609081482,0.10470561376273292,1.9165712562889474,0
4.387908862666837,10.07187520681569,1.0484733131263206,0.08184512362902609,1.7089852267913386,0
1.0104215748871943,10.334402092686592,1.8233660086594718,0.18236389316206641,1.5323527989398227,0
2.242774280228525,9.335140975124503,0.6193404001803191,0.21018730744869032,0.4483813976787978,0
41.03608504415166,18.154692281897567,7.947916840075093,0.9405838827225326,11.967136003530284,1
33.44884388737721,12.519059564467225,13.258554208594521,0.8484170494308687,8.466437466405289,1
3.280809032224386,10.186628582292045,0.7098356807294144,0.2862414238151428,1.7014613691720746,0
43.38257994699432,16.302723019246336,6.734619981148128,0.7627582502885861,11.19183778517851,1
0.3521999298513018,9.706942242799975,1.0966639970595915,0.027873498398910988,0.7549954182750451,0
37.79303318829814,24.450680230524256,8.362965412697577,0.7638034384029098,10.619752393137492,1
3.3927101489537947,10.33361237512008,0.8986721188708682,0.26816692881665743,1.7315482447121509,0
2.616290240777407,10.23151688947691,0.6008197175735939,0.24464167116935254,0.8509828269030866,0
3.046487196457072,9.173779165505646,0.582961345158197,0.2906527221295174,0.6388441974284089,0
41.16349119517481,23.313464049563223,8.871869764138587,0.8971002659894645,12.571238239772095,1
15.762613241678944,22.261199134695126,8.170887872741256,0.9561289306005933,13.026304216000337,1
0.8989191548852199,9.819552736539206,1.6698682970528194,0.09081743882346573,1.6653030045052808,0
2.4175353728883264,10.249084646695719,0.21043694828364856,0.04230743658010072,1.9546406102259535,0
37.4364811393763,16.944474226244008,6.846272067373153,0.9280107566387295,7.0678155932412015,1
35.06632995860581,19.41999435561672,14.14188424133511,0.8578548430314581,6.370626959741795,1
0.8044168387102946,10.395460369480332,1.108723372684547,0.14727951924493962,0.8693890286167354,0
2.3469718926566454,10.399417552986217,1.439522826038664,0.023223502267587914,0.44841962441768635,0
2.185393791448394,9.036056544999614,1.848857504314946,0.0031700616221440048,1.1557433537556427,0
4.789065913766789,10.121466918895159,1.7002377361122238,0.10619867086340001,1.1087280816568197,0
4.113281418442128,10.255106354917379,1.4534001683690454,0.10582350375512763,1.6425088997776844,0
3.696448143732185,10.374280722110832,0.915428102996465,0.1928471064826295,0.20607426195020095,0
3.6561707246528643,10.014875055629815,1.3354999690419613,0.005178295649172026,1.0507425595696933,0
4.8023987578048875,9.134451817231241,1.3660997960591268,0.2886792234105516,0.6011542161080443,0
43.042496574506266,18.17181580299229,11.451056765863918,0.8499743163600579,11.31272256641159,1
44.10086319858743,23.04494542464404,11.327103099661926,0.8057583553791554,5.768110276399206,1
30.95612984469843,12.504555753349011,5.348659063170256,0.7271764006361997,8.53081157400866,1
37.07405159093108,17.55056312448312,14.021173086422777,0.8952905715722409,8.98355321965909,1
20.49792766701184,15.614696227524039,5.017631819519055,0.7360038866577342,12.508303636863344,1
0.8491017294786729,10.200615094987654,0.968736302685316,0.17215883218879505,0.2947665351946971,0
1.6536957178298262,9.845327371450656,1.7047481949651169,0.11585608323583932,0.12235976183681307,0
1.2172817888599878,10.482370733535369,1.9042477562617413,0.16897941615618614,1.397805143788286,0
0.25107982460403466,10.245025005562178,1.8125928038143218,0.03368388175172231,0.8805800920173923,0
44.72440626533634,20.708581282159287,12.329326220175226,0.7702506058589927,8.71266924115071,1
48.34774894790195,19.424203916821302,8.06648321428618,0.8136023982119753,12.148429288450242,1
1.670073353788271,10.247317997014195,1.2301699329753668,0.20909769947953152,0.5888615558989088,0
29.943405592376692,12.5144225035476,14.649980583428867,0.8881878902724519,6.526968104465608,1
3.3371400300349467,10.457871195188527,1.6649560000638177,0.08124964210198778,0.8548713391025942,0
4.814901240326358,9.586093584314533,0.8012218475946871,0.1997317263182367,1.6189571682443364,0
1.5628736353892914,10.142581336642781,1.66497354923929,0.292589861594964,1.2840271693504823,0
22.75081791493483,12.016338340119546,14.337621198067511,0.7918045723643661,6.966320424660023,1
15.029879410309114,14.56367666400301,6.8839298240357385,0.9151358456596876,8.524847275980619,1
1.4788306559854791,9.176469341721353,0.8095831886410685,0.08520860046083469,0.052111105590140205,0
3.952541905865781,9.849902576310734,1.4479357475470338,0.12555491599580515,0.7629825864844546,0
4.787712787235364,9.56602268495972,1.2364006857291168,0.26345431374129286,0.8999075715617,0
3.7539483747425404,9.215798614210266,1.2441190185642161,0.024096931706860013,1.389244574880953,0
0.01003522919487021,10.308648536302718,0.8875776769818118,0.07165796388996755,0.5255799447108385,0
33.80585906512637,24.001936420321023,10.963798327023657,0.9914951813858479,6.364511182704585,1
4.747606880893001,9.904970856668882,1.8063050224045865,0.11936333384264855,1.6213441135248228,0
3.643546242376763,10.141817272748211,1.5415453764212144,0.1990333180916898,0.4316223728373163,0
3.6256883209992186,9.835510231034014,1.0519017290912116,0.07586019009844215,0.3092150734740833,0
22.88878630108904,18.575538885756295,11.060893405565366,0.7029316694258443,12.80206572201191,1
4.427204242553965,9.34937184133355,0.9017133652352178,0.02899943014970132,0.6703062852446413,0
34.797170800312664,22.170980211906155,5.230527834452101,0.9908200337698561,13.098815857057108,1
31.873320353132176,22.869753294123626,9.99083301064525,0.8957498141827513,11.567750416599722,1
0.8861119165323483,9.438521136322727,1.1026750853981522,0.09576331076618175,0.8484744905905468,0
35.535517744514095,22.9582283184044,10.865585607473541,0.8116810774380031,5.802285627177057,1
33.050763654502944,21.699493143642073,6.210487761723387,0.7664827564717452,8.796540158686732,1
18.848768984609716,15.467314320175173,7.597111040663301,0.846033805240463,9.609797866933572,1
23.126249256426178,21.343040032918005,10.47111319738281,0.8340343489094134,13.097840267383138,1
31.331219307416372,14.600640030902873,10.581922352997577,0.7795035359451002,5.3678891671883076,1
36.05467240876651,21.79144015002626,9.33319490232897,0.8642133260499238,5.620701367085111,1
35.88718085758305,15.839825375197318,5.517029998406702,0.9302785354759529,8.525271266784216,1
24.884151509605253,19.592502551746083,10.954499314692967,0.9331458724688421,10.059262544921705,1
34.858974407508,19.064787451044605,10.848200366533629,0.7440459956924037,11.9850988240131,1
1.925625354596111,9.005323487797156,1.2268525230424638,0.008931572222139594,1.0082969794566325,0
48.06578765993742,20.63820051778309,9.820148928923041,0.8056843242117397,9.909250939863307,1
36.359045931658095,14.209951857724015,14.051338748441857,0.7601931048871586,14.895870741406698,1
0.889179679136104,9.368831379710066,0.03509512564530071,0.21601547986053202,1.2358071311328678,0
42.73228375242257,15.337081104039349,9.4433516708297,0.8977340564864642,9.397685038881436,1
2.839602516367041,9.739938264131336,1.2836561319387423,0.05429387328179854,1.0814199098323938,0
20.42827621948508,15.483953834339728,8.931770315876005,0.783978886496933,7.2781029067613146,1
40.07704274608291,12.556434268885386,12.439917193796687,0.8458494065360946,8.177475645481277,1
3.9747546641233855,10.450009000057939,1.4541854584484721,0.2978576325553889,1.3021022339558934,0
23.70149416576089,16.79362555011612,13.227162138158828,0.7343972489573771,13.355940302362127,1
43.53141313024635,16.669244457270903,9.799564934633127,0.9897066749681107,7.421721230472771,1
24.36986037663462,12.68842540586722,10.950084216966989,0.7435828350861413,12.56732313125627,1
3.112416595145187,9.71397458229082,1.5587265300954365,0.07054667100252511,1.5072437611687182,0
16.353163501260845,18.438177646605347,6.4868789470206325,0.8458960681747079,6.413591308861497,1
3.193126995512128,9.241611267104203,1.9608977972727855,0.21119577655939897,1.5067550904927367,0
3.4358684630475125,9.809137006566562,0.9967158685888755,0.019411259051955353,0.28859480455055886,0
0.5521718565435824,9.70738059968873,0.4876477052008097,0.10472909594822462,0.3252008168073972,0
2.7773250295433636,9.211712702213616,0.7745180805088681,0.1340926708208217,1.9702524473522485,0
36.99026299685434,23.98442431380154,6.786929522863133,0.7886657495905652,14.757893363441147,1
1.5874964379728451,9.756867004345843,0.2714883689036771,0.21214808819425807,0.14066118417487794,0
4.61771378468113,10.493829413639574,1.1996824422862284,0.009958894519668526,0.16318326077385392,0
43.21861523550764,21.752162112893945,12.471901211056693,0.9871706834452082,9.866170923019924,1
3.468630307312211,10.344727908963744,0.29374375166641475,0.06892039623555857,0.21463732094803012,0
39.01685228899448,17.864818693513648,9.193366573987367,0.7217768929507355,5.065011468284155,1
33.92842247793264,13.285325015697463,8.184963132638785,0.8582577771023796,14.466317459653377,1
49.655261913476394,15.872949526057383,11.42423973573306,0.8505561140849953,8.595764012492495,1
0.3371193310184084,9.697085634375057,1.2189231720215288,0.12655751771024906,0.03825270124746072,0
4.917618608739814,9.308134884892894,0.2056287724621071,0.09377092005688714,1.771169578857178,0
1.7126961475480385,9.032777065811668,0.720041875709007,0.266846997119859,1.3807866771873674,0
3.735270410446636,9.924440334277945,1.7476474747066801,0.15028854790780927,0.6623528282021356,0
1.5077200664443269,9.681114216468513,1.0522855193782927,0.25515198131345856,1.8632149902953221,0
17.999853270339937,13.810976266745852,5.0464082549800695,0.7028632877747125,8.80287889502852,1
2.3996284450219703,9.907064690831088,0.9588924574740116,0.2803127038921262,0.481097696429174,0
44.740925485088134,22.55771737543951,6.827130735632839,0.8781628676095663,10.821631960983702,1
3.471159394115686,9.25913196901795,1.7052644655430798,0.04200770684096567,0.8016248886314994,0
24.181102507430225,15.630905059774932,11.1019483164863,0.8220804923906986,9.413241709850945,1
4.663085085851669,9.717655257061315,1.1224113061977388,0.17882955830102873,0.8199594517731337,0
39.327518317708055,22.29666027585379,6.902207040953133,0.9194461395680371,14.554116940790294,1
2.54370144715071,9.964742176745013,0.788475472258602,0.1404533288640601,1.812531585146099,0
29.238746623244076,18.409201002112187,11.940284881747068,0.9856304607131267,7.953062084410316,1
2.593231447108346,10.168642883719494,1.1241562751312975,0.2980450565118748,0.9114267303136567,0
36.71450311497368,12.911425310546944,7.069531519486293,0.8006122854638574,8.68598695186159,1
18.773828584818148,17.114376492555515,12.339364547332842,0.9763859235040322,7.516794038603103,1
16.435164104317387,22.78112740799336,10.4099652141473,0.8583457573673551,12.045786277731994,1
34.372147567515185,13.149924628911975,12.295038264293837,0.8806148630648052,11.614767688562871,1
4.036685853599041,10.020632439638472,1.8094552148458922,0.269238945074234,0.10630817087415934,0
0.5444080801558288,9.688694861663155,1.5752022929232887,0.008317597428554757,0.11377487671229813,0
48.91292486776599,19.404578451180207,7.351688695616866,0.9529619174576186,13.53103374930026,1
1.6050990527544984,9.397986105097,1.3046384031071019,0.16770326777905253,0.7248212836266033,0
45.51973308989967,15.258606451249072,13.581783863106292,0.8492914635513075,10.949302374008253,1
3.539460153489666,9.273958463552697,0.23249150537987595,0.2515197265460076,1.553196964393376,0
0.8460795006974564,10.05882992734194,0.29300668101083716,0.2355294026853076,0.490252008909015,0
0.3742141073570254,9.712720770235324,0.8433632937057887,0.1333155079914168,0.09066260409598814,0
40.70820552466016,18.433513334362857,5.180666350958641,0.8825744793626935,13.304595904293615,1
34.736223949024314,24.358865178492074,6.088604466466552,0.709874130598352,11.079571838100453,1
47.458557483854214,14.606976734803133,7.637844120568157,0.9101796432844484,14.51733109024426,1
3.1704402880705906,10.31099913830684,1.4926123389752186,0.14906321750603865,0.9237289180003392,0
2.551289106000449,9.19532119249306,0.9043762090251728,0.0272327456788662,0.09817749989798119,0
43.79287106676292,15.623451087452613,10.226434331311491,0.8034886254277697,6.04803989539589,1
20.028675272416958,12.597509861144434,13.771598020180111,0.7035498507639316,5.613209828350678,1
1.5119925991448886,9.3581076680439,1.1357810966108104,0.2505378490029612,0.385037743639596,0
49.60225434712492,12.954778112069901,9.005545979818322,0.7129242910017775,6.992264426559749,1
2.2404555639795993,10.459960619250564,1.9807683553964381,0.19505343778830359,0.254238583714097,0
45.73723359793952,13.972147380469766,12.62036551307826,0.904209578824173,10.429333873929625,1
3.5619715097649403,9.173204662766832,1.1404788848916014,0.17050835473073236,1.3649008403808003,0
1.074070320520673,9.72861203492528,1.921483643457338,0.14208054044840532,0.5056588903910806,0
19.16160561872977,19.685402232508952,14.691165309407385,0.7470308312005006,13.52907087725415,1
0.9134446745367092,9.184831518105696,0.11953321528269245,0.005314472852690777,1.756233444211364,0
17.205538674248366,19.80775714653285,6.248176690418426,0.9389788724223724,11.417464425010575,1
0.760853580565648,9.773390707881529,0.31548734577105453,0.1195353912738567,1.8852962168655019,0
4.861827423899891,10.103610674840173,0.03099983338064205,0.2639957074682509,0.2016095697371152,0
4.947748956624135,9.364921609293319,1.6763840695671681,0.14109714766379386,0.869978477825456,0
27.00112653586196,16.246815349523658,7.429096718216498,0.8826601283887698,14.004053185650672,1
3.9640176738312203,9.653740366979438,0.26382931682144584,0.10208646192588736,1.028470965706106,0
20.048795994080706,19.038582125964957,11.144336548350953,0.8440520325578769,10.989666363238754,1
3.7778859764193653,9.602180730455657,0.6860475455627806,0.15273249971743075,1.4179136075256955,0
26.675985329479705,15.9468656121322,9.10902058988588,0.7069268868046602,11.685251384461138,1
16.832405756502958,23.74415840654396,14.456561653820842,0.9180796889894416,12.24205822695949,1
27.941337779055978,21.601241528236237,7.939165968905657,0.8724109611758464,9.155599944371422,1
2.4178864557402955,9.606897999251677,0.7423060925603493,0.188091572641831,0.022984939267075122,0
37.42566757576059,22.574400386171295,8.494744959581693,0.8785932255530351,6.706435887521053,1
2.4619756274025963,10.42729475462745,0.38139705957486947,0.2746851276221698,0.5170607225354462,0
4.143721328642385,9.428488004374325,0.3702174608556905,0.29157170479550115,1.434655574081739,0
1.2854248290186137,9.870483368871305,0.6786251923861606,0.15893054025914408,1.333838039149939,0
2.145363837275016,9.026424760711661,0.47195115423890277,0.08543759672001426,0.22371989269264492,0
0.8690047726928396,9.333830564591507,0.9748223557805804,0.2556986029456327,0.3952131627817175,0
40.3354863410151,23.824979359477858,5.250363362374438,0.8344716539666189,11.107813560779473,1
23.92889855082534,19.1894790949613,6.757725100474607,0.8893410688623395,6.2324633617951175,1
48.512168585742735,17.962170336609056,7.082977230846917,0.9120990890891254,7.844203239037916,1
43.31182536314216,23.80496723288468,13.13611515346117,0.9921771636661584,9.082518041651355,1
0.6154392670163528,9.70739200841519,1.2546742208506396,0.25462109777795217,0.45973918240450873,0
2.5679563818464524,9.99301434692107,1.1032057319681878,0.08220621522072231,1.5925648765901246,0
1.088813092745089,9.264935139036886,0.7166458571787664,0.19598707342784505,0.4679929575812556,0
2.2814429927600033,9.042915215398853,1.839753455350482,0.12922510258972883,0.40699020108062256,0
2.1462793729791847,10.182307666607446,1.430564262654354,0.2582384669580511,0.01916537542631125,0
49.88889028839341,23.16723600681999,5.076707992897887,0.7151667128612169,11.100794401312445,1
1.778803574971513,10.263423148122325,1.4928378794746775,0.29764543056901444,1.227029365435025,0
47.298873760943,15.07989654656722,10.396047350133259,0.7476782650511208,9.969996989275693,1
34.17004978627325,24.253510514607534,6.664194379316028,0.7877117752990763,6.520597277780324,1
3.4707170747982428,10.330479440260287,1.15187633482358,0.1919089135099683,0.8153421790342747,0
16.568570873478254,24.44739025232237,14.528695203580837,0.7838068969722279,12.315256152685816,1
0.9626082046880086,9.684905729392598,0.041988141702907766,0.04678099174626975,1.5628892077688772,0
43.262905870680214,18.259017929286003,11.54848062389128,0.7567820500503626,10.335076625164866,1
47.02994196433184,22.081210659077286,8.241212723323198,0.7262907453348204,11.16380026148834,1
47.945148263799695,20.133701289023783,6.4841012338263715,0.9039125887837285,6.049043863493113,1
37.16729680510697,23.620569661310533,10.879873116091385,0.8844696031081313,12.163079820812245,1
15.734404870020612,18.170426051163464,14.311580911106223,0.8184522999295063,9.281756874621504,1
0.6019023233256238,9.178661519683171,1.8697235885047248,0.0887315704147778,0.48362883807430546,0
0.5318206651358282,9.31642907887913,0.740458971649947,0.2426226687063359,0.5385206329419552,0
0.5734489133565823,9.106861072863898,1.7038614982477884,0.23245673922921195,0.527468373890065,0
3.9099714275553015,9.249849375126608,0.09782365055697406,0.11865508293226713,1.707391427962079,0
43.69084893241866,16.94861905602955,10.275721932194593,0.7087952826336358,5.582643135410523,1
37.976463786043,18.0604834722762,14.644592682795125,0.9637095915629413,11.444304935146185,1
0.9087379134454682,9.147023147815178,1.5143216609096821,0.2668218351304694,1.4334198148103174,0
2.8695570301669893,9.642202267066642,0.5271489764027677,0.2282889953282426,1.0629349919148259,0
37.75592135556845,19.41049125420954,12.036189940216879,0.7960775993538948,14.242715234919126,1
0.38301454179105077,10.441852055838282,0.4914101849693513,0.002728254090725779,0.8676160730366536,0
2.4588703192431103,9.702954062783414,0.15549088779733777,0.07855515942252425,1.9066443209327122,0
20.186220561531577,12.618118915455126,11.412149902350247,0.7193312876658077,12.338301194214559,1
2.260382853395603,9.235467592695985,1.3642803457826034,0.22545647942737607,0.3622240990334795,0
31.16717526937231,13.933091137868127,12.23828681822945,0.7560305248810026,12.385498743701095,1
20.95518168718339,12.056686543439742,8.20824255858388,0.7269391798218581,8.939612753404251,1
4.354603304249493,9.027489252817798,1.0905068925239407,0.21834770075218315,1.2437121709691517,0
1.1864713849757553,9.284184679672466,1.2194229784837343,0.17846310283025502,1.0201966673496141,0
2.359545549572938,10.075087174022176,1.7526120593335879,0.0816656402519327,0.6841535919421415,0
19.894907588123623,17.1792443940528,9.94611312923544,0.8888393230529773,10.048781620223341,1
3.7287056827570138,9.312069981399404,1.7522795693680144,0.15773665306066392,1.7785800441439112,0
46.380259708849984,15.961570607034023,5.961103310423911,0.7742852197182832,7.728283849142979,1
3.4548707557578195,10.330400894563805,0.9060480272024127,0.2314922211585905,1.686086873343407,0
3.1241859684801576,9.99939453928768,0.5295473292545525,0.12243754026238111,1.1852316231962927,0
48.26135886385457,18.048111097339167,12.010671831098774,0.9211077717371061,11.622475475214802,1
3.9717167199271897,9.538317432056294,1.9131751069590888,0.2981144424778738,1.832001085191686,0
4.2462931324982325,9.207821163667042,0.06150588101943266,0.2803123621147504,0.29545661170114856,0
31.813915586563557,13.384452121057864,13.394715423230991,0.9235424645261435,5.588766030154122,1
2.127658224004416,9.6202752815679,0.8857166191588381,0.02468156720286193,1.7840511380599469,0
1.099985763352711,10.38106968535315,1.4316391460775082,0.221132094120991,1.587990621738565,0
3.2486642437869535,10.351813103762419,1.6615854456781483,0.2815399387853289,1.737666945403215,0
46.527814509200425,13.673900067787656,7.652946755847214,0.9757888645986716,14.462329004445271,1
3.3883688738402333,9.492302625806426,0.9355525299720695,0.20451853111654028,1.8235490940482857,0
29.69407234915271,23.850902140447356,8.491192701442518,0.9304244221130611,8.89259786241102,1
4.855527541823773,9.860876165939368,0.2556116855904258,0.10584180277977173,1.094078287241312,0
30.18198785366578,18.31489456713895,8.03401561643002,0.7942056291167094,9.924706226322353,1
35.30682161367919,13.79121176877626,5.417247928535033,0.8138879399238134,11.227611923401886,1
32.70316180561836,21.756694059304063,6.932001274783916,0.7094793189452749,13.523045263082839,1
16.628147372077404,18.757859773016754,7.4789697275087565,0.7286121423694082,9.239125874876322,1
45.039259197911136,22.72086449416732,5.785183897012024,0.8747805222257101,11.399989035967481,1
36.29427726788179,16.750536443929214,6.81643236557716,0.9059979621949883,14.949499861219419,1
43.37169531977756,19.616600494356465,12.88035045802097,0.91933238821545,7.37657811527138,1
1.834478309326875,10.123159982732712,1.7485440531830332,0.26486559199355525,0.45539742685165185,0
18.3242127817444,16.357514657236635,6.144206801560227,0.9502686470106907,9.962970916402817,1
1.86808886155154,10.082198400537523,0.653916840540353,0.18886771679854394,1.3202388885262608,0
30.599251101907836,23.801847574288686,8.052665380122667,0.7587870463406869,14.260427462471071,1
3.5694573466405655,9.01968318834245,0.6315707668797579,0.23395277430579503,1.3417154066613908,0
3.7071997602213456,9.060090844890874,1.35249362412368,0.19226171323581379,1.927558272832607,0
2.845365977950369,9.304153814053258,0.5856257102095688,0.208068736791141,1.849479130398927,0
39.145870379225364,19.38089458987045,9.296569221860018,0.9454337640323773,12.94427472183747,1
3.3009399874892917,9.494895031263713,1.7543174165401059,0.03227361081415881,0.07596444192039042,0
4.941777448582939,9.898858287702426,1.0271548042549257,0.05323384424062306,1.13097256666834,0
46.98727696732064,16.78399559882525,11.706058097213454,0.76762063443064,7.403227684918669,1
31.435196694899364,20.220788314889965,9.309755247668424,0.7415361560971016,14.705552864754987,1
46.1724135198216,20.09352037287688,14.901984904623571,0.9458109453803076,5.443098112383263,1
4.094816840137382,9.544654980914327,0.3886419467678144,0.10952546325206104,0.42910841528558197,0
0.9195602561641253,9.080875025684655,1.1466274891430441,0.20657985620264857,0.6522994342387232,0
1.1404388417362132,9.035858028746695,0.6909484073781187,0.043707926649010985,1.1597911964555685,0
44.11023920979713,23.08409168718952,6.721676454644509,0.845885671705404,12.339267236324865,1
0.7351500460757304,9.52440259860643,0.44875666786037094,0.23873370049151582,1.9667351207298904,0
26.169883043696764,13.36116703921148,12.167463829100775,0.7899093494140013,6.663627243117219,1
1.7680325103889976,10.491815838135906,0.8847543352604246,0.056279325531412315,1.5542871370450917,0
25.16761365195167,20.576158267912195,5.985150734685338,0.8681970560502046,6.198858708240042,1
30.638358898659035,24.43059831018725,12.228541796753541,0.9484849135504743,7.77293896906476,1
0.4944541999115848,9.217099400007108,0.6129154627009012,0.22975979608164243,0.6115176463113976,0
4.9658554159702195,9.637654201092843,0.3518865546499732,0.14158051583589384,0.4704099861954627,0
38.042498226485364,18.685305627805675,5.896782566593801,0.8928200635810912,6.553703559368321,1
2.5621933724400825,10.159322080562587,0.4381586713350589,0.018291515867859553,1.0910685531652302,0
1.7306427003579394,9.06436840899029,1.4389537863529291,0.2857757943952257,0.5282207803581516,0
0.284209753407913,9.309991510846073,0.17963870692214656,0.12120198692406076,1.6416635807495152,0
4.143249549813003,9.197391115577265,1.8435955130070178,0.13520648658155657,0.7437959811498824,0
2.55096129456803,10.355598803529288,0.16364665417743396,0.20058227768004916,0.028162571009757054,0
41.094878310737286,20.269774895565703,6.875280479465609,0.7512196228339149,13.70327593704692,1
0.42624870891036504,9.801919011444646,1.776643853297137,0.15442334818670683,1.4782057149317847,0
27.718417984877377,23.168010027854454,9.68034692922727,0.7640347996733827,14.346053880772532,1
28.824124984058102,20.452329888837475,12.586154840508602,0.7968208681648967,12.975145596054768,1
3.4622274062077345,10.169641582918683,0.4780718862996123,0.07709065616978124,0.6142413897441217,0
23.072696596485123,13.108123871350001,8.137669762884384,0.8973541716764075,8.685200922260389,1
1.8191635513419269,9.648064070289715,0.7768156677439038,0.2879954724713026,1.5361798104382804,0
1.0151483261655696,9.166397614896434,1.5016612501887359,0.2106928969953594,1.6223386944849287,0
3.8380300972911585,9.75773687794225,1.7088587735634608,0.22532685913271577,1.5571636974412866,0
38.554380754577686,17.670713934894103,7.5625361419433546,0.7177818360303931,8.375055784474725,1
17.209555611355857,20.160842004400756,6.446283381234474,0.8511691594877748,6.557469318534443,1
2.4078904096844918,10.006043690780984,0.9909033828828127,0.2738274695840216,1.217344691199627,0
0.8447204572579248,10.412542247252489,0.6400097715226962,0.10018605698681696,1.6797160067991712,0
35.2551249403954,20.264604816347536,6.352996375128349,0.8420857963122446,8.05831529118413,1
44.083466214477966,19.65664365539245,11.62371624396249,0.8946477629501842,5.583962240591539,1
0.4973607495975074,9.988593293737967,1.1310470607631444,0.003128168200042369,0.4093856591659626,0
15.460697000116415,21.571088757296533,12.322175600528613,0.7495446136329923,14.566600884242133,1
39.36607301996073,13.085189361062405,5.403359875327522,0.7777684585201392,8.09134292253654,1
43.94419070273315,12.124302267056217,12.979467708924226,0.8714345697244236,14.860985134801991,1
44.90767823113701,19.331299667495408,11.490952736374211,0.7921726752248722,8.719549577376997,1
3.090162420905686,9.734387035583401,1.9343281102721044,0.28498827026306744,1.967678017081549,0
41.778547255950464,12.164058207158924,5.287396969721226,0.7512348876346434,7.109165561406798,1
2.856309142213097,9.127750750065834,1.194797782374306,0.20597427840638632,0.4406420574248566,0
4.5473553463259115,9.651389640280296,0.18877240084033775,0.21796797245685748,0.6738573452941583,0
41.26730345732838,12.016164705259326,12.656132840221652,0.9219384977973576,5.09730960155523,1
0.4237765672336402,9.697110464268372,1.6858091172275858,0.0810614289912395,1.529723974374875,0
4.882078121369143,9.36305998916407,1.4353846210826646,0.04294689349922158,0.6580252275678653,0
1.5840256658282876,10.344762352667297,0.06407453353945636,0.008405655381843135,1.1996592084126658,0
0.31217142014005383,10.306698181623252,0.37028177008407104,0.06760872759609714,1.322699680166126,0
1.6454887948705106,10.040908691974225,1.7198774934669705,0.11413926694628798,1.9297198375371403,0
1.86999683512798,10.215614899102546,1.1367100919732414,0.03259463373987914,0.7455540915785734,0
3.795277048552988,10.394497899450672,1.2014272874037493,0.19035568632187402,1.5258866683446004,0
2.880927062536362,9.84928663109611,0.5238197837507788,0.18231682435113788,1.1518209348347928,0
3.513721860598607,10.491993448308381,1.318119700991903,0.23821773947182057,0.05523211452454024,0
0.9244869761159968,9.458606211021936,1.5479215996464204,0.13612468618126541,1.7645390331390027,0
38.31682844305149,15.410525950868085,7.033059710029397,0.8577871297804122,5.650392993507033,1
19.05421304194794,13.689413752999974,6.303241135601211,0.9043531288211583,8.72676095495838,1
41.04698337012158,23.17615054666167,7.147187275428921,0.8214496587549505,14.815544377230376,1
18.088201384997205,17.340162657822653,10.457771532249376,0.838594247699923,14.007820001884255,1
4.02740846655955,9.639502358160518,1.9987058597400658,0.13074847026606304,0.2987589572756528,0
1.714513217754408,9.106446949928303,0.6635550180092944,0.13822266517835147,1.91096178956166,0
4.067730899991599,9.9865858580417,1.6300542085017098,0.1727732275105911,0.009296337850561276,0
0.22166125401140713,9.331598797570825,0.9113673330026328,0.09930130079495443,1.4252421586966437,0
4.2189567223325035,10.227401352239387,1.9726593091026794,0.0845045500944505,0.6306507107602919,0
4.815788501280511,9.747761199786153,1.2316710309288643,0.10046288804386012,1.356358586824133,0
3.3284877403696016,9.070708962404737,0.27147506252182785,0.05723447102746908,0.4899147279868994,0
32.72281887466262,18.372637104673167,8.618073680354902,0.9982521375045204,6.111693327538412,1
48.49697037681084,15.176106595592872,14.050996212676427,0.9177309020843667,12.405210369587861,1
28.08067308910136,13.804941353123809,13.812127324655137,0.9248863466690929,12.575367867972293,1
46.1064851488659,18.821480385583815,13.669434959418691,0.8880308385273422,10.935677567490423,1
0.8011438801100251,10.053170325257529,1.3845107791918094,0.13779134369738666,0.2704573082361046,0
3.2811671614681592,10.2728650610937,0.5909406857750268,0.19247099569976772,0.10231902839254259,0
0.9315345908713696,10.078746572668335,1.3370263629356436,0.2244362400332779,0.37785711089738894,0
49.81202507970437,15.886168738874286,12.361459716682507,0.8643365004761306,8.252253005314737,1
17.05203456845154,12.150231653184413,11.99138829700799,0.7837862487382496,8.340788955338176,1
2.920214761138451,10.055194746435,0.77472967393916,0.1494441471235047,0.909833384066923,0
0.8555566666871484,10.39630963937178,1.0613762821248875,0.2768783295521905,0.41546016440355626,0
1.3840339855807686,9.383465507338444,0.9282835961268683,0.21989090031649644,0.18765461315192877,0
1.885585320858401,9.329970307347272,1.2162023737041834,0.18720853115184413,0.8781892431437508,0
2.429848237319045,9.242962927364026,1.6747756318837663,0.23904363560407624,0.305464788907418,0
40.42629438277359,23.89558663988049,8.038614639887221,0.9225600580259776,12.140027085235115,1
25.850910576273286,21.714929298731658,12.47566234179823,0.8553364511441708,11.576169493263144,1
44.77101919055448,22.44450639827612,9.880834771971447,0.8144314894447021,13.313762837143706,1
16.039790687136342,16.78439068492849,7.237824361164109,0.9445615843496385,13.45968144654641,1
24.123057945660904,24.434613701051685,12.768809957583077,0.9361208508171794,11.237219692791834,1
15.912331242640962,17.259693829596475,6.549582329476207,0.8625689503362661,13.429175834609547,1
29.050335669960273,18.869186784219327,6.2273931954430894,0.8620322316765372,11.112067518581934,1
0.818185544579938,10.165293529254168,1.7214394114671356,0.2667676806254681,0.6081491776627026,0
4.259181293809503,9.324479953528458,1.0116663593132047,0.2898036288382816,1.894062793846855,0
44.944232165243484,21.606101179819902,8.765196406964849,0.9710617556081358,7.8333713927531035,1
18.960565230638668,13.409767030766405,12.243569348298356,0.7425145624742717,9.677322711144704,1
4.611248506251877,9.04315622567918,1.8591951169488752e-05,0.07687278877687433,1.7055573532631227,0
1.9890779756112935,10.29286492245657,0.66170360974529,0.07780974635024845,1.4866309873105426,0
2.23174832191313,10.0179028845715,1.7046176597765805,0.16072793985555098,0.6719110814565847,0
1.7161508748377574,10.225018108913885,1.9341108064566201,0.13826438300788843,1.6496725543075161,0
16.96479431434355,16.722340185526093,14.56549354474828,0.9950458162574807,7.020705009661593,1
0.08218028966163582,9.376969438088166,1.843510490053786,0.27781841183602585,1.5977009204012689,0
3.743565485125229,9.867465645188885,1.6670241994833102,0.05869432396581213,0.3236209913210266,0
1.0942040847538803,9.755337819488284,1.6950640069240355,0.2585900268471324,1.232403717114593,0
40.400777850316324,16.333312530498716,14.536660570954178,0.7205860866842232,11.40948190662361,1
1.9396753783943466,9.755106163266692,0.6577212650613544,0.19885128008721895,1.990062450012071,0
2.8092318735960125,10.367405276789436,0.8981954509649854,0.20450954847471445,0.931029450257745,0
16.77137942650107,19.195304396596264,7.949261338453127,0.7401010746594106,12.718182121026409,1
33.294259777878466,22.035117459118354,6.26756195625415,0.9720731295488758,10.905354396820256,1
1.2093481805689517,9.646456263757925,0.6639539043224663,0.2652511975532658,1.5754174617728376,0
3.5352586335704625,9.06413030662394,0.39536817138847713,0.10157920627630583,1.5890116957494833,0
41.21867364899117,19.43258504508419,8.12183216821511,0.9237346474003816,7.067963663576064,1
45.30601317554067,13.160721269904698,13.227691015073356,0.7478927557002323,8.33841630069342,1
3.7168062524396213,10.32939207679472,1.3016767176738133,0.043248018116510877,1.869792897035148,0
0.7584522453464049,9.583895194472655,1.7665366944257694,0.027427522248900948,1.0858280206887005,0
19.020908187757612,19.549423259856475,11.919314196730921,0.967029527256301,13.741096277181507,1
24.669288269599868,20.38848331421533,5.549818756228813,0.7242427179716092,6.887061614792671,1
4.091186435096149,10.478722658720272,0.5126834566945158,0.016839476406321694,1.6310848748380147,0
32.09874669901623,19.46565253495507,13.970027943777119,0.9646278936246981,9.246851584722549,1
24.162650038594762,13.637712190649188,7.241321796600787,0.7318433958464176,14.539059994272854,1
32.665849257531875,17.935888071968805,6.746383806863545,0.8984623751447443,9.598455183622479,1
4.144111285526909,10.316503901777642,1.285279341330053,0.2670021824082173,1.0707950548509537,0
3.617611783745762,9.498160517306694,1.3382413671335218,0.07760257208384828,1.4543474524843059,0
48.17317564268639,15.245451205857936,14.415362460384927,0.986170738338775,13.82142314225861,1
1.7931205275259705,9.013762491229366,1.5242419507488172,0.16803154490164035,1.8013587740400345,0
38.99868227167929,24.681265901820893,5.573884746070908,0.7416881112226636,9.514588460004905,1
3.9687882655387687,9.050071055001922,1.4352567937388296,0.07562911953419267,1.8957025770682647,0
1.3737251622001145,9.869045425989821,0.11725740084516789,0.04490325167113463,1.4915954068374484,0
35.13435530098532,19.788317623054752,5.233481607832102,0.7536500083747666,10.517769383122278,1
1.734036996589519,10.048472103916131,0.18020655943445663,0.266500388033628,1.818998085881432,0
3.0558168139581543,9.999391953992056,1.3391944331541905,0.06608620808661082,1.1906768144447042,0
3.149049928530588,9.49826887485497,1.6734347309492454,0.214981882669515,0.7003230639360654,0
18.522553800918686,15.482366108970702,9.103350662149783,0.7192473585828973,13.717089108973004,1
33.97684757101258,15.908149785002431,11.672596459823492,0.8935253510589489,10.77821506271614,1
4.107010717577036,10.007773667829785,0.982671238348461,0.2346808051806683,0.9885706228096982,0
0.0699039591975592,9.658255107126196,1.6412963600987642,0.23401827696545047,1.026780147056362,0
2.153900469284082,9.982422168147217,0.31773434579180826,0.22117394650916325,1.3798259451130765,0
2.4572707178402595,9.531734326173794,1.625905967294412,0.14847969730177085,1.9893802599290502,0
4.501560705453167,9.861800100832188,1.4854068763053632,0.1721657602127677,0.38847351601329816,0
3.6974179281066384,9.74135388961142,0.05729186262051322,0.18505495538277664,0.8228724748533247,0
33.19224702182919,17.143729397778785,7.964465112899876,0.9313771659753626,13.99499883658851,1
46.642859798945786,12.43968134234959,9.475006976174512,0.9037466208218891,5.9516390008021505,1
15.01002660375186,18.584013601147745,14.242439343437908,0.759730687119452,11.397866287665796,1
2.9050811812413473,9.750809515698188,1.9416948029700187,0.03889512014733859,1.7919979033618267,0
2.4227086551113453,9.77879726776856,0.26893510564111045,0.15517554763159302,0.09895638210827862,0
44.782578960163434,20.276178539785633,6.410466335837271,0.8948989490408583,6.913447627018726,1
22.97103789419193,17.28762719993449,5.242258624127993,0.9756267030605048,8.870142659661244,1
2.5074854776803184,9.371530317669903,1.3703224012283723,0.21127898604610373,0.7159356511193311,0
1.2828133495160643,10.374112573039225,0.9999603521427498,0.20084126964348173,0.5618956515994014,0
4.112121922899043,9.184787832064245,0.748210269912613,0.19840179251657478,1.3042217144374564,0
1.110218880335545,10.448165980316025,0.24922335292733333,0.1440621623164309,0.1700564327106988,0
4.4913653255506345,9.790565995243021,1.6996045216047073,0.017971410301009128,0.4549162209458413,0
37.653320234523726,23.015450234988798,8.908005534601052,0.8658255499705378,12.763106529786457,1
0.3974587417634373,10.140070808941466,0.889605982073266,0.21785433660000458,1.364574243527395,0
0.36974344934850634,10.328849435843624,0.34902080478173914,0.1890149706111046,1.2879351985070446,0
15.423430759445827,15.746040343002683,5.092222735872269,0.769021786331111,9.195007402113387,1
20.724309896303126,21.582096656066824,14.163148744811863,0.7322638785864167,6.939802121060055,1
38.70007280652071,14.660991770083275,11.183403172799412,0.7388757190029953,5.020806391762857,1
48.07293172494548,17.852781102435504,12.494195054011906,0.8938210777814375,9.729418635417149,1
39.71143443853589,19.355512244420265,14.253549070991179,0.7076322703397318,12.081959379725365,1
4.811343408384682,9.384325398248386,1.6715866551557745,0.18231642127859074,1.9630073786064393,0
29.285763271554423,17.3145483611001,8.175581396196847,0.7445635454529942,5.043736791009795,1
3.5251354777626402,10.470916801880863,0.07871878139751765,0.17009634973180512,1.4699063162335386,0
0.5885909954131369,10.374166265804456,1.2601044042992569,0.25295508799720534,1.7965392992676885,0
16.05252796186811,24.605602863785954,11.560458694888052,0.8546405707048025,7.7272423662642336,1
19.13688836802449,14.167532221469463,9.458217820716792,0.8020512851165469,9.67658124188041,1
2.4348712580084064,9.589417408449831,1.9109242872575571,0.13146278433336347,1.442441833806129,0
32.72388466283607,21.96326530638975,7.154219036072814,0.9486587719502655,14.23846624192696,1
2.6461916828855503,10.057615442893969,1.6924920945240218,0.07064831871735551,0.338933170389059,0
3.994812626284856,9.206926515702536,0.44477235239377677,0.17314045046077725,0.5299615458337661,0
38.382139439005144,24.403476263627,8.294534359575405,0.822294146397609,12.711469841086112,1
35.89717073300106,16.444249835177022,9.59611671773604,0.786100053723691,8.541306363476952,1
23.091120491581492,14.310110592263928,14.951813258283256,0.9258963079386547,9.086597974551808,1
1.9005299935790199,9.539861891240509,0.9278930834440262,0.08279491010135724,0.3600997999335709,0
16.580541912442374,13.00129232545768,12.887494790012713,0.9470429127964639,11.782897485771823,1
44.00653258101688,19.746258695871756,14.29248915243136,0.8335837350511733,14.83280602575174,1
25.418232816537476,21.42976382594277,14.124388126891402,0.8237446597807829,14.415419645979666,1
3.0895912841899555,9.413619390877555,0.10194413763777987,0.273640770576955,1.7664104037469244,0
47.96940099506416,20.35500351991784,8.331165578887095,0.7031405719949507,14.816656499299057,1
25.131439103538767,23.572032713454128,6.729695246030751,0.9768619523463672,10.227857330514173,1
39.46443862362621,18.84829482806799,11.724799495825067,0.950749978272952,6.84229130271984,1
0.9879869242053974,9.193610497960245,0.46651528290799593,0.19269806758523952,0.910735467007127,0
1.1000629932569272,9.456127242767622,0.2592730042948528,0.07460024585185178,1.642583569638656,0
17.406971068990174,22.297375132394457,12.372696831257045,0.9705964282879469,7.364039589531146,1
40.520834598370456,21.315131148890064,9.59345203058744,0.9065918856561127,9.445809030150652,1
34.01526761298763,22.776467223738756,7.717805011911972,0.9709963315807764,14.986942530304434,1
3.7649973771681067,10.101931290466734,0.0395974602363145,0.20622459990565595,0.9011080961978537,0
3.5637650102996576,10.478077710401859,1.0826026325126437,0.08141070450751692,1.3673450434790135,0
1.8688462740635092,9.20681732884792,1.917155363289728,0.13855268769759227,1.1324244889947865,0
26.79440928544377,23.249820419513753,5.434683993237148,0.8286787177050752,12.622007729260824,1
2.6325942570520713,9.081402556098656,1.1017451576945825,0.21553449787665674,0.24370050051684577,0
37.49611121217645,15.24378414861998,10.07318500679649,0.7388661213281487,13.71597150951561,1
46.41202820026544,17.88733059960672,9.05753897176421,0.7119620866893747,8.643246051154016,1
48.66901544209248,15.846065147756573,6.645628766198204,0.8509205390436493,9.946682822273434,1
35.93412574874375,21.806612303131132,12.13808649676779,0.962106809017025,14.493277785454593,1
3.632354660902216,9.722836329086228,1.051189979656747,0.04168378078282452,1.8293818494164642,0
3.965571883448459,9.331036549258583,1.2971274038713307,0.007777768289787245,1.6964582651056976,0
49.86234343181789,23.148946059232244,5.638309920261135,0.985982917233619,11.12661247151999,1
3.594864696532221,9.21402117222178,0.28013601099318475,0.21484145331429205,0.8635649883309919,0
4.288087498841393,9.056925729391322,0.30175609364920897,0.03753484789484566,0.8061510854004561,0
3.4166632284729896,9.785631516711593,1.3852656321980912,0.013181221966558354,0.736794740442043,0
41.309708606276025,20.521054119193586,12.67740809852709,0.8483507364387766,14.913792184482956,1
1.1547948507357975,10.25231175940349,0.8382324345376779,0.12643963453479273,0.8871809327603035,0
0.2255549776019694,9.611794445138493,0.8329808247381398,0.2896472815313354,1.1983941820422164,0
35.01016851487648,16.467561535615555,9.215293648470272,0.9419639823672049,14.036310603771053,1
40.624193014372054,21.64431630626043,14.965567392347491,0.9407579604589947,13.291514031551532,1
3.626428848174736,9.124906321962111,1.2685738292420956,0.25742337702797885,0.5235629653841753,0
41.68468675760032,21.371479968605612,14.971494397581669,0.7778144120225171,12.354572516754214,1
44.08160512115524,24.517770499643902,14.350876800409244,0.7489385118978965,5.141902999947505,1
34.08707444005407,14.859702048502253,8.375488131003252,0.814461652742064,14.729348125037022,1
43.893924202757404,14.302885441079745,5.556065141867904,0.9551076542062793,10.66250867872007,1
28.845971364743956,12.341827728689028,7.243471863717645,0.9835888734812154,5.137646933354,1
1.7889801440984598,9.741950794529878,0.12704679501195026,0.08267778499319095,1.3535345433811947,0
46.57372630014095,20.948591594022968,14.710291312450996,0.852963296428122,11.387105817628745,1
2.1593519480623464,9.900942998148047,0.014797056384759033,0.10457025200421867,1.2148716417903294,0
0.9552258032764765,9.975245298776466,0.39929603836266825,0.17499614347313125,1.354869368892601,0
35.66411406598217,23.906485946373277,13.35224204339286,0.7546877616607277,12.658794583498564,1
44.541971647549744,21.580734744374972,13.968782418299476,0.7968579832508357,5.881546442522991,1
1.4655905161847438,9.872662589666653,1.7537833556326523,0.03565121667014733,0.8299170044050392,0
4.790567644496596,9.095707116146903,1.5474634738755852,0.09288999711251794,0.07810923682511217,0
20.059629876776903,18.031313466935735,7.464955874357698,0.8534066927465502,8.848517371518398,1
2.9051916208562174,9.429955279272392,1.468230602128838,0.17674194476331706,0.02545456337984109,0
0.023795200349525092,10.123782778553224,0.10303118650223064,0.2850296157113462,1.40547897678107,0
29.551403568646066,17.842678079004592,13.951471589717277,0.9364432041903733,6.265256763155779,1
43.666120729273054,19.445982737408272,5.282310529490681,0.7260319846176985,11.495532494062001,1
28.014725594638563,21.412993483275244,9.999835316048351,0.8711712127391164,12.129057903648377,1
2.39359949795591,9.266502344758738,1.7524154527752793,0.157746316881936,1.7335675558766919,0
34.89269655966578,12.69505441363317,10.097504116137673,0.8103954720813124,10.346667548928824,1
46.39077532997656,23.84869800324293,14.373626722750439,0.9879582509727006,9.918350050199383,1
33.85344858899016,23.393310351533266,6.248514784332844,0.8481366310769224,9.570252804809394,1
4.172879324974765,9.414855473142449,0.9321315686374712,0.1377598150186161,1.9905668062834603,0
1.6373819335731155,9.666097106091378,0.9103707560687666,0.2324429162526761,0.8867913316668816,0
0.853162285316888,9.329620374942158,0.698769383339654,0.27807305659601506,1.0076241815527742,0
22.722608063763495,15.057213108619953,9.307419748812952,0.9784435662686926,10.21784766714886,1
2.4653782794657246,9.535491791188885,1.6156702730545247,0.20192843252427836,0.0817479549712663,0
34.765501013964816,15.14385493440805,5.789032725845821,0.7073242944466666,7.512591634671271,1
3.6288450783618034,9.504489918495716,1.3641654061718929,0.18516737582741888,1.0061005182936822,0
24.872366859049684,23.505698789389555,8.992391696691792,0.820267995479988,9.053516136255215,1
4.832322186808679,9.557373149005771,0.06458730013498237,0.133766386626587,1.0878591250580463,0
0.7613006505593833,9.06728750427808,0.5848089871210269,0.25999707720867193,0.678884411474769,0
3.3612059669827614,10.497030772230785,0.2774758224535552,0.05739765080713703,0.3110272880173779,0
0.8938814377524357,9.766821101188746,0.4793042660321898,0.27970556937037316,1.963042029152588,0
46.945272915195176,19.404356928507514,7.086055520348674,0.8029581395330085,10.298458033394684,1
29.660473178611653,20.534929908739024,6.655531797746939,0.8304807701090227,11.314991066734976,1
4.658016613036376,10.307271435867984,0.9447172403975346,0.10602436935008526,1.420928567192905,0
40.174498477422546,19.1343000608085,7.6928451980870936,0.9997898427890495,10.897528545321055,1
0.03070081332348873,9.94626417210607,1.2288978846322378,0.05640757133121846,1.8873001436223684,0
46.33010078885987,20.90940416497763,9.134912914936802,0.8084666487610784,12.379480082833204,1
36.61971774881356,18.73861227772438,12.612658360984534,0.9317894165632425,14.599352537877287,1
22.500789175664107,16.47253025199146,13.745795163873424,0.7150321089819904,10.123153112566621,1
0.34906345424168483,9.240380390903656,0.8543912055949392,0.03305285481989271,0.8926674808816559,0
18.664134889927908,14.509470108786175,14.988260595142483,0.7586826988756576,11.104755113536786,1
23.112873665958404,17.58481838417941,12.148371979367091,0.7398065835477537,12.379585719093322,1
30.56336147935507,24.110509489241494,9.955390128542012,0.9082673467548177,5.6929264946664215,1
4.759041940346212,9.593554731659879,1.2318621444501852,0.2672445442084755,1.662092494752393,0
26.487215899999782,23.59560886608287,8.682602382300804,0.9173088119689655,5.827475038898714,1
45.16352166880811,14.655132418226103,12.197781268224698,0.786730376157529,11.834725944335965,1
21.756355945282213,19.310372256093114,5.746190555687082,0.8044267096755049,7.258621816221703,1
16.74472881222646,13.153635164826483,7.388520353681999,0.9662974985386829,8.329403604221913,1
4.166146319939028,10.355296838869188,1.1439838906134163,0.22607560769984852,1.5040886737652541,0
46.386601669696894,19.29848181397849,10.37831711172414,0.7794256705198629,13.350943401299256,1
2.1549667103408474,10.089363882761056,1.3867940525450693,0.061344585075173874,0.11701430289887282,0
3.317493151884734,9.759214874337447,0.5014639550240494,0.20186038813672488,1.9644795117070146,0
39.12940979506794,19.777288096721676,5.529787933025969,0.7235165280910775,5.20764089724461,1
1.4958254153207333,9.458086757057407,0.9623593182243848,0.2755627005297566,0.8381101011781784,0
42.94386521510468,22.080388694563506,10.248335138013768,0.7853700130239555,13.094440438786346,1
3.015041362112745,9.675705617486846,0.38338048270657876,0.2765237033804566,1.130898470468968,0
29.546051340263375,13.302223093618633,14.111695845150212,0.8523192892036714,9.069721949110914,1
1.8081422967013134,9.413655316075856,1.961260250293094,0.26123461029057354,0.6333460099144324,0
46.23790207224853,18.899869303415723,9.834690643233511,0.9068438781185792,14.515481136767397,1
29.2835226965972,22.48928456449694,9.302856262487571,0.9102822817053258,9.311844071921811,1
3.455885722887115,9.363910525430178,1.0697576309351797,0.2054014882247585,0.8974815016950124,0
3.532831701243635,9.558236142292893,1.6425083275575296,0.1091605381866956,0.7466583848500605,0
28.323389233137167,19.81426179784262,11.29200157449661,0.8429337208881486,6.248833132406462,1
15.14005865771457,16.06116587134335,7.079523404978106,0.8962563566808803,6.36038583499805,1
1.014629428509941,9.642376050389855,1.3917893029267574,0.1611756816010016,0.03716066811019836,0
0.5845336930757777,9.231242484530936,1.6710739227601725,0.20499587265381078,0.9682350620032996,0
32.60603182788452,17.931159336001826,9.102050052835324,0.9506765826678775,8.806461466974573,1
4.7225746164410465,9.254913736612476,1.9439739943913432,0.2836604357922217,0.7472218901473648,0
3.2323426021577473,10.030632708155556,0.5104042480311959,0.18016729681818877,1.3697366800536948,0
1.5317515409259719,10.000238015716727,1.0799621042288405,0.11777682027259784,0.36364432262979585,0
31.249341584913967,12.990839114785627,10.5316327967139,0.798609216165179,6.214221223312625,1
31.011031457174116,24.86404284256107,12.496685021052901,0.8291678391939983,9.572963999545205,1
4.581244016413174,9.31151197253866,1.0785965276685225,0.08338744713929548,0.9871548773443644,0
4.320265623519236,9.493358482052313,1.9288734663500033,0.05175148409546788,0.48335963141434535,0
38.3075510927238,18.48083961390317,9.677897704725416,0.8492234138474278,9.370240760986729,1
1.4758237264935148,9.633487986719405,0.9731883509740578,0.17827380160512138,0.5021026488785307,0
2.0677026137174437,9.560545754604334,1.0730715472514207,0.13600606137425858,1.7791929262723871,0
18.945568624533514,13.042831385275578,13.47861289761902,0.7242114684784489,14.834620353844027,1
0.7908494520471304,9.078716521244106,1.1582503704077185,0.2950479617399324,0.8352104946047936,0
25.885705152555932,16.791551570850476,8.20503393673738,0.8278439224841505,8.41788105481226,1
4.484815608553085,9.437378060268292,0.6534473662891966,0.11146236733487658,0.7891055567872907,0
23.953693111752713,12.729955902318732,14.110212987647948,0.7967256201660795,9.260852636727043,1
49.59760744748722,21.230295509502398,10.203922259929623,0.816858282511766,10.18518132609713,1
4.525069729338877,9.911456992026197,0.9064636025000006,0.17168080570253322,0.40416492548040783,0
2.763528830814388,9.867671633779045,0.853138009423072,0.021685869765095057,1.786685905608383,0
3.8766661329460628,9.251295732456414,0.31239295746765006,0.15743940411597904,1.192681530220206,0
4.0416319946078225,10.123512081372716,0.4059388283283667,0.25868775886626344,0.6850843313187018,0
17.355811093085844,21.711007619803496,10.06992970385584,0.7714557116798686,10.562377257002904,1
36.9413487933751,12.235422684743423,11.083685906962359,0.8474434703255339,6.960292017035076,1
39.358536611502444,17.684325909633934,7.493178065200963,0.9029374703388708,6.2589735370498705,1
4.651657165982275,9.538242910371576,1.611168498287255,0.14952226281396144,0.7931571226231546,0
46.2987122525585,20.845403336557272,8.879003649386345,0.8981273284433056,14.365694249033396,1
47.621604268351795,20.82088799068025,13.266371477710056,0.7813335285806289,10.437901899298721,1
48.005414837260815,15.02001409296836,5.487191715157479,0.7872711160506779,8.991393086282702,1
4.44275691351684,10.486085865830667,1.1371643613799955,0.2324030305120362,1.718076739092599,0
22.599617477845115,19.660028867790437,9.36056830517867,0.9846690409106305,8.570305429845781,1
1.9617798024077988,9.361544598503889,0.12920929617264187,0.15895892725100327,0.5466386399142833,0
1.6468574482222131,9.868483373998036,1.2047250860147725,0.17633033554882196,0.23521726926630815,0
4.667811558013666,9.313606927950524,1.9891311364171533,0.23204436101356254,1.4531414166555874,0
19.023345106111556,13.101024750627063,13.408336909140859,0.8281047449372365,9.51362275200946,1
1.7782421641584838,9.651000024893216,0.5212585957499329,0.051788181080767125,0.2778549598257256,0
2.4280582924724254,10.424945869255549,1.4280256024965359,0.030945798229970012,0.323082919878539,0
0.8643026249436347,9.905701152018283,1.0594498936173349,0.2947406537360081,1.495343540160316,0
4.506963746652478,9.07086238810898,1.3214820774676879,0.012950254284366936,1.6015275731431164,0
19.040177399422824,21.680849443518895,7.705348441339891,0.8885893646706678,14.174069260927485,1
36.22041152864728,18.678714777419845,6.448521102254268,0.9217811481555314,13.037843785259305,1
30.12016060832039,16.171245585311606,12.06560814322998,0.9610724974741005,12.847732031423842,1
4.909083511771341,9.138388012086235,0.518732404154967,0.025793519062512482,0.5472627854714751,0
1.6910825859125278,9.327373248767357,1.7429041292376863,0.27064016053410145,0.6779416743831197,0
1.9356066949527162,9.084292405099886,1.840385199534136,0.1214857457429401,1.1820951097133763,0
24.173286401298377,23.814753783260137,14.501683407630937,0.7807460922913269,12.542018658853506,1
0.5991622335318908,9.412691114069,1.6164228953004731,0.2702053644862835,1.3682775767461142,0
27.550260523741912,14.180136087866451,5.919645673175136,0.8726145110829826,14.780981193157132,1
22.358916925299074,13.431768372476636,8.78501260873138,0.907785607493816,7.314170932924833,1
2.317507830835926,9.782894929205641,1.9056091711278815,0.18116859004343167,1.2115436732447475,0
3.994762562084528,9.89332334443381,1.022927848655035,0.2514898659608522,1.9708407000024333,0
2.6104190458113825,9.291141808934407,1.3789783126539144,0.270893017085237,0.327411636276838,0
2.7609782568446883,9.402407015933116,0.26517219280991755,0.2760550209040008,0.7247331637428813,0
43.53006090990245,19.14985676748482,13.689994079518028,0.9289880657676842,13.685756320374537,1
46.542125109752405,12.91142730541604,7.686131927526222,0.7463618194087448,10.33811714258345,1
44.73995656031379,16.25331709425113,8.395700728052525,0.9686685190980633,9.258171465117016,1
2.123059303933514,9.51385203691722,1.3676944162633753,0.24226714244333705,0.38289058341854343,0
2.463321129152644,10.351557746601035,1.754077258086609,0.014044187170268263,0.6073969382578934,0
16.629859402993826,24.963283892646267,12.449112548270225,0.9514015227853649,7.129405264800834,1
2.4104467226223996,10.10785655795234,1.9224158024457194,0.034964006314559246,1.4191354327961219,0
1.13510412776756,9.992278922716483,0.7842213382707146,0.02092604559610176,0.40428521248677063,0
4.497926082310479,10.112719363899773,1.9443659363740822,0.17972145310057216,0.48342746418263594,0
38.93492237623228,24.441391365561085,13.638491829705549,0.8021399778071223,6.126830457555068,1
20.21814190550508,12.287809118247896,7.188346775876926,0.7322414211906043,12.854450308522393,1
25.584684463947923,19.34198918948742,6.252026488883673,0.9267124380455838,12.120351387532843,1
23.251652950225058,23.630855266324684,5.452583138705514,0.7605458824593289,12.52046927805861,1
18.48374813887856,18.58334699128809,13.49333754614577,0.7901955619015492,7.607086389937505,1
2.5803091118048855,10.365340798923672,0.08709315568675069,0.2297412264092663,1.1449464558774178,0
4.015960348549502,9.985518235331302,1.7909271155179471,0.2717233906916842,1.9463329153192301,0
38.41335771100563,17.693818280305557,10.732595702642831,0.9236841715528732,12.730318987057172,1
48.2479912410639,16.403803458916705,12.132156464432498,0.8713955307358382,6.075114130571368,1
2.099928992279751,9.229493680017262,0.9388535033179168,0.20727534658230984,1.5985676153352997,0
16.201607255513416,14.646194930307121,7.186703964046681,0.9007979238320721,7.859606794754475,1
32.75247885873314,15.135900626422156,12.961505080230744,0.725264036221206,10.248902827551506,1
15.550200360620744,15.766300175623158,8.694086112049382,0.8693101518755426,14.440666492637298,1
40.47270210425138,17.324263527917815,11.316897872265626,0.873083572793188,9.215617561169196,1
4.732014125110502,10.296508023808453,0.04465766110676661,0.23463951733735688,1.271794234341222,0
25.08508370140349,20.142746402451774,6.312249517772903,0.9647042835519262,13.285514084650412,1
4.123078303725042,10.4803844347554,0.6003640417865894,0.03552620820548045,1.4628965214173995,0
34.84254832628896,19.643249099047438,8.309760694374713,0.838625381387469,5.781214307897442,1
2.4949707722599994,9.614281720890284,1.815438046501042,0.04001651679513498,1.783168622950051,0
21.500241492533863,21.0390054052159,5.706587926743863,0.7854057057398334,11.683633472854423,1
4.155741335818427,9.287316115556699,0.6670326487769187,0.1463474550763634,1.8109218787370347,0
23.811557957606375,14.314207313879841,12.743001177801508,0.7965052140001103,13.046957850398325,1
4.248582590106099,9.985366519779381,1.6902670510409898,0.02479651853694632,1.2696426350596786,0
1.142625738533722,9.740578806693158,1.7679851001448175,0.023368129678547112,0.11177653650615049,0
4.866382726766959,10.293273079319443,0.031163591001031943,0.29394029853970327,0.7370589466929147,0
1.242788535083702,9.451036780085612,1.2271186096230278,0.2837215265968358,1.3494834548761765,0
1.9685271146450223,9.78831560468958,1.1093570508698782,0.11890303374931102,0.9277880408808534,0
4.233627043949305,10.48315797104269,0.14405333146067267,0.013623046825111106,0.29917940582672364,0
35.62062386115251,19.586810054768907,5.362962784107495,0.7673710517193214,14.055425836495655,1
47.60387655551363,20.703253063570365,14.120302564513745,0.991698613093118,9.970982436773692,1
25.821740975830757,18.909551798536963,6.438197695359088,0.9475090936730334,12.35974871004828,1
3.0407147119157503,9.96308572010611,1.33052584864492,0.11156415137657737,1.6118897774283063,0
41.93611568727565,15.145387823598764,14.849534329255505,0.9709631518871403,10.286734431337663,1
2.4375802241737383,9.219706140117475,1.7354178955657542,0.08524489346701321,1.5660170798763202,0
4.391887098477997,9.797122860612081,1.2069985899434017,0.02698316137645035,0.6190179175244632,0
1.7272180473025704,10.249717955793638,0.7327853334296106,0.2263865348296819,0.8788845625909751,0
36.52552004284789,13.580582992121132,5.02468502985996,0.9752947240065577,5.79636997113334,1
3.257929511339026,9.635924260911224,0.4561498788835807,0.021010567599349505,1.071036728921434,0
28.527820191021732,15.094335133250743,13.375059576869369,0.9575007440946639,8.720288893702312,1
15.500762142798214,13.536114300941344,13.773061903120576,0.9509689105914615,7.952090008783625,1
0.7594320100868113,9.269464473475562,1.33966390459444,0.12225792692358495,0.3126291966836354,0
2.6287395704763035,9.350267787889896,1.6160228401935472,0.11608832385532118,1.6673944339880524,0
22.75243508700452,21.080250526466454,13.534027221808783,0.8896836302030573,7.544827540985316,1
48.18724716354126,19.456875219609444,10.078200146908022,0.9518181913359736,13.657627298968276,1
4.60122722861403,9.942026708998581,1.757161425251153,0.17608753054616202,0.6593591474602498,0
2.321125830945994,9.49211882684575,0.8094506228898712,0.24679390414388983,1.1869523997086093,0
30.33053116903284,13.845898677093247,13.558178563739741,0.7327509105262866,11.542349967603347,1
0.136438253252828,9.345271918306887,1.809836840688534,0.1919689308249756,0.45369419100211283,0
3.6940455758056823,10.124735376541587,0.28777274871067826,0.029728935108729492,1.7229972457080442,0
41.985260351345985,22.5809093853591,10.183981907879687,0.9734647144915519,8.259515439544352,1
4.565173190412384,9.655494863607226,0.6064249404458071,0.08122254404684733,0.04741048579949725,0
1.4664732660441109,9.982283500752274,0.08025757815651158,0.1828743888910802,1.434543378374672,0
49.6659952591313,17.81310743830501,14.168305757134467,0.9285534426351205,8.309784252380528,1
1.3946765431884383,10.423698229374997,0.7185538315291193,0.0010812719664861526,1.5633624159192394,0
1.38790537150831,9.551869969646308,1.2328678460130436,0.12484194450254621,1.0060882327291258,0
46.45354644472732,15.171525258441322,7.8576890021990184,0.7367232420059701,12.5911909558426,1
26.48379963872817,17.707028827370074,13.86613142871621,0.92021713129906,11.678819385013618,1
43.04715003865993,16.534277650916273,12.581384615092876,0.7101190322373157,10.511646014736527,1
1.023699081735484,10.373786612768686,1.8463408714741332,0.04382111518750614,1.4483178984126643,0
2.8428607657010705,9.577651018410776,0.22554111697830614,0.28403018564906674,1.0604380956419874,0
44.023837203216026,13.007182244353467,10.993756100670232,0.7698694704397698,7.640158821396067,1
2.3019043771298877,10.239749043451512,0.8462109625526597,0.07569214222759141,1.9668302305328558,0
4.702446435530641,10.172415073845828,0.2642228027273339,0.25482892191529416,1.8748810579748862,0
32.91282479963965,12.03278290213666,8.750589441131062,0.733470697715448,9.161876609336957,1
15.2388753768422,16.40108041923513,9.531740289687326,0.8699068112262127,11.838251043580197,1
25.7924403730133,22.68172643678421,10.659337486920473,0.7901588649151441,7.951260440060771,1
16.452202177004988,15.450276538733783,6.788787388826426,0.8949398880636228,13.469665417076332,1
0.23202179289577352,9.513917055692211,0.045615321375246154,0.08167554452939094,1.7240129445371764,0
45.907303283103914,22.718243461313634,5.865325288239171,0.7671846170101722,12.6916528212332,1
40.786472086599815,16.53835350084455,14.443976950101415,0.91277862813385,9.217988192845308,1
34.54572202379961,13.47026266525135,8.614348151265025,0.8978864105426563,8.301276879287716,1
3.617796459972093,9.911735658212082,1.0026857608495587,0.18720628199833914,0.4165711721284673,0
27.66922822732998,18.031121899070893,9.238455245005767,0.829928351356102,9.448033333450727,1
35.82909957886113,19.122887767796442,14.266419675334452,0.8608074882931152,10.149386795873099,1
4.267657215499019,9.699957545929628,1.7296027379221353,0.028139500487714963,1.3061684439861978,0
44.58854316573617,19.920202034885115,11.095015963905812,0.7889603288064437,13.339083739245192,1
36.641035578103626,18.57253547378513,8.233091255108803,0.7614883056632676,12.744681959637521,1
22.62386055650252,20.7965579584348,5.911321732337997,0.7441607383293727,10.08821448490995,1
17.610073313749325,22.824657347752115,5.3685182072579165,0.7759599372949038,14.189913840966149,1
3.1140946142909867,9.220680517601377,1.0874779123278573,0.11582038003551771,0.8850744315545869,0
1.4775442752389671,9.694793816948172,1.7630004445232383,0.27103663082346646,1.318604187943459,0
1.2926236927247725,10.336939390055097,0.9654200924782836,0.04069116045618909,0.7684610760786978,0
47.48997540777594,15.093173881444244,13.457959326969645,0.8996537748127492,10.806958197501984,1
3.031726527423059,9.30087604512486,0.687787686504733,0.2535726311522496,0.17571236865302908,0
19.093091502257813,16.959758183977875,7.334932783097506,0.7301594652358657,6.10287068423665,1
42.47486606872771,14.985380813871908,14.728713248219055,0.7253470312734487,5.685029631021309,1
3.950617973608552,10.174923989484677,0.26258078820922637,0.1986027695803897,0.9050146729185631,0
25.139360720957015,17.628312575540228,9.884694822499352,0.7193537832214101,9.859817845641029,1
17.806725650571654,17.020545671832984,11.499706222505548,0.9640170020002251,7.545773182139261,1
21.263265410401207,20.543771595690075,14.944301792002705,0.895632502154781,11.066815461912913,1
45.03407341197364,14.10351647320359,11.92411958940341,0.9925305206256572,11.119138918086922,1
41.95427726844187,13.72193828126942,12.655882376436816,0.9456845122934017,6.249039446271674,1
46.94161943713523,18.91623164845521,7.886600605848044,0.7382265483872759,7.959446652383303,1
29.69768434650025,14.677332381323563,9.236764096178476,0.8991669507032771,5.709133107859911,1
36.993476827612675,21.19790691691221,13.892777088335995,0.7866860696584108,10.28607822691929,1
0.11310778563550339,9.884940969714133,1.5527349235981116,0.23636889391341687,0.06857027118640757,0
3.63909203255369,10.02578958751325,0.8117042106700418,0.1984814644862729,1.9067721450620017,0
29.328267861958075,22.04648329631253,9.038835668860878,0.9050742499974129,6.014081462375308,1
3.5732445172857563,9.551065329971077,0.2983720681269295,0.17760744495831665,0.589806506192851,0
35.12342099434997,20.84811106923557,8.396453230720148,0.8085862214944687,8.142700982209226,1
0.28055739259870094,9.910333022620812,1.0603276878028578,0.15622979464169148,1.3683287741155612,0
3.9146082647044755,10.009186064199046,0.9948733070460325,0.2155177205351538,1.6482082477104436,0
3.452148785297963,9.602994206067834,1.0234530486490272,0.22871817175685882,0.31475088514696203,0
1.8723344456527669,10.290550852007897,1.0307486614893504,0.16063469989423032,1.7216024066644258,0
20.838437742401013,22.390103840182576,9.689355729418375,0.9053914995589321,14.174064583691884,1
4.828668506181147,10.455977449571686,1.7023941749575233,0.09467965058567236,1.9280565816648794,0
3.3719835576765282,9.293521628175023,0.3045679035264659,0.07569165933017731,0.7828136657131568,0
37.595077290560994,16.734531116794493,10.006666402227188,0.9715426448937301,11.315781094790864,1
1.4724635750177,9.860597315733285,0.6428990360847149,0.07708455347425429,1.2141735624051013,0
2.4929901619850767,10.326156034422317,1.2078565687706198,0.20810311093557662,0.778827085098208,0
0.39971355091679484,9.568820122060862,1.8290180854373135,0.1033914661638895,1.4253228726274063,0
3.4229802505816345,10.266764877400929,1.2010924780020724,0.040310884167607086,0.7824363300828421,0
25.603868456854098,19.224054614318632,13.760044134647508,0.949282418938392,5.57945656411002,1
0.2580127155449008,9.178641495280132,0.38633042224354197,0.2513446772430339,0.12680397987961278,0
1.6499790180539708,10.094888411785972,1.0435128751442295,0.12510056118290627,1.6261466350314435,0
1.0413391063378452,10.08048031992905,1.6222357454813903,0.04158044942946053,0.9736588558748427,0
3.765867358748125,10.458447919052004,0.38037305382038555,0.0368780364457935,0.27757926747202877,0
4.833268356638712,10.273019347062835,1.7598934857462567,0.1380036291242124,1.24761452784175,0
17.58756367653548,22.599603743954752,11.46879543319201,0.7513575038771575,11.307154211994302,1
20.288505571110953,16.77267816267996,6.249039053242029,0.8214496401955675,5.3966130497427045,1
2.8647423684870916,9.706288525590658,1.334584363456016,0.286922126132975,1.3211120892024237,0
2.545023107810299,9.474267076314312,1.6604006613129565,0.16369233797806954,0.66453943749309,0
40.8433834059457,24.83111375401647,11.269748784023065,0.9698635564257716,5.545803105895271,1
3.316589218372405,10.471224873742955,1.2534301602076976,0.26448448229695143,0.6582068620955372,0
17.964528513846048,19.804402558798095,6.356316058442765,0.8306597324641738,14.659770015516557,1
2.6553400991118155,10.350773238694705,1.1032934721960959,0.07661921224933356,0.8712396255398989,0
4.767009731259936,9.46765618112418,0.6188540623985817,0.14483036936428628,1.0306326717827088,0
31.36496265646539,22.946201756340603,8.41881322056115,0.9872908881995306,7.094684318052355,1
3.021633061484491,9.670602464141727,1.0605863069293473,0.1631714902477151,0.3539059385997074,0
4.755327200720817,9.757543157080498,0.943749173542582,0.13474156114333952,0.6697505522659004,0
28.34323149799863,18.79308280704699,7.915097494455816,0.7963756528790059,5.151662146109014,1
2.994349886134207,10.145524650674592,1.913652075498561,0.193211781757923,1.9652199828094887,0
3.4241174603353137,9.016497601605689,1.6926861177503973,0.24492402723884926,0.040497236846989804,0
1.460904997090085,10.11395142430128,1.0116638742781419,0.04863958358255105,1.1536395751825044,0
0.20943015227551043,9.41852652564805,0.5897126254004712,0.2597616145468773,0.7042320142634051,0
41.322780313535276,16.683558356529137,7.354468255516644,0.979413915781286,13.215557004579924,1
2.381822471945857,9.973882088194514,0.6528622970464764,0.01508486110634356,0.8086336272293744,0
44.491951960192154,24.908545023651186,8.663481847086652,0.8361009540901292,12.116671769856787,1
1.4870696475391747,10.358526729690936,0.8123395319144695,0.062410079139315754,1.091183538569407,0
0.6660929702006163,9.753096873002352,1.5616292621705912,0.0656342046788081,1.7425752714693326,0
1.322587049834247,9.25590541156924,1.1785121458053491,0.05250934374540867,1.3594030407423643,0
47.686463995638924,16.781070738005425,11.860167359799549,0.8807848830804073,10.252060694570885,1
19.72009666346651,21.197738823797188,13.136558200290594,0.7377456549814937,9.945676245381424,1
37.66582911645554,18.21247893021587,13.147017590666545,0.8352658574395311,10.586530119300095,1
28.05448858290552,15.785316182704836,13.669939837581564,0.9237430732228464,5.844721965622719,1
31.374131878010985,14.725188543367501,14.250866324861406,0.7161917897652739,13.654170352961204,1
4.083111830761526,9.697969238861713,1.8367910529181004,0.23674453783448995,0.5742163596880137,0
49.76958467874951,23.454227152984796,10.36329825286106,0.9971123568901636,12.013698617326146,1
3.436040930658437,10.275155741734356,0.6443510106804029,0.09750414660675025,1.0677020785847742,0
16.3332449056335,23.40683028746269,7.967961404801645,0.999122463073943,14.541907303347857,1
46.7542778208067,13.762151568144361,6.450755039798672,0.9285846096820443,14.568799455439706,1
36.38331193026971,12.530836089589824,14.694585668207075,0.9756019517733894,8.807675721577198,1
47.60901008780434,17.600374687229074,14.281397811219236,0.8007056324439746,12.605429846558067,1
30.01380914903673,24.47135718769094,6.753109105146397,0.7268729011883287,13.806188321616903,1
1.2045491811535909,10.18254452024747,1.3514197716078822,0.06689578942216123,0.5655824105359288,0
35.854221391525286,12.17698391432931,8.249874095570862,0.9796877727619502,8.040452696358075,1
39.13526046093321,17.514871985385632,7.293365719050727,0.8290452258921271,13.712969832225722,1
4.410578435970777,9.060360632415929,1.8443896772687411,0.058892339968622406,1.7684774901693119,0
21.633137160140997,12.194736717132123,5.705228013987961,0.7515530092672577,5.254092383795782,1
1.2207005934749953,10.221268344956071,0.21174651114504206,0.0666107719111381,1.0073551468421247,0
48.127833941295286,12.07339085727697,6.340183221641227,0.7879497942192745,12.890244419542368,1
42.46239700641264,20.486769176886025,9.336200853127659,0.7336330462565258,12.097371925255214,1
2.53772049161645,9.157306831516822,0.06774532044321258,0.22503164920504382,1.069412718559417,0
3.598629178003543,9.837162661824786,0.44672066546848055,0.282660198442964,1.3933329353273238,0
37.681693071732404,12.157470509298589,8.323405600151805,0.8180543260391349,9.637148457639457,1
16.697407911287836,15.690937781939057,11.291222193389995,0.8752583906003686,11.338277869439427,1
43.903529425458075,22.867183442161327,13.29573052819695,0.7473537813608199,5.254323413619401,1
3.2048219799866597,10.223004716236648,1.505253314868565,0.24511193358275374,1.3317130881157544,0
1.946655335716112,9.889294814240277,1.0316042033309585,0.29814075801035883,0.980920632018474,0
4.876662150532894,10.482432884030858,1.589787499412995,0.1887172795678901,1.0401251503692268,0
38.013446214398726,13.88013662607589,8.970682272058038,0.7307410798976751,7.820930768156393,1
0.7492746029264719,10.418891791944114,1.014948709326815,0.2779241635751093,0.6735855774516262,0
30.92358825281731,22.125664868566744,6.536994837550259,0.7284497841457626,13.769014678307279,1
1.2565948431315772,10.364515382857627,0.5880594763102087,0.11148152979025688,0.20424739604042674,0
2.815558772016764,10.066690511169854,0.835844411257842,0.019878024918273507,0.6299444011014539,0
3.8466225195184034,10.369549647080685,0.15702243642148783,0.2475644984713719,1.094840103746112,0
23.36561763472782,19.835914478238223,11.473775955594917,0.8567709768474997,10.213539751868225,1
2.2764992387367173,9.226447489695442,1.6471485547026143,0.09409827275270057,0.908187089208665,0
28.138130769413475,21.226558612695907,13.118303774964685,0.7635254541192388,14.016501768797186,1
2.7576712482318033,10.420632487129042,0.14951569344356064,0.012925264847059291,0.31310134985571136,0
1.2785072028261761,10.145360870199863,1.4208716164817385,0.04791262864265013,0.9589278891686559,0
3.1336504334439264,10.027759035452322,0.24840658792754766,0.28314141269752185,0.6820882703804183,0
16.766396487856433,12.483894906162137,13.938586774932467,0.9693401109089808,6.071207850878824,1
35.601265499284935,15.351734047167216,11.898516287463014,0.7927080437861294,13.440787343822349,1
3.9856942003519613,10.16597643422158,0.6853253273822737,0.19840292150144226,0.22617657786165601,0
3.815949353597474,9.362055957006007,1.4139363598253114,0.17354127690411722,1.9724997129437687,0
27.57057592595676,16.414679638145742,6.450633360926538,0.9574553230850623,13.708395358672405,1
0.1168878769772208,9.806872050296608,0.4359966087768692,0.16736289476065513,0.9328941795177823,0
45.4405617288029,19.44450337053382,9.340114113106289,0.9923142347773137,7.2881547599897,1
30.333524107686713,18.11537518858253,7.787280433353797,0.8139370784433866,10.985130794667752,1
2.0206805555684615,10.451324537603012,0.5547750043247861,0.2130859016141695,1.2548683007487915,0
23.8561040236249,12.547660580388937,5.726108525960801,0.7730149837781827,5.19529280296919,1
18.398985362978063,24.677328771310982,7.368179145212224,0.8883594309831606,12.97178058261311,1
1.527187511474286,10.387208218787471,0.6592929934954497,0.021754648901268745,1.988111913536227,0
4.5407442922120085,9.863083437081908,0.1392829816226373,0.17391881613690158,0.29002833664489724,0
31.435324617313903,23.850450821790073,5.099937748585708,0.9347516907848078,5.575267837146542,1
40.8638473028358,17.304588473795878,10.107536171263401,0.9692922079978964,9.578575237381255,1
0.33022768653003465,9.202641834892965,1.327297979008077,0.1564914589771955,0.3236573225365811,0
3.684610311414762,10.089955542410772,0.4271134829913641,0.004001413450353785,1.997883141136906,0
20.272907103122183,17.49778621410095,13.02343998981953,0.7845356489813675,11.256732123887586,1
3.9923991722737173,10.073769366527875,0.619203296265967,0.017547413332370743,0.9725418216961552,0
1.6927890627748972,10.19018409707363,0.42435691021781574,0.221527530372865,1.8967688525452333,0
24.31797534534885,16.3675663726108,8.292420335246307,0.8440866459371621,13.435055387927836,1
36.53428787898405,14.136427815967481,5.205225117125153,0.9349792596369327,5.797047394454591,1
0.7917724018853167,9.286124686935977,1.0170082552267181,0.1349814878259167,1.4317488338634172,0
4.871792998079443,9.406642414619824,1.4060572330758918,0.27854059571854706,1.3725735252340854,0
2.1362580069814827,10.217009218802268,1.3421881282705492,0.005011827573469773,0.3569441884282447,0
0.1682191127188104,9.09784899190123,0.1559001388618375,0.22289374034668705,0.27270759022151503,0
1.9171765195082453,9.214754132076948,0.9833222510764472,0.09719825878614162,1.7283767251096713,0
4.722816317911263,9.861894374556494,0.24781606119389332,0.051261130151542635,1.9781479527356944,0
25.556725797986655,23.27859658859039,10.053092793537157,0.9656871176672168,12.019537773285865,1
44.3966384094798,12.829937926858308,7.898354623796403,0.7919148681477113,6.6090528396350035,1
30.354811552238402,24.76846874440224,13.620141069116402,0.9316063038495098,7.7390247106894385,1
2.365825241170358,9.842540062277212,1.617417289641488,0.05709636694680528,1.7434927543851144,0
34.72996950367661,12.73727675623044,11.639868618670157,0.7722223414346859,6.190265779430714,1
2.92220732070318,9.319852298168296,0.18103979589842645,0.2098789358453205,1.443540554635619,0
45.596991971035756,13.268127823678297,10.246754630112552,0.7790208966419154,8.746338696028666,1
3.0526871365336614,9.166320912897728,1.3651633442848297,0.2952529928684646,1.8111691691948077,0
2.8519606702838147,9.6797521384521,0.5058381535277283,0.24312378394229606,0.05694245175364232,0
48.38418901562354,17.860652348962788,6.298055586658794,0.7329333685172176,11.475189872990459,1
24.30083273579877,12.769029241984631,12.664830893227842,0.9648015805901936,13.198443517257338,1
39.14214095986243,12.139396437627006,8.051121396784092,0.8196464594222631,13.352469488855016,1
3.88679914218446,9.695038959596452,1.7290155216891183,0.2778696208052444,0.6566886893068895,0
21.330591337749404,14.40690504261287,6.633814564645505,0.9366765797242309,5.060220403684063,1
2.9735974795356253,9.772481820518845,0.3130514188461966,0.2973001920280114,0.3452064584822594,0
2.5555215325714227,10.468850390745294,0.24860927362983687,0.1118180114502283,1.8639700357449493,0
37.47651196121787,18.56441663269991,6.420220441211537,0.9255260073673898,10.817858351234921,1
33.81208534919671,18.480372951447386,6.873186197019104,0.8901364596721876,10.904372807789148,1
0.2546205381335048,9.716394028239588,1.8128942637880867,0.0006758947838771179,0.5332773060848244,0
1.381090842554749,10.067582387590857,1.2125321270647433,0.25372879383534136,0.5913171436861964,0
42.285230726225045,16.693082482629656,13.827241442744588,0.703850680419021,8.121887367723005,1
1.5518168794203968,9.494851440223597,0.37917786219543403,0.2420551803416296,0.5512884604845547,0
41.22646297888595,21.292277519691496,7.806964770804404,0.7969685178333752,7.875201986321276,1
43.67497642597077,22.378070738923512,6.011248391164875,0.9399036409824442,6.202517734865768,1
0.22004257693375495,9.996940934874837,0.08894919682160696,0.2359330211765398,1.825428172787497,0
3.053210333158888,9.919347655472277,1.508854058319856,0.06964168570959983,0.3342497230375987,0
2.4977950507739477,10.440621280689578,0.6870658891629833,0.2911461271911193,1.1663234228674717,0
39.42858988807731,18.90113212619654,14.68873138682605,0.9709419221422542,10.120008566141596,1
4.780833922486925,9.937479975414508,0.37682895709094666,0.0744727596543331,1.8195014372627485,0
3.2947542350272334,10.029113946393254,0.04464574579543523,0.016211877704370704,1.0653554531824998,0
42.73232219471545,16.318719261723864,8.45484991265538,0.8359020441080377,14.022952887404225,1
44.03224227697581,24.97492629669908,13.384443861722144,0.8672496279039842,6.934295916799566,1
23.672014011575897,21.72648358907003,11.020913664698273,0.8695082027070415,6.493011991435411,1
2.032807517118296,9.094043458329576,1.7498999829805604,0.16730157141076998,0.6621885840007116,0
33.11595887064034,16.20226606667967,13.875887121039753,0.9010487732617847,14.983543513232265,1
38.60614492055308,15.827939605803522,10.287410115397792,0.9520378479736753,5.682062347427255,1
1.417958831644433,10.372864965041524,0.9258153768094333,0.1941210055616948,0.5288154281119015,0
47.31512438827003,14.196404624160976,12.513742653580106,0.7250929271749801,10.652924095178975,1
3.5890920604908856,9.422496153167312,1.1488551945145524,0.003922085881634185,0.950436684744858,0
3.7174930955821646,9.064601139459146,1.6631093763631553,0.25142766801208544,1.6657320248070058,0
15.782817803801805,20.289492690464673,8.069545019266203,0.8295486987895708,13.730873952146897,1
3.6529571654830857,9.141486144977659,1.0573116643537126,0.08738294754493363,1.945238926445946,0
4.803781424957353,10.33868318722115,0.25718348245089206,0.09323697813051914,0.48612638302502376,0
3.663983598455765,10.104625367664674,0.036699752908186944,0.10831790948345855,0.03886534481699577,0
22.370424377000973,21.641806975428324,6.475343390595633,0.7668840114800562,9.245526528734912,1
3.037143804605754,9.240307131593319,1.557110919823077,0.08980093715680959,0.42204615267768064,0
0.573990956333042,10.30450969845376,1.1988675725469393,0.2549117769673854,1.734697377074715,0
26.39312935709428,15.478327100059596,10.445478537124773,0.9414935814203631,8.107566082035579,1
43.845688861920934,14.167270451020057,10.763878502046987,0.9690481987260839,12.930644936589509,1
25.51558828425079,23.760754687912577,5.904862918495527,0.9609472026661094,8.767052024159227,1
2.687696022121662,9.287008804502012,0.5133756374051612,0.03745274994263834,1.426762819771497,0
19.67959387383845,20.263164725864037,11.62600502880285,0.9239954298512785,12.202454007749818,1
4.432321740919311,9.74643009798697,1.700300995421281,0.07411933223689335,0.3505412044855061,0
1.8328085993574512,10.093305439645745,0.8543120822993486,0.007450322244004292,0.13196180623242637,0
4.908192156436465,9.53971421590295,0.7350516692810924,0.29441632103545634,1.7230562605960766,0
15.734474361469966,15.548413279326125,9.491104408652525,0.7593849349146851,5.873479884814293,1
3.3259918501459156,10.405596981981084,1.694516623288374,0.0737264313983349,1.145247902585009,0
0.5504765263094319,10.004622176531736,1.5587316714957515,0.21775941324794182,1.9037676115222613,0
1.1642737572345796,9.64215415636163,1.779857634377013,0.005691343947225513,0.8286373005046934,0
1.563312716729552,9.195245390816503,1.6533660545423414,0.0007486360802487435,1.6641766353616614,0
31.34170201394889,13.85286132238231,12.997627009912083,0.8100021914362598,12.619377751603944,1
4.150365491027887,9.256355692764792,0.7445172837895044,0.18010640565272454,0.9645074771212434,0
0.478656036429716,10.410565966254989,1.2918069193215351,0.03027479506632583,1.9434334781321028,0
21.948504163489496,13.434189859428017,10.76971654776795,0.7239957873822089,11.02453263163595,1
3.215730713602081,9.925579489766083,1.5967034309279535,0.2627622175801336,1.020209881307132,0
4.593822718471131,9.165908627910996,1.733565574231314,0.16327338629508437,0.07811235763287816,0
49.59323293425689,19.640258553926916,7.241865507422567,0.8763969574720782,13.194995829490182,1
4.549705266961844,10.269661812725023,1.416553651314472,0.24536632263862476,1.087631013685332,0
1.322249753795492,9.557372156777552,1.662311309112024,0.23102569488614494,1.942399135832178,0
24.82713925410851,13.597541262998057,8.218618563899062,0.9555961654554312,8.810807706423057,1
25.510890492289697,24.302175309639043,7.631512367342119,0.9019533607481891,6.781285078632562,1
3.0374090872450554,9.320057861032293,0.9488463885775973,0.2589918500933844,0.34840301735296575,0
0.5139801149068451,9.670357637705262,1.8834690597644483,0.1190914987242675,0.8684020559548786,0
2.1499627001215336,9.859605987775398,0.18124887344042984,0.2790057176458487,1.2512841371037555,0
4.750948084986994,10.278208350389336,0.9082511517040834,0.2612707114901773,0.44166482461219037,0
2.9184829140170776,9.275224806540034,1.206859716989534,0.01695328227735594,1.2184767111438446,0
2.889785977276222,9.984372417205671,0.5670200713032201,0.26149065117684195,1.090401470307127,0
42.03118926808134,24.433455088310467,13.67283885889112,0.9182747349684919,5.753842546437552,1
34.67833674934495,24.017292569320844,12.454302669659754,0.8171244956096669,8.370326265517612,1
3.5009336050596596,10.37299010539814,0.17552294895777187,0.2584434433903819,1.5860254497587305,0
15.42482988858656,23.655678068131202,14.122484700064406,0.718425232493146,10.218153230513606,1
0.9700090720760651,10.270150799289995,1.142056782500905,0.19008973117983402,0.37495866166384006,0
3.371262396424255,9.010229917503828,1.2557435618722106,0.24308880830890375,1.1815361191529656,0
3.6703795784681432,9.158090210926295,0.5416720753913316,0.020054165945302814,0.017362418452617323,0
3.115465636569529,9.281989979444527,0.4199134404980236,0.20077736511221003,1.8319081699439657,0
2.485654017421064,9.328642234050173,1.9679471163647477,0.25417949517148913,0.05247757756465821,0
35.87471731183885,17.74950666033444,9.76091389884336,0.8868927627360672,10.834965349643584,1
41.54563450026515,13.131841143068574,9.894451812312479,0.7029769621489264,14.687374888947463,1
18.65838833570348,21.75301598341586,8.588424411457954,0.8655073138325307,7.805581171728396,1
44.414232944729996,24.24855240486449,11.766279428063,0.7638896350004303,8.600900958135508,1
3.5392960013681933,9.326256100110669,1.423969291958432,0.2742801733716888,0.5349627716975998,0
0.4069602900897912,9.699384081365242,1.5511296769349614,0.018261799587420267,1.4106704336226024,0
36.74005361742597,18.234679089249518,7.885790406177716,0.8531077243583942,6.679623963958772,1
4.813260701137137,9.977390871170691,0.5939419147031406,0.27890924959963365,1.4811883989523738,0
27.034410635090282,17.54066203976106,7.591910211076884,0.9301343683539998,8.80726969957774,1
27.12749198558967,23.190940840267185,5.53886848427164,0.9946270952572864,14.120343670333027,1
0.25416049267061647,10.289644491884015,1.5226159975119649,0.06487694376838572,0.9675838122594356,0
45.27498644121186,22.12153290375781,8.934667187402791,0.9537175698736367,5.469540392324015,1
49.10722756562237,23.45506267040649,6.814061440021905,0.9169827821472313,14.368254730147875,1
34.06714584852084,16.30985998340946,6.7522751301703,0.9305443687861918,8.999761490871421,1
1.4440770314893392,10.179214472803897,0.4692797766261223,0.13068239326505185,1.9507617479348236,0
4.946775075637595,9.708727538057072,1.9391806729092014,0.16419862270294483,0.9192319917438996,0
2.8504678479416246,9.704509279465158,1.3817521200319263,0.11953766724594779,0.05231228906482621,0
1.978854160835191,9.828115044421871,0.5854996503740129,0.29521787171562336,0.5834903364823352,0
40.94180497240026,15.825166489095572,9.766639996195742,0.9975570385743125,10.763430129815987,1
0.9785490716803397,9.551866406724105,0.03323245345432113,0.2518566167166636,1.559927049863339,0
1.5539468960787206,9.815665862954631,1.7993852405552127,0.2344346669157043,0.08756784133974982,0
35.864598584489165,24.71603938327869,14.97502503481197,0.9324144934033574,9.043110980204393,1
37.58572855953571,16.75353026995413,11.002022080701613,0.764941258986886,11.338418648549561,1
2.6024170719527415,10.475892302552428,1.0461218179461038,0.0547280056467341,0.044187494209549705,0
2.64246444844559,9.63218406956517,0.45686596550595704,0.21096846996863183,0.5047233634910393,0
35.67401512337882,19.006896118195492,12.070493049229883,0.8256619680086057,11.692040049557654,1
3.8341517100369673,9.580418774887953,0.9399801776371737,0.05004219607787184,0.03725537704878468,0
47.444074977711885,21.126835354354725,9.140279237553608,0.8795136829598489,9.29774834441366,1
41.64384634076316,16.37827150593769,11.378057159756803,0.9484450012506441,13.888294422179488,1
0.7370688324221369,9.329978242707167,0.022477965330753857,0.06815862440631096,0.6654231638647479,0
3.233912200030093,9.607489156374339,1.0255706622754897,0.2178940115757505,0.9526105373897242,0
48.05641334840392,12.034722913779623,12.953783113303597,0.8060815828709458,5.636513703346274,1
2.3556394249847723,9.3512411101525,1.9782998213333451,0.07815193477806957,0.8325231856987332,0
26.261969958697392,16.008962189176557,8.627368681208765,0.9998968926869016,12.779433028274259,1
0.3501371924993041,9.99611810676311,1.0561287312171486,0.24828821380864335,0.4443783524166014,0
4.141631230463728,9.69750301954004,0.591228720421692,0.23245808060899553,1.7088408187627893,0
1.3929152364957542,9.39012770420467,1.8691745628336793,0.14623997221510365,0.22211426540003476,0
3.064624252613695,9.455003073592481,1.4850743249109308,0.26882476818977763,0.2787823474607014,0
24.73608719563633,14.35072930498086,5.219010759263679,0.7670322849068048,11.04374136892273,1
4.63235602279829,9.781619544156024,1.981030230900425,0.1527686441544333,0.23170407660273518,0
2.0430406995985195,9.388789723781498,1.3972093566228772,0.22745493308105008,1.6462257817045296,0
2.3432069929177644,9.1221813221016,1.364251911013068,0.23711046745952624,1.924760654454078,0
40.9137910502755,22.091610814466968,5.25704860109661,0.8492195054008289,10.283367123120252,1
2.181756619815946,9.982143792759375,1.4005688641385947,0.25892219957717205,0.3610142396887943,0
0.16882788610232624,9.773983049956286,1.1885366120601757,0.10730830876590187,1.5251523961871192,0
0.36346002959398216,9.06221979434168,0.20353159310273106,0.026207944399241335,1.0947624669388702,0
2.307028169192584,9.358018660311572,0.8946500822232732,0.2851281448890412,0.4215752679087674,0
23.510865073400517,16.451931708856257,12.966583738498375,0.8758830545258856,7.535386625191753,1
2.2022615766063103,9.585600197678618,0.09313893972487453,0.15319255455871758,0.2520127732673476,0
3.7501704897345194,9.662948032967073,0.3019513630277615,0.24190529274163008,0.9214110538427431,0
4.7240853577500355,10.193620811684266,1.555316210521582,0.027038562080452622,0.35902940456719823,0
1.4048052658651078,10.074579836827368,1.7718047553651275,9.212251012664651e-05,1.3757043700843075,0
4.602918595445432,9.501508170622854,0.4530572904539987,0.14856090265531066,1.2309537805237771,0
0.540933286623303,10.224690380149251,1.5431403409690672,0.10407399611126918,1.3805790598671666,0
17.791496460235997,13.79602006938295,8.723791883911108,0.9773507289543586,8.790302616459803,1
4.283819437697315,9.914552748227315,1.8155199824809451,0.17469948667020266,0.3422448439611332,0
37.071853085286634,14.238248594776593,6.62145003568245,0.8641549246203822,11.594385611161037,1
23.368338754531532,20.195544041277543,13.06811683748072,0.9898932126677238,9.5459610695472,1
37.01606159729366,13.85175423982166,5.395837295258979,0.9104347413953859,6.170564589645866,1
4.937769144307827,9.963539735575168,1.7739755157439785,0.060104809154580836,0.49215720990443357,0
2.203747001857883,10.2662100030978,1.8541588100872723,0.14624284339603247,1.133505830225605,0
1.4598800433278218,10.380920846925523,1.8301998152157255,0.11762041591571173,0.8685835388605943,0
4.733280154429223,10.331975780974668,1.5384847583509125,0.0828628897995627,0.4831190144328028,0
31.03484270234489,20.923643714733025,12.41966705314293,0.9336620944767888,8.747320134531215,1
46.49825513532811,13.132225261640915,12.829014494560987,0.9505038014725851,14.428771471534901,1
37.56247023122222,23.790298040932633,10.663818006102073,0.9399358574380319,14.807427252251976,1
0.15813725342324947,9.649581827642239,1.3101826216947718,0.20698377318406713,0.013017293769219007,0
30.33366763766517,24.480757584942054,7.717937526236749,0.9233701585630949,9.190314170841276,1
35.117168598529474,21.1103800002545,9.178174517811243,0.7837622616892805,10.461259523689344,1
42.900872027888084,24.588149681017324,5.553006863283484,0.8775068421229326,11.812785303147999,1
2.7839884885620405,10.492920361970933,1.9030084240703196,0.08150696120006719,1.7373107728984438,0
2.9256116252857716,10.087800594893631,1.2707991149582245,0.21423684054832237,0.8583050091037954,0
3.856183333089249,10.20424956637531,0.73748956863332,0.19757855435654137,0.9763189565544435,0
43.052793045671656,15.036421674607583,9.684299404952506,0.9747869786397034,10.859372296875067,1
31.055341884070277,17.76385231290613,11.045628668900125,0.7471790341742012,13.981538896257593,1
28.245333081695733,14.902628650121226,11.861915004846022,0.9154726078816361,7.7488509160739945,1
3.610919596796304,9.1207745289878,1.2869290882529676,0.2764557577012263,0.5999269017629822,0
21.94890709897629,12.04508997016544,13.708273102516346,0.7979348325254108,9.1449752513895,1
45.146115866971094,20.081615115647,14.563817448338858,0.7059268987557421,9.230873698539042,1
1.6280725356373122,9.36556754442178,1.2481168855546974,0.13406824801697284,1.8210320198640126,0
2.3683237847609413,10.38237470109079,1.9975585757086127,0.07519233545252497,1.8711363415322004,0
45.171080600272845,19.758766877748123,10.915102197690018,0.8832466621491779,12.188397482056669,1
23.22713517535145,19.264336500597828,8.85250718361922,0.8379132905345106,6.539563021236308,1
28.135774470997223,12.819338907809998,10.222136796277246,0.8959407318344725,6.714331411781883,1
36.30986375777708,24.787775082521577,6.900887921642033,0.8347134178739445,14.182405022855537,1
46.44127068919792,16.126269279066598,14.625728861611929,0.9437185725238141,13.371755836394877,1
31.18832709937066,14.650490985178745,5.239894074795208,0.8677414806519257,6.610461788815895,1
4.811308325689495,9.751015612208214,0.7957160364745122,0.2519822451440741,0.17468082822788866,0
0.6582030793912996,9.526158876901695,0.6097359852148925,0.25990136908756556,0.8201248969571411,0
3.2020305845983703,10.379092261813017,1.017703290499763,0.08939236570399328,0.3183203954444527,0
1.8581690628637393,9.884823676375547,1.407885883613682,0.023471967730282862,1.112614941229358,0
30.93909812423825,20.190950948192338,12.165490680232919,0.9881776863568538,6.650373305200834,1
1.3410756138025466,9.429835536217691,0.09206756312272502,0.0858206826895519,0.1276573791813158,0
1.9787692511179755,9.18916497200521,0.9777867662424795,0.15657476120469557,0.40380430679987844,0
1.396273904572265,9.702294067396531,1.825747685952927,0.1704150763209089,1.0424630091732383,0
32.12453819916294,14.920019913956626,5.537751279487157,0.9337679953246766,11.410862839596584,1
20.7300593455307,24.089776629600493,8.286651311054452,0.9364647044183512,13.914133345976127,1
26.91353484679693,21.64287319958253,13.768394060751858,0.8112140690937132,9.073437521701873,1
17.28572668344756,22.317726708973435,9.356650207016326,0.7533669900558881,5.794029551026796,1
1.3178194459275872,9.345275237001003,1.3170128943847923,0.0347800531972519,0.7747169794159214,0
2.211823995815961,10.303139080091652,1.222509012845515,0.006129949821457503,1.0381984835243674,0
38.02522269617394,12.838791344269382,8.910688791514199,0.7835755518541196,10.780401116288001,1
41.246509193177076,15.937726587717687,12.793066511884314,0.7967987099492021,9.300235873450099,1
48.045281823148606,12.762046617976546,12.399087115888829,0.9179510378220888,14.471096141455892,1
1.2576569520748793,9.433801331236507,0.7346189712173599,0.13510408479909855,1.636054646505556,0
4.316521432176968,9.547231563326275,1.0511721853986011,0.03522121870907997,0.8338139304469532,0
0.22376109596801752,10.073666027499124,1.521522375167725,0.04985468529702579,0.3357628567538058,0
4.559842899316128,10.189859549760852,0.35228226774835325,0.2452294227641609,0.5531296248312492,0
2.768365208398054,9.503653348817686,1.8214282853161163,0.21458869855723925,0.9681096050313431,0
45.15566234703748,12.37221216153734,14.391592325551192,0.7130016199907439,11.145186796748499,1
2.9003222699219466,9.138082981646193,1.038214367403271,0.014988589401551965,0.5773040966259317,0
3.81333908193821,10.27374460521543,1.1747723815176148,0.04837104253039368,0.030444942982981615,0
43.59882883172399,15.090266663285812,12.505630985884716,0.9635857167114938,11.624873960354586,1
47.89941498867893,19.088407654209146,11.152941190885404,0.9800234288655254,14.31583656310263,1
1.5805449075107059,9.379429277000357,1.0300267738225621,0.2991405675003752,1.6086438828682421,0
2.079170251340148,10.332457728444972,0.9649987497314922,0.24705851279437413,1.680352595646008,0
32.071379834984256,21.801447422157302,13.677410586716949,0.8174170079409998,5.135695699040159,1
2.4908420784367262,9.191064048791777,0.23062504436401587,0.04777271820296781,1.5019465193342116,0
3.231410727047126,9.267560495215543,1.9373815548612892,0.10620767800432199,0.6585739476800845,0
3.6577434126928305,9.572081494610348,0.6942811941895519,0.2524078796877997,0.0706045090281393,0
31.04954688017282,20.403486703502267,12.618711339537391,0.7693345914544335,14.66294329718146,1
4.925477616698989,9.35290415677006,1.4445561980726989,0.13049141274951018,1.3049162969759072,0
1.6561325814748173,9.105741139278852,0.5670920490516296,0.215088510445755,1.2695138391196392,0
34.77680552016412,19.996602765471025,10.02237973688228,0.7050792250772974,14.000968114631178,1
1.6450528865370035,9.636392795442863,1.8222656215809132,0.15042196731283286,0.5394015304913675,0
46.4775719886661,14.058860664888815,14.144751060090048,0.9635334738853238,8.769499111663896,1
24.91628103775391,19.692763086634002,8.57278930104044,0.9276162602520326,5.605976964624935,1
2.2005795378838684,9.423003854139303,1.5290331220722637,0.032007021164781414,1.8349304511096076,0
4.543594640074551,9.409946800093465,1.237243370816111,0.020578047122368725,0.7613222022564019,0
4.938495963805413,9.499557635098009,1.1706610837801241,0.23381791627326654,1.841232168451291,0
20.529798072633387,21.27444779170873,5.745518848702321,0.844867436798283,9.840531191522071,1
2.718886544199427,9.060202575652415,1.839804251319795,0.1467905921510606,1.7371782831220035,0
27.740386937195847,20.85153438000559,12.421628627707559,0.9440256749292043,6.975438885315586,1
2.2903443118440303,9.660062201481303,0.3502812677722995,0.29052323660734536,0.42627695071808636,0
28.55149994139011,14.563625985063432,11.06463685175565,0.9223753512149461,6.308610663246606,1
2.5243840071779977,9.732093689870208,0.32672804380182097,0.14835586889108532,0.8233222103399729,0
0.3138557824959576,9.219921167674695,0.2930516395627374,0.061028250646241254,0.5724007941299678,0
2.6905282927961593,9.352335248957731,0.6023310740025185,0.07353964945035409,1.3003446271450216,0
3.387127596064449,10.450810952408535,0.028977361190166473,0.22522762808470706,1.0115872009059632,0
35.240732730670516,24.358118100514115,6.481412177223756,0.9980694998059946,11.442728659696769,1
18.763446532449027,17.629235538151164,7.145198728117286,0.8288623526185627,14.9104817279895,1
15.733325960308372,12.660187310077767,11.093957634322408,0.8842046244683756,9.996672917814411,1
2.3804732237660406,9.476746419626867,0.7205486002477342,0.100344182437217,0.6489309825477798,0
4.500773757238277,10.087834744177703,1.9922303403858246,0.09065137899158636,1.7569716955138206,0
39.591033837641696,19.97780589679964,8.110517690956009,0.939311972046213,6.101536395796269,1
21.13866172407644,21.05088489506327,14.769731627255192,0.9249865303312235,7.845807390476489,1
4.4519606748341625,10.292332357005346,0.7247869040276225,0.11574608666220776,1.403006915374981,0
4.689942638610281,9.97997283715372,1.9409532928835649,0.17403510991260923,1.642385516727228,0
3.2345570377010398,9.023435666755073,0.3604732159069397,0.2789791988627111,1.3271552468174261,0
1.694541016418614,9.972165881686458,1.1244464996884211,0.2284521929029571,1.7323558432901047,0
4.87061943173053,10.27334834611735,0.9660548303810812,0.20086894429624308,1.6242143910786002,0
0.9362347446936181,10.020528288227837,0.7881872971441346,0.23867258216778958,0.0736716342066066,0
49.75178672182397,20.1745274233234,13.001379423839417,0.7804863552666498,8.400241352959798,1
38.62681714021957,15.77199725447967,13.69773799583522,0.9242734358427925,9.244376040008934,1
1.1539882744732821,10.059185921873734,0.7873879067950174,0.03563022388218599,1.526921353067364,0
0.5476830248868564,9.371316430527068,1.7648424169739005,0.10825497788380768,1.2411053171897621,0
1.0764261253859575,10.490433322446048,1.475799743902879,0.11775230716542079,0.2606984133249679,0
49.40168315008914,22.854230441778263,9.796867546204862,0.9637805878259404,8.476529475832969,1
23.070980219756407,19.62956112653156,6.945960928235456,0.9144395823199287,11.251214837525968,1
29.07961184082476,21.740807851637683,5.729827147309509,0.8978640985277919,12.160136409328436,1
2.8104095071803643,9.890147110575832,1.6869795111880206,0.1253214529331288,1.0647694261488954,0
36.39677214335336,21.573715347472497,8.33204232125859,0.9101427703964622,14.162338333132151,1
3.174734148014822,9.72120376175588,1.4414309033144006,0.2815159563400174,0.6193186167465465,0
4.459637390630279,10.410625188948789,0.8943139135435172,0.19690914324030206,0.7809568810522134,0
4.967081786379047,9.638469499458479,1.0831050947523226,0.24238851922912819,1.9217522702398668,0
0.10239230562199664,9.945357235659243,0.8731422466171821,0.13698869674534248,1.6367461077397893,0
40.44293303785297,12.154400879639928,6.16506781822741,0.9771433809873565,13.487193289276142,1
15.94792791898727,13.083541249971077,9.375653251471427,0.7706350436880829,14.842612944157846,1
1.8745491900449895,9.645657009767222,0.41536416592891356,0.2844157628762615,1.8931140407731488,0
2.3685310384465423,9.776525478795111,1.1840059643186907,0.2306434968714651,0.18073949702495629,0
2.2024084464920706,9.411525245783055,0.8472438354425393,0.20379520969700848,0.22122112261005955,0
49.27549990960918,18.461038642634115,14.960769157965979,0.8469357934183799,7.197512643840673,1
3.790877611920072,10.028599652328749,0.21973095563874012,0.2907441542874735,0.44672776177267304,0
35.29419817846271,24.95746678303302,7.779974340199379,0.9339053096096734,10.814047702136573,1
28.39527561495536,18.414966918385225,5.164064287269488,0.7247086395424841,7.5780964272981155,1
39.88888969177011,22.066685020360644,5.0050998901594355,0.8515081265506882,7.352345799706466,1
31.092039014039116,15.89028647291609,11.293351148520573,0.9076344989758927,8.984702448588553,1
1.2022406270403974,9.142504142734396,0.13856980288845167,0.15138453302983865,1.283422964568576,0
1.1446314562208855,9.410000939604272,0.07658277239404088,0.05317058224208771,1.3009999690278808,0
47.77767433156459,16.630563130946065,8.992753840155771,0.9237894542434779,6.340827719549832,1
4.838200327699666,9.35379406945653,1.385086276412074,0.08774503293147787,1.043625757495041,0
3.5967791587526152,9.030007746639253,1.9468052178567123,0.06648217702271864,1.3278001842325822,0
4.700046630936631,10.433153768690492,1.7626479196065759,0.07654660162631394,0.699952061956362,0
0.3965123737669318,9.313744025148397,0.6237753684298954,0.03492230593944584,0.9137981418289811,0
1.2354394240160578,9.959506013339931,0.1520987403830556,0.1717589620871352,1.6385724725682063,0
41.38391915925599,23.457618123974743,6.715098229802427,0.8040406659364011,14.701017643315614,1
3.687108393109993,9.745224120809977,0.09196483201274441,0.17397178148470485,1.5314935200686184,0
1.396655092651703,10.012144562087128,1.557083630172235,0.2621871368242034,0.3106599346363761,0
4.279572377160222,10.130757388778065,0.690898267946298,0.1303894924845627,1.383406835750692,0
0.799343276185589,9.7094756499782,1.5253448479531082,0.2991615431922904,1.5748172568618037,0
34.53486845772067,17.32423633814347,12.949356367907937,0.7133989101572296,9.107235699624281,1
4.608071116402223,9.113599256189213,1.4304859142422717,0.22070662460106136,1.9938217785955454,0
35.74841285787582,19.632444651754433,10.295318839442054,0.7350964707047163,7.184559274353259,1
22.77036869960123,19.13459929212177,14.061606345318934,0.9738179878265193,5.547637775258255,1
0.32162097264524736,10.41476107673786,0.43075384341015166,0.15372184303804487,0.12717608493157306,0
2.890811002997318,9.81514452188789,0.6773438497749944,0.21193670559497418,1.6529678819621427,0
25.90125164384944,19.654887101443805,5.392185012800146,0.9146380800024243,10.29403963356727,1
2.3142237882898864,9.331504338486972,1.477462210924806,0.008270472250753691,1.1094926076638512,0
21.38432893927928,22.34276469275058,14.974583288395984,0.9907810757285569,12.775295649772314,1
3.0582366636879925,9.710035030564805,0.838516196851228,0.26612092887472044,0.49029603979490255,0
46.21603706120729,24.590833209645847,14.485590004657604,0.7580067057530172,14.00894208235323,1
49.5376480949529,21.062879155335008,12.510537912135337,0.9948407619115056,5.069907853991741,1
33.45821820843223,12.980849161235627,13.52224580078157,0.8240090187831833,12.005321155919972,1
2.6868959395685375,9.01038014337724,0.022108797394019053,0.16339171668535743,0.8705444777278826,0
44.188223958120986,13.413987010199095,5.2318740158655,0.8496914070611303,12.758293517147361,1
2.497508849994774,9.670407056047633,1.5220412084308936,0.2123914522919647,0.6570702331924119,0
31.52923874013002,17.30191098677643,8.53361571540924,0.8269050857316439,11.736578541823583,1
48.40736099591729,20.91466852029629,14.266494080645696,0.935239677582533,12.278776220711732,1
45.33472855663156,15.135740913462682,6.911249749764296,0.9010917643872257,11.208025217731528,1
42.73858706172646,15.705894926139791,5.098878650169207,0.9414965676928366,10.174141888168982,1
2.8736682576943116,9.928107211826449,1.8683888838171074,0.049384768211831395,1.0860484585939918,0
42.8789723110376,17.837380192617182,6.6352620860812035,0.7283586292001486,9.729201168617793,1
4.460790665949071,9.665280276586124,1.1952866933267667,0.009628353657877908,0.9390044645486681,0
20.580449406707434,20.966810332710736,10.938592649655266,0.9245757180135408,6.506002734275928,1
4.9609857656421665,9.148776220311275,1.110559124448996,0.1591782437400808,0.13781939120636433,0
1.9871763619353784,9.575930179325134,1.3155925300514986,0.028022304528064788,1.4712483004350179,0
2.334636941201623,9.292909681768831,0.32463972417002407,0.06171352782512176,0.9855658690392406,0
3.1315116620336827,10.228586183504024,1.7751600971791357,0.07784269487154553,1.698823175898639,0
17.392687495551847,19.54558822704386,8.403048195979816,0.7310585588890492,6.836438498683974,1
36.29816843736366,16.645792828938543,12.750250556294933,0.8954956483452149,7.344014537237358,1
18.1584461183596,15.698298229694927,7.627640379142541,0.7558664828383346,8.156381272006538,1
18.78461903187813,19.109817250447964,12.636486339125542,0.8726400666558961,13.262913649373523,1
2.8575796051178814,10.270136895881016,1.243749121964001,0.1902229063863746,0.4433283765459868,0
37.80004342686058,13.22496515623128,11.953056776022965,0.9174347970323162,14.934799343336271,1
4.672844733552276,9.358670639039724,0.3048579822171167,0.2608337066996874,1.8836949881768952,0
36.437513225023295,13.026412750110387,12.267391317296276,0.9125684705745851,12.755681478094317,1
23.439795619850138,23.52697901311823,11.379017290493193,0.9859790010162606,14.80479849010547,1
1.4749647349198987,9.013491439226147,1.2667158239461909,0.03398072494767671,1.3185829455764282,0
0.8690074447261514,9.24457503001306,1.5277155162282767,0.1775813036118893,1.097547797865526,0
3.937447843146869,9.110882574968645,0.8142739877545546,0.10119534780290222,1.570362041446554,0
4.573662120274767,9.52223616021613,0.5448964383548307,0.06783438907068585,0.5089818153932617,0
40.32523740744023,22.782981221755882,13.988857538621453,0.7204402791329451,8.020787992734968,1
2.680709638984723,9.767296416714021,0.5430198534757773,0.24813925548616272,0.37409432973509893,0
38.30275833191655,12.863741213632704,13.759873317074103,0.9817207576303205,11.179074241186486,1
26.08433954120137,21.21925229107466,7.486959406670048,0.9469587990820636,7.7235341313346115,1
35.495713882715904,15.919688958113936,11.373136296671326,0.8102161867455873,13.607903810304645,1
4.250956409249391,9.463129479469314,0.677126017919494,0.05909791675168216,1.9226494362324336,0
37.712967758331644,16.52152544461692,7.9397863075806825,0.8425764707824086,7.148809720927892,1
1.2491160654305844,9.126696247279313,1.6407226967916502,0.23146744734458585,0.5893342433829429,0
3.936912127079028,9.068065879170483,0.21307338721674385,0.24436108825877767,1.2470990988352715,0
22.977643006800406,20.834805093726086,5.836134690315263,0.875588692114678,7.691898911947181,1
40.09625725553394,24.712594152835972,13.071600782921845,0.782868194069582,12.09579193878265,1
34.164051231300405,22.919885543449766,9.331776120046523,0.7398665467614602,8.830869131145167,1
3.98199994385323,9.378558714782207,0.11708284390015589,0.12036875429418173,1.6397538236521563,0
47.92024238790921,12.398263998679862,12.517418795059431,0.9524124898407988,7.770607254177502,1
4.229508337185565,10.296105754718203,1.5111414061990485,0.07274388941868523,1.0464941504799596,0
29.679592511391235,18.5542668156927,14.515424351022675,0.8260706389575921,13.81681995814269,1
47.43174720001728,17.578603131164545,14.388696739093144,0.9974201624656407,10.26659826111416,1
2.7866621237537563,9.902553735218689,1.93635280805896,0.256416040923178,0.4116785739905524,0
1.0076896849383337,9.976688617428486,1.4655237227633657,0.03752137183517072,0.5539605199498683,0
1.8263647101765357,9.36416967321312,0.6748332487599267,0.2827354334202198,1.9947527051908602,0
0.7107165669019472,9.3349463236531,0.5439116920776992,0.04392796249467,0.8206311029477793,0
1.55146709643387,9.515147072684625,0.7385089483002825,0.10329413359546259,1.5741845949006552,0
48.79725400478401,14.630726284183261,12.046398194407198,0.9525815891927457,10.398435225427022,1
43.99393418244686,17.884895538236897,13.556873679208534,0.9470658181529696,13.933705221405857,1
23.44555747892374,19.61224343515829,11.886891509311674,0.7420469265106391,8.584257423801489,1
48.29136337973966,23.564463748194058,9.573366800158084,0.8909473304112856,7.306961234486529,1
1.6720722567730617,9.945624042628678,0.13736937243877745,0.043541907979842184,1.0925476420225184,0
49.389117068289266,12.1610890317552,13.861200114631643,0.80610177231849,6.326905816777627,1
41.77113350139003,18.493007744247883,12.256554636438663,0.8515573686258308,10.929053414052634,1
15.316113242922764,20.702585637591753,8.046346887142926,0.836350003516123,5.940307481342267,1
2.8855857861297562,9.12940973660032,0.7176077611377338,0.12361476776681579,1.670474633648102,0
42.50197519054504,20.337145442121447,5.466327627337923,0.9370501411735661,7.245210351371311,1
16.103276485748953,17.634313538275194,12.044318206475953,0.8363390520524409,9.59978313511266,1
4.189767772495329,10.314567645101508,1.0811592214273442,0.07326760007981344,0.19222013139736793,0
43.99291525305692,22.28990392514572,12.216855993076978,0.8077289150609173,6.2230431629372385,1
0.2570530349326805,10.035043670132733,1.2846652411157018,0.20445891933736648,0.4224049826980989,0
3.2434152245211676,10.065986065600285,1.2877264700208604,0.2310034169706846,0.7189431525786831,0
0.023830652407682007,9.5949155130831,0.970205967878131,0.22284112369658957,0.13325392188859997,0
36.987352700818676,23.62821472262866,13.396054509905165,0.775802263587273,6.34083142198047,1
4.643956086448828,9.505243504972842,0.5147374597564669,0.2178259510712612,1.4136017768858558,0
4.496110759873637,9.391015690251729,0.7864435176084723,0.15148432883702537,1.7852306681780632,0
3.2657299404723594,9.902200142537529,0.09766586725945725,0.09588534677542683,0.7900672645535054,0
42.33842142934688,17.848241039698458,10.320072754668065,0.8286862336697632,12.02920998061968,1
4.708765689557922,9.062446078071751,1.534576391283966,0.14492807949430497,1.8889250150210815,0
1.580398593397525,10.201037195361428,1.4306940425749484,0.2372752800834387,1.8735362667442048,0
0.6924080438148356,10.41833680683036,1.345940807859787,0.016184243050833668,0.31041355835856677,0
40.92638304521877,22.120198778511078,13.311879560164448,0.7938648737787798,11.816065901683093,1
2.178991874271645,10.065423426735851,0.9193805843225773,0.09846736285650723,1.0383462930021126,0
0.8901476480268183,9.116353360893202,1.2361453594433236,0.2545915193859178,0.041673652524161886,0
2.3707503623316803,9.512835175593057,0.21396361526411223,0.22844079868119502,1.836189586401078,0
1.9952560933557706,9.337498015526357,0.705197357089506,0.21856277959858325,1.2220184969083783,0
16.849343123444157,16.749504917874958,5.473438645494399,0.7312619312613553,6.422975787979842,1
3.6543041152228497,9.33225117151378,1.8064472499418722,0.1473549601288809,1.3577667337786048,0
40.532996945255526,12.106115248943809,12.341621020363812,0.7393351707600644,7.282850621194035,1
3.20276898322024,9.730718044171214,0.009219871946336333,0.1949042513836152,0.8442431141003635,0
47.26888439279151,14.470430037862107,6.878975199444017,0.8696007049129222,5.50600084904678,1
0.2103292360758502,9.208225023364982,0.15806535146582412,0.17666081706216338,0.37324298313365345,0
3.7783062595897188,9.446101938976456,1.8663311499430184,0.28839032081871957,1.7362472224427095,0
2.1667560346531967,10.189823304019784,1.3233687124733298,0.1231587341840148,1.0079638513727254,0
27.4910641324252,23.440472787357404,5.808520330396183,0.7589699130130622,14.786773168195907,1
1.6130603072070882,10.45149629721963,0.19415498094731487,0.270801351082511,0.8904242441317174,0
1.4925169527352444,10.32576944960587,1.802777231071146,0.08750520304398335,0.3115062811838796,0
49.22340211983682,13.449007814585718,9.61948048124762,0.7541909652842598,12.450365341015921,1
1.4810521990001853,9.840978687961467,1.4869997285681928,0.1787744385149719,1.908135689960274,0
0.29121726385735625,9.845083395895246,1.5950419986360187,0.03964685919129681,0.14542242868918343,0
1.0225315669956174,9.211490097548966,1.2233441552608408,0.067107642999619,1.2783106913005797,0
4.829425064716712,9.360937840094078,1.803290846510177,0.17415945133732097,0.2465929327424956,0
38.17875249832276,21.63938203782851,11.009573106720042,0.7335259011158988,12.901579705694477,1
4.219260291009869,10.381032661754544,0.9716467343026014,0.1919064306436287,0.005960261564661895,0
15.388237273357237,16.303199538703332,11.081352329231427,0.7677109211410329,11.878043336329313,1
38.40108331962932,17.538066032412473,14.880544606955093,0.7459696960703833,9.760511939304845,1
1.5239449983678992,9.721876923557359,1.4210212990621827,0.06316909597877182,1.4776870185090527,0
4.644449133277589,10.024853317707251,1.3108550022062082,0.16664804893949764,0.5856119973902056,0
32.147063906157314,19.062765515524223,7.7993777163026685,0.8628234158372481,6.688686921497328,1
4.088496559238029,9.990175644187731,1.2619823084272848,0.1254608353028172,0.7925610364787423,0
19.48757708743359,13.293791306262996,13.169419986700209,0.9390208116673668,9.486931369634679,1
43.721778899910376,19.0624819407794,10.117558875571746,0.7164892184135955,10.7397471046831,1
3.6356485925664694,10.162289855476288,1.2979643964756882,0.05968218451391781,0.7942460512102383,0
1.5795764122781797,9.869309015240589,0.7295676267404958,0.1682093452392798,0.8770024965491541,0
0.322868231512734,9.273620835227948,0.9756832869555556,0.10345691442858981,0.40792463461753337,0
4.98405470162895,10.090654241570483,0.030547676125769474,0.068007068000554,1.9436454005239225,0
35.22689103959496,15.460901521736304,7.735531405685112,0.8171141170431557,9.601272166667943,1
15.764115672334809,24.917191845029844,6.833838334937381,0.9132122085607832,6.550597214124134,1
4.43741258534086,10.48363250978416,0.04054274536551672,0.11797182951755825,1.6352210618344871,0
34.14565151718457,23.980700030173132,14.166233736781127,0.9761523368459748,5.77785200200468,1
4.833287186462648,10.068762631948301,0.8381361996861405,0.28452005260362734,1.9371440300983966,0
3.6360784400932116,10.255928666774642,1.5685267545905612,0.08221434245938061,0.8032371481584741,0
3.738455045643185,10.343868413947964,1.725196740813107,0.04639755005564463,0.9760664929704217,0
4.099502149922291,9.776001747719242,0.4615678450273504,0.19893862147325614,1.5946282881732503,0
2.28458675165869,9.986508374813251,1.9454940608430846,0.2231711288747726,0.13476794825953475,0
35.13636025600722,21.130568991246385,13.540154152059413,0.987565955593788,9.898864402897694,1
2.349363618181704,10.106748540758884,0.09750575457220467,0.13877730620792655,0.3733630896342619,0
4.461885572966499,9.077200057763953,1.0543091791612678,0.03222734638112288,0.40148436633148665,0
38.01710607400308,24.957030287840098,13.68683211985112,0.8251176642257567,8.269767215418836,1
19.669226844737466,16.235632428373883,5.645478050238832,0.8954019822608531,14.708912590581185,1
42.084215463040834,17.124471127933727,8.840123255192921,0.7308660423245515,13.161537238825284,1
2.031271332139138,10.22714234256882,0.3641352245560492,0.01686747474725796,1.89578764536935,0
2.169869615764518,9.338936310956479,0.6992010076120334,0.19568906507898828,1.7847221615593902,0
23.587671959525256,22.021643882634564,13.043696250082402,0.7748063890376036,5.419263543779835,1
1.3377868086340428,9.198740300520216,1.0662429589928295,0.20389273922139758,0.11555838412621866,0
1.26085552832593,9.679848247649891,1.2780348578535257,0.26323948490153337,1.0492422032387496,0
4.485118235163952,10.461382116864396,0.48338839530086064,0.1542116547637629,1.0687123058005168,0
16.07732911137331,19.616469184864698,10.94464048527236,0.9785625290282145,7.864648171450218,1
39.792405370003934,23.751424883603256,6.648506353523274,0.9137084245124878,12.318773549714761,1
4.100208955993446,10.384471699101221,0.8618734635692953,0.2954092168414648,0.43132162680730546,0
49.96228779621665,15.897426438478437,13.204539379236886,0.7159515055655061,10.297659853858404,1
40.630299314903056,22.089225720838215,5.671754312658561,0.7614872986696841,14.743037405035937,1
3.6373574123326318,9.736973576623683,0.1339023566900044,0.2670545347835181,1.7803266122775208,0
1.0572975469344337,9.259705186910749,1.0168331027150337,0.17577127068826318,0.4798358377090497,0
39.94194370889588,16.924529412025603,11.41983887980805,0.8714578597112106,10.245400227039607,1
0.47905789828398493,9.714066274331403,1.1762048886354053,0.12776503933950875,0.6529015408350061,0
4.639104008752163,10.28761538082443,0.5900747959625583,0.27987239491291066,0.14161800010524295,0
23.33305137156004,15.053358114137506,14.961529042006461,0.7013801637177652,11.396382093034958,1
49.372642848861055,17.686956954863216,14.498432648055953,0.8149347593490498,11.017866688516357,1
2.8666424630558174,10.451278781707861,1.9651207238529402,0.13494698271538566,1.6947000562861771,0
48.6938594506193,12.596784697046015,11.596300245015666,0.9325293890912979,7.131084241776289,1
1.1556593031280142,9.604364424542478,0.7463669197273635,0.29620806136060024,1.7071316744227587,0
4.036337283027044,10.201437473401077,1.5934467266187295,0.17011077396567909,0.6517613737326691,0
38.79597377867268,15.84700954381423,7.663123155979746,0.8722469999294655,14.792645980332182,1
37.9290925548769,22.981033853342574,7.533339206409648,0.7840869852941171,13.851655322559361,1
2.590229422056958,9.14393779479476,1.9873960602543166,0.225796200363384,0.8753880764494235,0
24.00426751423663,19.3844236540714,11.328622768136292,0.9999323432816587,10.127624968989256,1
33.59787523374686,21.065985813139406,8.400092669079054,0.7194637654281815,10.054416567178048,1
34.103574754330936,15.850517192799447,9.890929028935034,0.7656594649286246,6.851271505732179,1
1.4692145937983265,9.414275721609755,1.7386986876261636,0.04351519224042788,0.9909202663447205,0
39.129395834173735,15.461297909346754,5.205812262835874,0.7642008543460045,6.849250767091689,1
3.1596214071406203,9.165641454694999,0.924319427249263,0.2745986833996951,0.41016966394395027,0
1.153098846268027,10.336765618742572,0.40944081283473754,0.26377220025495307,0.8941979909755908,0
17.521292375648205,16.543278703912183,11.797912012713397,0.9108239723467229,14.65000209476719,1
2.057483592347636,9.072902011191744,1.253439845899024,0.2799090462800915,1.9151172570114605,0
4.753748030211293,9.549808581613433,1.9601982062159555,0.1626900222072253,0.48493848660611505,0
2.8188721143340656,10.295724441702658,1.6497738513637545,0.17682624186213003,1.5672751067341073,0
3.350533978611333,10.139679181800608,0.2380107814365251,0.14193025844702722,0.5724462020514278,0
4.08551961858915,10.0458164005585,1.8523485152132468,0.2135806259081686,0.8206211899257232,0
1.157265856598202,9.566086665635536,1.584168593147905,0.15842142352104144,0.8042347712959146,0
2.1782889870325257,10.379537600713023,1.414034867588982,0.036438678629415966,1.1583932268153985,0
1.158404827116823,9.021663156352718,1.3067965351799784,0.14793265447447337,1.564196294175203,0
3.7485708664339916,9.349356835823274,1.0307489399190959,0.2186367570312463,1.2879355322846961,0
45.55050173430227,12.551716435292636,14.779000472861888,0.9979921582923394,10.978213785879017,1
41.30480954652066,21.892038230556064,12.226454395808684,0.851790494043628,8.955387477377375,1
40.14659751715738,16.835082921927103,6.993647317471632,0.8634560673508115,14.737593072430137,1
17.152805940889863,24.63778045102869,5.966519395819043,0.8535214362108754,10.602095440377962,1
4.29438788129366,9.451539130562548,1.8819978556501942,0.08431954468402054,1.8536970863253524,0
4.814327848907237,9.662274487031622,0.5355919463295187,0.017998201888578622,1.4662430501605388,0
4.9679868285585504,9.73284457674807,1.1008188863569717,0.20832748485709454,1.9365871165459028,0
0.7514750668463854,9.293776165354895,0.6367504462246334,0.15266873011988183,0.24483999879271234,0
1.2870244423968287,10.332170482770566,0.6535113506640304,0.1699940155062501,0.7951320175783541,0
0.9826836870187455,10.233171359539794,0.1610507055476471,0.25969812942546006,1.1610532310491966,0
42.40138690353171,21.866436465750773,12.982852766484907,0.9861312220228012,12.955574983947841,1
48.252366809195266,20.719249580895678,9.103474265166671,0.8435079886829489,11.569656969893156,1
20.07475352369137,14.398375354097453,5.631780499538194,0.9665352594797159,14.310078096491232,1
47.836962039896356,21.04468616386074,8.245601944750087,0.7657105099552011,5.801433553335443,1
19.945946057295608,16.016693990228625,5.435575803547515,0.7927880134052331,5.599304331188918,1
46.99917021616132,12.38176189308462,13.016367795731624,0.8171548781674797,12.449242672829998,1
45.07751174807582,17.031720363827127,13.756180199406923,0.8020426062243271,6.970158796150193,1
17.16503636037911,12.662136538124539,11.936085944838359,0.867015905462807,9.177675448432034,1
27.160342713696334,17.92628883082515,10.57745140442896,0.905867500955798,7.387136918487337,1
41.70562956679237,22.99047090890462,13.20929191820134,0.8951069205957584,12.173445183964587,1
0.7876366277675817,9.799831503462197,0.3295517736542364,0.12884750360935313,0.8174250454790377,0
27.650545401375076,18.361304042371565,14.59046671734246,0.9878388384967788,12.695885209168566,1
3.126961998567574,9.462038027702906,0.772405849091762,0.09173604419688304,1.1895403345543143,0
19.34289049654766,22.512198154160625,6.486834149487809,0.8149986326178952,5.689121799278814,1
28.660962439301986,18.70779312072172,10.067628572841098,0.9263571029689867,6.891718636017093,1
3.81017574455012,9.452462769675055,0.13540786035625008,0.011285843265466278,1.5361205693851674,0
3.7342348744698857,10.325603934204082,1.5336073304139148,0.010258945671249896,1.6547378227323764,0
36.80526549685864,13.787494204046514,8.19042242910157,0.8122190552155216,8.144977693797887,1
2.3044498481385833,9.069650483086573,0.5885008161769223,0.1760639375390277,0.6192457858523126,0
3.4398978882277875,9.523561493535777,0.8101682648083262,0.2127364823516583,1.943597403766411,0
4.142865727196495,9.482990844490148,0.59743037424923,0.09152849434605378,1.6227874246888219,0
2.9515826824949105,9.441634650445621,0.13745255975325743,0.11976015523548139,0.3735708445130712,0
0.7941957385312343,10.421343959940089,1.6485094439300156,0.29166439528388094,0.35915752122106603,0
3.3664903050984134,10.21532375430355,1.6140272713317676,0.11095840747222029,1.1345393477550887,0
1.4959775306586272,9.202493353995953,0.8451253300386963,0.02729095452805682,0.5264873125464933,0
3.4936403427967493,9.101827067798547,0.7712719208412511,0.08871323106715469,0.03398849917426161,0
1.7042092753903404,10.088811515242927,1.366998308932756,0.18572833265808059,1.2359110420865012,0
1.3752013215625847,9.02921515556882,0.7162703597889519,0.07773300532375006,1.3763735643369233,0
19.376106546301788,19.80035623482869,8.759866690704053,0.9446499181310558,9.307854685287673,1
1.034441527286842,10.483778292791385,1.800210183680788,0.0859658485803183,1.78587683524112,0
35.23723328543064,24.844724342113416,11.910901864951652,0.9794558882790754,6.179331948951745,1
1.001343030892115,9.48612218875351,1.957631267992683,0.025650587347852992,1.444972940907585,0
3.7261394041553637,10.45699455031848,1.756517382878293,0.035510171872674474,0.6770273775413145,0
21.721234591220373,12.418170020590896,8.298196386789112,0.7072335024786996,9.98886635243127,1
40.652000470932684,12.272739932841134,8.957577037223166,0.9670421923604864,10.203186082438382,1
3.493884736808991,10.072322915233908,1.523925201591373,0.2491446975258583,0.46450129280473895,0
25.230316805163554,12.593784601362591,12.813865697237006,0.7117851046680371,8.083011038682084,1
31.8492524648804,15.317280766885904,8.263094818233629,0.7214956293950758,7.925835473386801,1
1.7402053522439669,9.058718270413525,0.07313155581821684,0.2277640245632154,1.104739643218254,0
0.7801822460255403,9.011587711880054,0.6879519952211421,0.2254465672112868,1.920863158631163,0
25.784424266134835,18.59134823678032,10.020716073198237,0.8830826646668013,6.860975677829041,1
42.47353081391031,20.44486252265172,9.377239587873579,0.9850311266654616,12.110196963712664,1
45.635680486488056,18.34349358553999,7.249814155738122,0.7123626087224638,11.75738664653542,1
44.362019185985446,18.78971124394316,10.525359383894278,0.9642026208140196,14.205172678472096,1
4.101371469548733,9.462354076394913,1.9764954647918185,0.18154343563358807,1.6888222978853267,0
4.450344791572519,9.697946824924877,0.269121701345727,0.004009686099536236,0.8769341611296375,0
24.22051926206393,19.973812206903958,8.44568229458775,0.7927162726001049,7.073779804363417,1
4.297726943921393,9.711444753735172,0.11944657794388847,0.03323517347865857,1.6269091431569023,0
28.225309704660273,15.007157411763036,11.357563343675192,0.9056584045032509,9.675709622524174,1
49.08665349444639,19.414612648966006,14.068779753971354,0.957727940262096,8.331254605226116,1
1.609398254430603,9.11597818928671,0.9121354607945977,0.24551536690783543,0.03406292217600715,0
3.4389663070727923,9.478597732829483,0.44844427977883594,0.24037240990760167,0.17844242237637076,0
0.9599213378032423,9.566983875853852,0.7850040245404359,0.2622303189049698,1.2368869438673538,0
26.391481188711367,17.680750089895337,7.07908184179773,0.9012504701488812,8.962227401325755,1
48.50636969845215,14.303150476442045,6.451088171252982,0.8263255403015859,5.4971829248796915,1
0.8124307944437864,10.434716731958423,1.4105632079420527,0.06996980523568384,0.4149211708723892,0
27.47684055311929,24.973437301529717,10.319689607791833,0.8125724220670745,8.858608133416018,1
3.048213962920869,10.499733248042185,1.6041714887439502,0.12865095993997172,1.3532228963261672,0
2.5434166384386465,9.087499908427203,0.30748805716791194,0.2842971800907286,1.085710702062678,0
1.9021618624436765,9.429996237849476,1.611774455590162,0.00957610253236305,1.1879165418606843,0
3.6610227230967487,9.131948671519586,1.4535611047105352,0.04100649591716488,0.6790118145436876,0
0.03819497312886555,9.117486834162024,1.4426568461794027,0.11998540046264958,1.5695516625404702,0
3.151051311996424,9.118060502052774,0.35073560508075463,0.07764909302078414,1.4974877033289664,0
17.30398162925334,20.384616305788988,14.841210770252678,0.9636424296983601,10.909169240254286,1
0.5517111389438861,9.152577666059443,1.5023330215912478,0.0936485081980696,1.4345632344514339,0
4.455145093056261,10.166559915229193,1.3057150311995775,0.03869005315549021,0.7564102673830082,0
33.05203006858032,24.06883396837366,7.63784102448274,0.7720934053357699,11.138064011754338,1
27.100049306667607,16.82873208002083,11.856068624141525,0.7961305649893936,10.5910792058785,1
2.760769097735183,9.002557547253398,1.2727316203332841,0.2246643838997803,0.49796653246302847,0
35.90907334387624,15.42474392708765,7.580192627247665,0.8051908244435223,14.158745673209491,1
4.7489355065400325,9.913035193800532,0.6066462404753199,0.1915709334202362,1.2496845951955748,0
32.63040345594225,15.538676040242377,5.7231701485935185,0.8448580108998538,13.672263587993717,1
4.946333726092088,9.524609386265976,1.9311184366373164,0.028861722498778362,1.4649002317346125,0
19.40642602425072,12.623659219003697,14.665576934276498,0.9190283606392398,12.190577210136606,1
35.77651465331962,23.860590130858796,9.521607522091571,0.7675797336085165,6.617885850236302,1
4.980235610632328,9.641757064043098,1.7769870777287093,0.09839950451131191,1.0506582645364126,0
23.500262768594318,14.161372567918153,10.927707197430223,0.9283929746357138,8.321549164526644,1
2.465243231435284,10.201447147151727,0.7079877009525326,0.16944473459759132,1.6096249219564758,0
3.8941172466790572,9.03010064311045,1.0869498407687266,0.02605092613200345,1.7902760519230323,0
3.883842042548223,9.284005417768466,1.451391972931814,0.13238282096156592,1.6725100187428052,0
2.343450336145705,9.953118874703026,1.8658952151125543,0.1787653014768093,1.7142318846347344,0
31.0672109064396,24.538679834582695,13.30785294171973,0.750037515414977,12.984893626082009,1
28.223318515135176,24.922937794641225,5.485118700262872,0.909000073570278,13.41188705071247,1
45.07244270251086,13.543822595463748,7.832534717719461,0.9200981917039195,13.077302795825284,1
2.1615038499209804,9.998083855752027,1.0626208737785905,0.016401921593266366,1.905493201985077,0
4.2224337216130605,9.967898938599776,1.7383284976616704,0.2798907223470248,1.6113957108761376,0
18.735783870510915,19.285349630202944,5.736610720170594,0.8634565771357905,10.526956887627854,1
0.09677587915426111,9.533860023128454,0.2001566274229607,0.09007773303965329,0.1371296138521949,0
20.91434792277624,23.15105674759848,14.30965115016544,0.9324971948484724,14.40752452645006,1
1.5295955487012551,9.472350949297397,1.7399018878328383,0.16776086539507043,1.7746042115110199,0
25.042357981484155,12.35741331115841,6.998472590855633,0.819933264302166,6.675629110598686,1
43.58370489402617,21.539383839839893,6.933072787839436,0.7830242693120577,14.442618634671277,1
3.2282339612936632,9.68317446696021,0.9366003979102941,0.12322334035061755,0.4659841050918794,0
29.370400857004324,15.714354894044664,8.368694168458648,0.8046167046400856,6.989284136652799,1
2.890459193843423,10.442768106790252,0.7705698520679654,0.27036493927823707,1.641285094596579,0
2.5217116495413503,10.003887814484349,1.7964420609209626,0.19573397511304033,0.9673249805455402,0
1.6503540022457726,9.644777967434777,1.220366021673634,0.27265541336469645,0.9151342471446029,0
42.70883068999963,19.05205578421951,9.028749852628208,0.9553398513408997,6.925164166867567,1
31.81195516777794,13.926848427445716,9.33218635177845,0.9249752266215159,9.588129282414341,1
2.4325020705135674,10.25224064701281,1.0779010216826377,0.00136131402329569,1.7993980140616563,0
17.175317449639863,17.230047175264104,9.140006828847248,0.8001458705657803,10.577397403311117,1
25.51577765177432,17.325166161118492,10.641125154652398,0.8120158313642025,12.75037426543194,1
25.67750731177722,21.45795053437534,10.51188359541148,0.8432084580882085,11.676693147712001,1
1.668392605061411,9.142223469495963,1.1188798230057952,0.03383776992803411,0.3122401763533902,0
22.512664206956934,13.224501942080783,10.319710170643921,0.9240479518447282,9.122725224743798,1
27.840980307312112,19.90903851153043,13.699867076445866,0.944864246359304,7.638598855569633,1
37.61655144052085,13.508240646628813,5.9263636868780605,0.8980038982625381,10.462980698788808,1
34.95628956955299,19.73494074749464,6.015008299777787,0.7006737125432966,5.481863744748873,1
17.09692615583083,20.71532709581454,7.409855895462946,0.7945753729079215,6.958732079599845,1
39.49606524930205,15.592588595702168,14.390580182371483,0.7108123225795602,14.790540072667927,1
37.16388025421462,20.275722359037907,12.918518627551306,0.7861311900064332,12.703361216968224,1
46.12428041887316,13.245320490929124,12.979312907800836,0.9241103921368023,10.988780384883663,1
35.17872502688556,14.24550353232068,5.6600633581166795,0.939743316691499,6.574513336462652,1
22.711325207689388,19.036275515887073,13.685388285702976,0.9320835901594511,12.95510459945439,1
4.2223663375692375,10.093981121748936,1.6634422509863716,0.06345197639320872,1.2804384087340104,0
2.9484234403424194,9.520568743871827,0.39238549805313494,0.20831857900268957,0.5370522713721557,0
28.297963294631003,12.582925678918865,12.138474496287268,0.9789059357392452,12.171713920582679,1
40.32937391140318,23.97125739008101,8.258345625897654,0.7315084194340397,9.303494979304274,1
2.3318205941630565,9.795953373558685,1.5078730885327334,0.23382918234100294,1.2853016661611363,0
20.166481467935782,16.431431943994095,5.2023146170511225,0.9165265009677973,13.806830470511752,1
18.631256192218686,15.529296508648462,5.05688223529377,0.7412229610701975,9.392294771691883,1
4.579330232056357,10.407954474602258,0.2143049250783311,0.04151726346220159,0.7161098244647961,0
43.106614429595574,24.290857151531256,14.975477616173603,0.9928810189723365,9.101379857214415,1
4.904422303975008,9.976751517123798,1.4321830094814354,0.05856265992065085,1.5377239107180725,0
24.655795790095368,18.60435510219967,10.640237936021819,0.9829324203160397,7.665975768304173,1
26.239862093106375,24.92658195273297,8.482253684615362,0.9282327740015649,6.323170158571005,1
0.9474748441992636,10.299512153775586,1.4502788051916664,0.06396128482828471,1.230186731748803,0
46.84339747244813,17.82270418043541,13.385661414378813,0.9938393349116537,11.777791788202396,1
2.950542760467809,9.070359615571725,0.8041854988219936,0.07729857595100559,0.061301181414464834,0
46.624025738732485,23.842919412086644,5.92102377141845,0.8093666466463175,12.931752066842167,1
18.510393842476123,15.873225963477509,12.980155187044524,0.809337954381893,6.598973602939381,1
3.6758056117337774,9.82681606370491,1.825257996136573,0.1761381523201631,0.8014683575887362,0
3.3694469947319043,10.068581453343972,1.2576795771173657,0.10257906527952666,1.0592097081319223,0
3.4746068231993066,10.214194900358992,1.4042051595717535,0.06310011068677952,0.5511791361456873,0
27.974576321514476,23.385215152476157,13.430143548449626,0.7525499571699213,14.042663084858685,1
16.401444825017734,12.225732986504294,11.467425860845477,0.8621659354845477,10.427446433562887,1
23.079874352739814,15.340611010348878,8.61620314013437,0.9578397333911697,14.387882642130759,1
3.402748251850536,9.753135505224051,1.165494948188085,0.2525572089792964,1.9020747841460475,0
16.194546642491225,13.91729890046121,6.875731578187567,0.930285736847979,7.227658764169499,1
1.7666571824294346,9.10677663638276,1.3844522568258124,0.10179862505057373,0.49819330376110327,0
4.3220281217093195,10.43472164584684,0.25128195421919286,0.0289761690806837,1.6068156531792714,0
43.46246499889828,19.855835137948446,14.658303979980174,0.9938450104869844,8.54586692440403,1
32.085082333454295,14.809999758882936,9.837036083151729,0.9869819516390717,13.397840356173905,1
37.04453638361032,12.319560979394332,11.285827965441737,0.9854824854200686,7.351430427062197,1
38.911924773974896,14.747766369596471,5.397291533646909,0.7441600684480467,14.655469178939454,1
4.295844765565768,9.573799604159342,1.420553902697825,0.20232901057036393,0.5150280036012074,0
30.269424801490622,20.19820361300412,6.715211880531785,0.929365439281147,8.644047061362373,1
3.1182013488549396,10.090578839329146,1.5835215046007682,0.132301429946832,1.0403323680485848,0
3.3267481613178322,10.40145790295471,0.04125326402752871,0.0033350347003120893,1.540558504353427,0
41.89404279183067,17.670339602434318,6.77052803650019,0.927654377056164,14.151703597940234,1
44.19155456775188,18.2356733771811,10.863625045259788,0.9621261375981341,8.088189135888452,1
46.131114476608886,21.77318490768972,5.0456886259077605,0.8223252623822022,9.107141717018079,1
22.813047560287828,12.863795905604166,7.709216113100529,0.8193195871911061,9.410056009311637,1
37.468572419007096,22.329606833268137,11.074962977318803,0.7569517331424629,8.826635185023747,1
2.5202259156173064,9.089493334995908,0.7849796024684603,0.2690334350607703,0.4829660724149467,0
2.8015171104060625,10.488634899760633,1.5124678843720343,0.010767229277313094,1.4254246564130253,0
3.086469132290435,10.35003539648659,1.5793890254739755,0.05816291981784579,1.4667679187300116,0
2.6802122498291285,9.176824176622729,1.3035226781362022,0.019700269929862256,0.20073360938033447,0
2.589608668207209,10.318353680468805,1.7896740934125028,0.1360611320297155,0.9114640825601767,0
19.0289188041212,17.605386781357474,7.121289271816646,0.78806358786849,9.715674633647263,1
36.9528254017794,20.31703237318154,10.852542262381828,0.7533208463864611,5.335931890795075,1
4.546321162116608,9.382113107239503,1.2333400668944021,0.15096953215616365,1.837381853366386,0
0.7720505392113258,9.085402435405971,0.9646322087726436,0.05673880104771199,1.8747985511557224,0
40.589884552670185,16.088785387931175,7.990119932921097,0.7927311474675892,5.979083202994983,1
2.490051969172167,9.277727531015,0.9331234102865238,0.25090295873575125,1.745235940393226,0
4.462426012788093,9.21808039332133,1.1268640100190914,0.29127621209843774,0.6900659329301253,0
3.5833593414146883,9.150684034670263,1.2491150050241824,0.03390378760409352,0.5100713392729201,0
1.5544235025741882,9.937455057536015,1.769835525208785,0.05845065677768323,1.4624111650909901,0
29.76428563289028,13.261901266014176,6.2056901695511515,0.8751681141179783,14.790694033834729,1
1.9321292992324186,10.153875270234042,0.31781086975099293,0.21035566963257046,1.501314724943421,0
27.866558825796645,23.230518424826442,5.292813847681463,0.8319292585085327,10.109918499799178,1
4.212137210222777,10.263541911849527,0.9424495024165174,0.2891886629616692,1.3587786372534063,0
3.6891366367189358,9.512374578434377,1.9989010459839271,0.2545995935361538,0.5200467462899379,0
48.495575159719166,22.361277519766116,9.421063277929974,0.8625613095872751,11.074390772822955,1
1.3597855745516423,9.890191833677754,0.5664981245547489,0.03270694821584794,1.3683954869493613,0
30.085542115341287,19.37006414997232,13.29503274040285,0.7978377494355021,14.564600570759188,1
4.996382629731185,10.276563672878853,1.5036241526553324,0.19864960640841228,0.8435629693708588,0
4.190147061801628,9.816083702797052,1.476379153076982,0.23719771530202896,1.0261904913373694,0
34.56737046632331,15.445565873247453,8.844330974291502,0.7052244711823678,8.827905879178832,1
4.346937929940312,9.037852328380204,0.9165608058846566,0.0202298178332708,1.9376462769143379,0
2.0234636072393855,10.397968829336072,0.08235459792603161,0.20507640338457966,1.702053192603483,0
30.46028719259253,21.584492973290104,8.953924778371274,0.7095989566278089,10.073944190551197,1
44.32638361445497,13.480310033869742,10.132883603864952,0.8563288206978261,14.716504979316055,1
37.32169520165332,14.127092407125168,7.838647673148528,0.9345272170525373,9.60411740025555,1
36.34569945578371,12.530925758349849,12.628288663942945,0.8925662731445437,14.638888681104884,1
3.744133200643655,9.50010379830212,1.4003119792914493,0.28973512513096816,0.14809593122782783,0
1.0032500773883812,9.237733984773417,0.15400986640438918,0.2735927231045276,0.46613966738970225,0
36.73830244554324,22.50638891292453,9.073232465539038,0.8602734167961679,14.654620750442053,1
39.02443203094078,16.583307849152305,14.805271682972927,0.789675747785223,5.071929560078599,1
3.8946132790569616,10.005739342918558,1.7524556025604787,0.2532979392981364,0.4103903690084667,0
38.690993086480205,18.99711282721274,11.298011077219316,0.8790111919563883,11.658227640555925,1
18.642774480616538,12.518507359322316,8.306467417339086,0.946421743425157,9.657855731799726,1
0.8125257802959118,9.377198955736613,0.4294670047684568,0.2194980057768066,0.9406792292519641,0
24.545186345038474,23.70226227169158,5.88785275694134,0.7433218903910573,11.358847682462077,1
2.5396663358603133,10.401931260530862,1.663172971345656,0.29753357152981175,1.2461874706555611,0
1.6054387965376726,9.527192688649,1.3488669448309416,0.01958618736417309,1.1698699750892512,0
2.957399430372041,9.558726048756164,0.7733850760111114,0.2653713619241302,1.7076447490924531,0
17.781080861033196,20.150849194682632,10.450483963511392,0.9015393689728186,9.593965791373371,1
2.7155694335766016,9.452746946811725,1.3216158858550568,0.09576118074765923,0.8623269862696035,0
31.1561125869962,21.050839167825394,8.52403298200947,0.9462704014954656,8.428640579458623,1
42.03932469931709,21.111786893682904,6.394646545990349,0.8973211236962417,12.662983780122604,1
1.146678175507076,9.091474975760912,0.3807662314496143,0.13387332305961042,1.0074829105347132,0
0.00723610260499663,9.529697112766579,1.715711971629349,0.008195853492522985,0.006495856523017762,0
48.361119791790856,16.6709156164468,13.278404959944034,0.9215012607423294,13.90188927441895,1
23.530783170973343,22.597884104757537,6.062948604996414,0.8462063112635907,11.343972594970845,1
0.059899148330356256,10.210466104494646,0.2704839966073045,0.08707471318878839,1.9381564005215093,0
34.93324013215617,24.780643329760984,7.174931828201144,0.9957711481370393,12.143425330544812,1
2.636397558809864,9.536580029507206,0.00454723921025213,0.08337819361287425,1.0291070935322293,0
18.684557177221848,19.31084617082559,5.060706228138123,0.9138048448132188,6.97192692372041,1
0.7840866721055584,9.065627550010133,1.7134503887089056,0.06592758721822273,1.6438048781225743,0
48.89452019434663,19.697892799855232,12.198996363846994,0.8954149513468044,6.443645588696744,1
46.78813736587424,19.847164550543383,7.417076272440189,0.825894403216722,8.569001340797053,1
0.1721798482326109,10.197351470810721,1.4518448739920107,0.02454567136942142,0.2548310376031069,0
33.08362086802357,21.29254083298209,11.820089984982271,0.8118440266425974,13.775816279385952,1
36.79800484670584,13.500385108187134,6.272431727430331,0.7215663674215368,11.935860822641668,1
4.050945476358057,9.560692335061368,1.402491818969376,0.059264064122117106,0.08372640586429814,0
30.968963539969064,13.461858752035932,14.92654747252716,0.7068462190044541,10.498835594877521,1
1.1416233146023802,9.95851889132015,0.2028168028607351,0.21018667941583413,0.02392452591748695,0
24.32784430353994,16.984539733080794,7.682426931640579,0.9461679192964607,12.249822592095967,1
30.580224848924175,15.53475257721942,13.608639621688686,0.8945771138988845,12.980168352505762,1
4.8545603518138245,9.535853124925174,1.9170165387204103,0.011460238496753915,1.8537444056293166,0
28.081230461125255,17.721084778986548,14.213759895281452,0.966459571273919,13.23220977952436,1
2.4547117205147906,9.571081321853212,1.3350559385263,0.2924423301750232,1.2128529816098814,0
2.198617014587121,10.122153847975422,1.6798745610393548,0.27854283948045,1.1649106649787886,0
38.78089504174717,14.965998467368028,7.59372533524196,0.812836729276682,8.040635375065026,1
15.357446236449514,23.163188702446984,10.601493199490124,0.8149450009033803,9.097788715769752,1
17.284160797193067,19.31906193174906,10.024417925747217,0.8473703706495654,10.745043275013977,1
2.403519923349815,9.388459777486348,0.9425099392942109,0.17935658282004444,1.4252759028631612,0
28.77636196806177,23.019031207975345,14.202582501117742,0.8610598801253087,7.149524501569208,1
35.018491645394164,13.449805040877326,9.32155455108635,0.7841402412808679,5.860261538868702,1
37.3049976385054,24.373901110566578,5.923708392758966,0.718226118876406,11.04191950743664,1
42.60424977239404,23.766158436758055,10.82980202296515,0.8229788681375821,12.296413655419434,1
16.526118425517442,23.76360510647291,10.155639447214952,0.9012792378862327,5.67172836895009,1
0.6913149202789276,10.362756269655705,1.1866778810096084,0.13730526762713305,1.8743898542373072,0
17.654882502822225,14.625447167013968,11.577106691553425,0.8330504147650124,7.9069981364692055,1
15.792358820006157,12.375026992240393,8.305608190853764,0.9344974658185186,7.8826134307358275,1
39.44004243207071,20.198284756470166,14.416427377373944,0.9386826774458419,10.570768419744303,1
19.106994724129123,24.383213527604706,9.513239550438684,0.7769314317995374,10.212709501791952,1
33.44217785565513,12.229995000574927,5.720990691501799,0.7468314992912201,5.547599311896281,1
20.28915365629456,24.22630342308882,5.004490281318508,0.926708829989964,7.794732039569109,1
1.3886857427712855,10.429237972419715,0.17281831952027793,0.28166729983959216,0.6224760937294693,0
2.151973959387925,9.420233678865408,1.6827390704981304,0.05992541925988504,1.4424825499857183,0
34.6821761127362,15.622454426796638,8.886130608930408,0.9719338955421475,13.558396254949196,1
24.99794720361901,16.46311833345436,13.531766083396029,0.9513962429822607,5.115572199834012,1
1.8448510476776865,10.478489771337358,0.7363114807255757,0.10545498747321783,1.2749272577552462,0
1.096335201569259,9.512659300571748,0.41286798945972847,0.27901459909245857,0.01871193581485353,0
45.092287923967376,18.319238941535303,11.198622628301031,0.8611950085699143,10.624706135286772,1
24.605019297052834,24.85379442353839,14.220096204897768,0.9197547909798142,9.968426413714917,1
46.62278368749705,20.02663576627221,13.554328533030777,0.7498572758846535,14.008735925371768,1
48.11999437296087,20.924593405653134,12.320912402227293,0.9686367334704853,14.363780288581262,1
4.577393014348574,9.014542752501562,1.2618258529316464,0.1424706875492888,0.6939786372972212,0
4.587816076453853,9.594546304118593,0.22690737254141968,0.0644374794668013,0.3475992456668411,0
1.8851112528327585,9.461213902808375,1.6616702909361922,0.28044977228157264,1.7474253698117774,0
4.36813860700146,10.160194895277115,0.1623814315980432,0.25862168062503454,0.5476561948398531,0
31.768217236723018,24.301859965699737,10.60907528070371,0.9002686305358515,6.128838184918476,1
23.557384992067245,24.18068916623624,5.459723872004795,0.9675127980354816,8.81897487642531,1
36.59560224267985,19.807968699836735,13.598747500702684,0.7009950113214705,6.899316671975722,1
4.774300379677344,9.030879950005863,0.7051165109420172,0.2004431773747388,1.0554588664853342,0
44.541643787875245,24.335175452311425,10.38545442140131,0.9789982547258966,12.251591512998296,1
0.4061431411065425,9.676557794221972,1.3524699123814095,0.08002713847214447,0.14769283535052558,0
0.5709188399397963,10.07846812076535,1.6481752243414876,0.21864185970581632,0.4582293355133531,0
0.17107293103838517,10.337734181426674,1.505525682271904,0.18997872333554824,1.8553523183722747,0
3.1155742008138727,10.323829295227652,1.9793794323829401,0.24242687592131942,0.9373610374256496,0
42.88936726396406,14.486300848789465,12.253651528437022,0.8473685506343522,14.996599211282728,1
2.6304541889188062,10.013782106440717,1.4537641126371947,0.10702088066763235,1.1426405031120697,0
2.462258524310324,9.40491153926307,0.9820944248561734,0.28489086108658973,0.5780681284469944,0
15.847781844634795,16.509204318414696,13.06744743472252,0.9392280791149548,9.94685148816582,1
3.6176846764798256,9.423949411728197,0.045033552140647526,0.04852448704327572,0.698946602278345,0
26.761786618770742,20.773304876747574,11.383535841526275,0.8142507640548426,5.072729814785916,1
28.00969639545064,18.318958624756732,11.675741233501018,0.788471534804333,14.338186290544822,1
1.6077485400635605,9.734509598274842,1.8914227299673172,0.28366306865279084,0.6150055489268602,0
25.231963886231494,16.249032040546076,8.96719116550785,0.7565778995485012,11.91044544936248,1
2.487164338165381,10.193445171445962,0.522080666613993,0.03667591088706866,0.8503274893106325,0
4.022539388416134,9.93179036641783,0.5608550701165564,0.2204565617425133,0.0787238834842574,0
39.74286405226562,24.63587128154944,6.680177382970261,0.8231325671017349,5.950937998027293,1
40.71823908527625,12.83210208288105,8.987051265728986,0.7258518998940944,8.610370068090408,1
48.692458203140845,16.20696858076893,11.879920186356802,0.7774241384073762,14.27952254965632,1
48.15331163327165,21.71933190257551,10.458057641871719,0.7755090397468485,8.797052226438886,1
1.3121499252865902,9.870037203475455,1.4129712700144503,0.009951827110556687,1.1348031638474088,0
39.19083554232638,23.732717261467524,14.645916097676018,0.950806875022233,7.11471776366225,1
3.2416816007626186,9.705179649099703,1.926917324075895,0.10571482773193959,1.4805686805256704,0
4.261413496313732,9.307882497674633,1.323608701364834,0.29038600282023963,1.4105827849995887,0
15.21002735858937,14.803427921292425,12.000641724932006,0.9312889073456131,7.802028671389199,1
22.968390519230056,12.117319211973381,14.784193991066461,0.9484054556622794,8.94169950528223,1
1.2872099756121607,10.225203034484341,0.41816840588980164,0.10024731775413936,1.3287173833092887,0
34.68392991371793,23.04189158004995,5.195425839700584,0.7370328860165622,7.456398096610891,1
3.078669167410726,10.30593534511697,0.9158035709562757,0.21728835215739867,1.6407867059979764,0
39.326208604156534,15.198763705476622,8.609536333111718,0.9222356688666096,12.90910073570479,1
1.2986766523337394,9.155269903525024,1.026788143170095,0.020911404812020373,0.4468092492724529,0
1.5268442211268374,9.09696962943746,0.1821346537115418,0.04296214665598117,1.4248594653698943,0
0.3042957590239037,9.634725473197365,0.08369588976586861,0.22382438004939786,0.4460003620769557,0
4.792967568576476,10.349704076867466,0.8813655343732041,0.28264921839495144,0.8645317495958362,0
47.73013471876295,17.489370392832,13.085316757722865,0.8140278837237456,13.383456742961048,1
21.070935503574812,15.916416412683606,12.362413869255281,0.7491471958812047,8.44240138718951,1
3.3946438483018793,10.334082138634848,1.3491353022539734,0.24834427330323755,1.0871211793889395,0
0.8769325204367268,9.97415763386777,1.5156651039093876,0.07420296196766508,1.425774298105492,0
3.3324837045215077,9.577487921603787,1.6050845143146832,0.2215569739714181,1.4698297643191336,0
3.9876207446765144,10.200468361132506,0.7642855920713891,0.050858535422811865,1.680822563014957,0
29.50582650439693,19.67638749351246,5.556663928043283,0.995730281747444,13.000184814484172,1
38.10568458810672,19.484701696177204,11.979091020750138,0.713418136979617,8.90514972778638,1
24.235270661397198,19.301748464906275,9.208985224757193,0.8954997987062671,9.837932330545136,1
4.980990247928473,9.383773273179944,1.409914245149983,0.2273984993327012,1.1689969593593246,0
27.786676474161986,16.954298044704185,11.534725229595612,0.8257599129669848,14.512237456396052,1
42.92965984321614,20.94800048606156,14.711488787683141,0.75117488658964,12.727487884998386,1
27.571975347512282,14.855877487128545,14.150784018170167,0.8280114702415383,11.537061048017106,1
19.854181479605664,16.385426630261275,13.022643580107093,0.7603333203565206,10.314157844324097,1
2.0826282441977977,10.39145657707978,1.1329034994020744,0.27057943772787946,1.8040385989790866,0
3.3458554705750814,9.4291500561306,1.362074910611136,0.19987448112098744,1.212387249468658,0
16.938598710231847,16.53591053729364,11.208040852687937,0.8206933589556993,5.255542846493794,1
35.66348806377184,21.184291845850947,13.54099827107883,0.9838471365366828,14.158530999417525,1
1.51869911314924,9.89874731005075,0.9430509709041597,0.10106836955371737,0.7486283165673568,0
47.47936669017549,15.328109435952907,8.673104481254633,0.9951632858251277,10.660634637293963,1
4.965881090627439,10.13465905595036,1.3648991727015827,0.12159741230299119,1.1104061778285792,0
21.475451225354664,12.264667495103787,10.554104961192941,0.9787351656611352,12.13076895378948,1
40.94034356499806,14.318875025169175,9.218288025747938,0.826827376250231,12.599642583052486,1
36.26894841579444,18.032962257553635,11.427404266726114,0.8695629904855577,8.103958602845186,1
2.6275257157539706,10.286338059544054,0.6370371531705683,0.12753506967353914,1.6087170226726648,0
0.9966622985710683,9.900216057648771,1.1430975496985065,0.059322540240345466,0.8797736777290797,0
0.46192453498122066,10.039253601213886,0.42795267127812964,0.28042270889309473,1.032889093182608,0
44.38134838044586,13.603619828847343,9.376091022213009,0.8334766808046408,11.325359186542942,1
2.1419767446282933,9.111006863549253,1.0587319749955222,0.19420405753671102,0.5511649283155171,0
0.7228844489818753,9.486619151946245,0.32707138986624695,0.017886730943430882,0.5677164982883507,0
35.219692535540844,16.01771704714403,12.44804752971554,0.7143374451610364,5.458938678750492,1
16.84413027166862,23.969151932264424,12.673756972516093,0.7420429215622678,7.1878437102736035,1
0.9271562070236578,10.437226121639823,1.1793286127691387,0.11703494318828044,1.6028833893390129,0
25.0106195990607,16.557424945291572,5.2059762475534725,0.7123182234016713,11.806865339089029,1
22.64841002641671,23.61097364508369,6.217345689692505,0.8888877154792505,7.135113681210251,1
41.02488412267451,23.19515491516739,5.290590419059624,0.7551276043423475,11.405717706700608,1
3.185172045363548,9.750337171403318,1.0389452337186513,0.19069203294238787,1.380518723493282,0
15.209926259093692,14.37068022061815,9.742352978186052,0.7827209359263421,13.743886792634552,1
3.7969754589848326,9.829300229305318,0.5041138570880936,0.03326745697325135,1.7975184519599494,0
32.729739463883234,16.600470046429457,11.472063470381876,0.8275537021248793,11.716437096827068,1
3.071647705303653,10.170045161390005,0.14865772126587418,0.09557610598723693,0.6386337008334715,0
44.67433767457899,23.335751993053997,11.421641666023703,0.8519154333348071,14.572595561690333,1
36.12252784862675,20.497182620125102,7.105838940826445,0.7976506495980668,5.211654476120743,1
49.49440031704975,22.586334033690605,14.395824715691237,0.8784383714157271,9.076724581481159,1
4.106151063346325,9.178224370897722,1.3398280375928722,0.19294728091770513,1.8054338696223986,0
1.9188204525204173,9.821528089315963,0.36638080190693323,0.124366465758368,1.2303798613179198,0
3.614500502226596,9.799541257294052,1.7669714846710458,0.1348325394723985,0.2993713342012765,0
3.2682202860578267,9.079232164326685,0.04179242441114828,0.035387853404266166,1.899441981421142,0
1.3009158554101723,10.09077022191897,1.5472803107990687,0.27615078784008545,1.169874997356474,0
0.4300194886736447,10.464714358648013,1.486217026564865,0.06434531020778952,0.0918945225930059,0
1.4869888657886177,9.710824310016356,0.21613859056228746,0.03788276633253763,0.9264734714746823,0
42.54191766814301,14.99783956335545,5.979122256841435,0.8436467663592411,13.132168068956508,1
0.7328100140718236,10.187844677492713,0.9300132644246724,0.23709607364392637,1.4081660718012594,0
0.4850981574620028,9.87648965169508,0.6590957704763636,0.2840662446824559,1.0054242161226554,0
43.451520918476085,23.74826161119509,5.296395831760376,0.7421009100377517,5.847636602245635,1
30.365627635018804,15.796287092169315,6.553948335411493,0.9017052178901074,5.25786943285584,1
0.8176047559872945,10.279369380397178,0.963444408026602,0.1359988413952153,1.5698786969691363,0
2.54383399644841,9.806718546944074,0.49167863838764436,0.11564516721921615,0.05372118231660794,0
18.264176926812514,14.164810218101525,8.236182425543099,0.7310658826404128,13.153418261377698,1
2.4093032619314707,10.41391070972299,1.4123206462477202,0.07856992068002218,1.0078436354828508,0
32.23790804167719,18.96398521835816,5.311730823177308,0.905890337723087,9.871917752884432,1
41.69696940881934,15.23419906941769,7.979311574132959,0.9557403520566982,9.20074865056297,1
2.2332899329045053,9.389419214390394,0.31334378916696193,0.08623367921717552,0.6558391027428996,0
15.71248622938431,24.9074122499758,12.606246624214705,0.8120677293239801,6.562849346967758,1
2.491757554259419,10.447175636618114,1.0072430621774635,0.08276964507655434,0.38662799449042917,0
4.994516839697259,9.778149343326676,1.9284029715527116,0.004908515645347799,1.441926256468345,0
4.012859526475141,9.799054960577568,0.7834170616295453,0.16125582788042112,1.22490289691465,0
1.164625041835583,10.489405903990413,1.3591769687892339,0.13330634703785535,1.8400977128720801,0
20.66412236551775,16.85192166188142,13.944915448747915,0.7618082115762828,9.161925076748044,1
41.07005564539444,15.584808361915078,13.588457196693376,0.7006697659432326,7.372762783837526,1
2.8538750898315177,9.208437396575277,0.5443982785531309,0.05034662823687728,0.24920913923889598,0
3.2766940256861083,9.703230786672348,0.9168250461109166,0.23052976627728733,0.9134428241486703,0
1.540181374641174,9.9783569165501,0.3007002518384605,0.18516655775023855,1.7044696328462545,0
4.082064773792821,9.069109697782759,1.4182641111151757,0.2160760930415451,0.42815884291253625,0
0.4819553624721673,10.19836975167878,1.9463065862905056,0.05436848675513103,1.7902619396309256,0
23.7215340342945,16.355254570313672,7.714001595379515,0.9759811201537734,7.325329473852847,1
38.59557977698718,16.81331219099159,6.904668234978502,0.9449599295701614,11.032413213948116,1
4.58931425377115,9.014999693183706,0.7862395843703625,0.25493264590866715,0.8209399567735518,0
28.55703088803121,16.529037644497777,7.043996188759394,0.9692267713685037,7.175053336878339,1
43.78363710512798,21.879131745203413,5.283114673852301,0.9011913524804996,9.973154638556732,1
28.034159712894386,21.041711332517423,7.5429491455769915,0.7065791627306188,14.477875147879535,1
18.566500871207378,15.913302586963688,9.951304152028278,0.9875814433898606,5.719633862818192,1
4.328538027625179,9.746638408652853,0.7323069254345531,0.19873132402090085,0.682779443961915,0
2.526697059479593,9.929668266063544,0.4776498109217382,0.21200216667573032,0.6553942085112785,0
2.4879285185343463,9.789983424244433,1.3921532515352772,0.15278228752873002,0.834079917938465,0
22.863871717210223,22.235139077197488,11.9560527716475,0.9037239641410448,9.747556737134104,1
1.6816736017733631,9.40798946439036,1.7025447738042094,0.11823437285563815,1.4193646461146225,0
32.84902927617978,24.009873577481315,13.635393848166737,0.7069408584263264,10.295581273506851,1
0.05943204423691839,9.956200588221193,1.0831815565465488,0.06608585032401977,1.5059621479523935,0
46.29389133073488,14.65386489127456,6.946001699279969,0.8877341298658683,10.440536822479757,1
28.876384226310677,12.87086470266419,12.585507474717424,0.8343198669044082,12.069291351881851,1
34.6128103848629,23.086195446198918,10.319944392413483,0.9904599437389104,12.99052137987888,1
41.82593360991945,19.80198442495699,5.231941404268428,0.9917016035031643,7.982636930758984,1
4.321917127283657,9.127016606280485,0.8171272093994637,0.24619733108566771,1.6264786636823472,0
2.6747995796691546,9.59158064961246,1.829096158202312,0.25537558999027565,0.9099473901557567,0
4.9009374492218525,9.100149316240138,0.7887003458218635,0.25054126862964315,0.8453713384243184,0
4.0143876894491735,9.869252162498887,1.912190326250697,0.06943605369711493,0.971269816262468,0
49.334810330908915,22.481837104797393,5.367293595446289,0.7528990576477469,13.210312302974248,1
33.56879139663651,19.919095769514023,11.09363711524254,0.9179570415740549,11.617020926422056,1
17.885035172158076,21.495801013948626,8.968651540278865,0.8710685893440023,7.933904761416281,1
29.651524509119938,24.82879564598027,7.853193612880373,0.8594310678058295,12.432372527790843,1
16.13005780812639,23.57785567659998,10.517615591668783,0.7314478681361996,7.884069319491353,1
1.612647272387796,9.518192659594918,1.695588446056033,0.0033603346164705616,1.282223552939359,0
4.2101501607602705,9.438717962561993,1.6768214777100239,0.143567120014177,0.3657892738952544,0
0.7812915882882282,9.28503568888898,1.2533798044507154,0.2973685338265873,1.7821216745050925,0
0.04193240920218666,9.82263747228367,0.5284819237500002,0.14073053692307289,0.14531737431221492,0
1.170921479346441,9.146288985445214,1.2681800687236606,0.028754890130624697,0.7462970739059203,0
26.37354723486179,16.5871766574053,6.798035742415616,0.9505912364477433,9.047057638484247,1
36.26647341116322,21.459751370001836,9.820768232358787,0.7737493804869913,11.208882691817477,1
3.321097462295954,10.291925147984347,1.9522359734057946,0.2614451050369838,0.807330323000041,0
3.671853941367969,10.333165538254422,1.47096881165743,0.27102055653772,0.10910622975901596,0
2.12689048599073,9.904711867682217,1.1458922501678193,0.1724380940358909,0.5116785663034673,0
1.30673456592168,9.51470333027095,1.029706576922242,0.2564607074349828,1.4840653247875126,0
35.50059773717918,12.618147428407937,12.235845949204734,0.9011058093405292,8.693250189013154,1
17.30380562783504,21.634761699816117,8.781083044655873,0.9846342323497559,9.19602020934129,1
35.46295173386424,16.955989985824772,5.98903526332374,0.7521352611437051,11.796733552036613,1
4.681543181966453,10.179374742373092,1.5917286283544698,0.13078799673862923,0.7730845003456013,0
0.17800632729907562,10.169981102936644,1.8398441336612064,0.2883661179905812,1.4673184938010504,0
4.943051211934815,9.099814222662266,1.687128584282618,0.10663740014474239,0.8377394394544411,0
41.66478416451145,24.456428308816296,10.774793323280235,0.8447627112993581,10.344042312721845,1
41.512685533441676,12.787411081131278,7.032075932604311,0.8473789768243636,8.681502324753751,1
1.9578080170395733,10.066040318623326,1.1591387191488134,0.21395401954675516,0.12398791407135912,0
2.0414305991881196,10.261422779707232,0.28999153112892095,0.16638642273858348,1.3570104536534884,0
1.0743727725867274,10.271915192657046,1.6509217696223932,0.2674056555866965,1.8302834872575744,0
35.72700630029799,12.350411877375706,5.905944057475666,0.7470344065423032,6.362890775618699,1
22.646020620269226,21.84598615640634,14.645728684265158,0.9603315225514235,7.179404040883806,1
2.6351966245879943,9.13480570603401,0.9265748981328696,0.24660976405270946,0.3882075343342162,0
1.276696671896977,9.156053651745221,0.5052966521122704,0.15292790860364014,1.958925951284764,0
3.4114120230105516,9.578892774439746,1.2650988892371116,0.16089113397561974,1.098105879715338,0
48.710513325437944,23.86087358971485,13.875290560107212,0.7519207125290248,8.294961242526444,1
23.9795477187133,14.853903257603053,5.705579552654242,0.804357196342027,14.789657664519394,1
0.69631134944173,9.065631091442935,0.018261039979722282,0.23250807289010653,0.11341029193347896,0
42.78827404868033,24.371153935118038,7.307653854831716,0.8851162583865377,13.871967667221563,1
34.67669288970319,17.23140440363128,7.591481986592001,0.977800301411814,14.309703884986641,1
40.884473128475655,12.39523771402244,11.948371146303131,0.9803880197582735,8.827062851900028,1
4.266603515591838,9.8023294049355,0.8311836082118169,0.10135948309306737,0.19885318062588975,0
43.16888772654178,22.528188226469666,6.20521839792049,0.790456121166591,12.800260645738895,1
29.952753510180635,20.394699500902103,7.840105718147601,0.7994826864669845,6.220284770650081,1
1.9932954603380444,9.3446946827679,0.6532677205619863,0.25583256124956877,0.9958771270242668,0
1.57418487758413,9.852748857437406,1.2256056965196027,0.2071522197438434,1.5138779670745985,0
3.5584038483069365,10.23991644952795,1.8533271187889393,0.12363370408943042,1.4810335991149093,0
0.17143275803066738,10.090547071301915,1.88668829871072,0.04855639907259069,1.287747894032671,0
3.239400867561513,9.537783268204269,1.1147431154360443,0.12372112702097766,0.3379385110396391,0
4.593641282477658,9.87380371679776,1.839242601671993,0.23101110710736572,1.1967789283356185,0
1.9355552767617912,10.22428659413896,0.4452258247471206,0.035748079558462265,1.002236234662173,0
29.37400706848431,18.69350169062875,7.171416882928549,0.9197732137773966,10.903646218670197,1
3.795606297730121,10.309095726090524,0.5626714816128298,0.028565423720822478,0.5068559239827937,0
0.47100534001075334,9.888879536146655,0.7903710152757308,0.14885966420032884,0.3396429154282796,0
0.8340087018541753,9.259559649208015,0.3851953665229184,0.2286801067612341,0.12205542286483984,0
1.1347193838166585,10.318282278749406,0.1346259468430857,0.12417856981662367,0.16023645507479212,0
1.645306424822749,9.397707605562065,1.851302413866519,0.08729685451572607,0.872786518859684,0
0.08203380130897553,9.628642605832976,1.9689312605485614,0.17394571980904674,1.6993655771998375,0
42.36886470747305,21.216362016344043,6.920497663960377,0.8688750760360302,12.429088460488028,1
4.576947078109402,9.71709363989097,1.8219898202535618,0.24514257996847166,1.9683742265798934,0
2.8593612725467703,9.36345749204476,1.6776351444136752,0.1441678062902268,1.285882424049967,0
3.60521837678981,9.569128517792322,0.8471248321051683,0.08822134775191327,0.2965211513426589,0
3.047248791901368,10.382010839707382,0.4976631113317662,0.07187628554820999,1.0263871093899237,0
44.02978539953697,21.45803838402471,6.501203958133215,0.8046999676757765,10.652868883480302,1
0.9023834804546166,10.043067801008975,1.5748514786763665,0.13413342224453473,0.6464671541357085,0
1.922146521400847,9.112606938868076,1.4783539974288562,0.05305020362736169,1.6102400496414202,0
39.587485062667696,22.03422070300664,8.925707204031584,0.8989306105135507,12.206842502713151,1
38.15462032989973,13.52476840936135,8.443824624800381,0.7975112564447009,10.725268725969084,1
4.089365287519632,9.84908123412908,1.6957688346351323,0.29236835512102843,1.9142006417604842,0
16.31245311635105,20.361769039291545,10.173471873630755,0.7661108706545694,12.644254586113547,1
36.352391848667864,12.494887004948435,12.711816961182281,0.7335118366698914,9.10688171675772,1
0.9739234184976292,9.717643015154183,0.08656497900236149,0.07585104936792146,0.13531547298282165,0
4.844742458766607,9.98289189345114,0.44874486223511156,0.10656990961996203,1.9533011113169354,0
3.479509486314992,9.586969987308091,0.7404209340857757,0.2026707057671009,0.7534290304904769,0
3.301981818496913,9.823571546276591,0.5568889801108667,0.0815822408439005,1.077263295064608,0
42.684181953805286,13.895302689798644,12.384833029998427,0.8996942661901406,11.460439795113485,1
31.649500743942237,17.195786575744314,12.21809795885717,0.9859012465629161,12.53558584739126,1
43.85654302495155,17.598730870319415,8.901139235063594,0.8996146695798104,12.586753985326515,1
4.475221438987419,9.498358298844924,1.1571929393590927,0.07201007531229905,1.5947507495403608,0
0.5132648459193162,9.001775540577851,0.4129203513841857,0.12340109101499187,0.4872886628001687,0
35.10591234017785,13.064237251932994,11.70265344713785,0.8409325029516074,9.384572805414136,1
22.93338809768062,21.2255571802489,8.009305232867858,0.9760425315097147,12.126640474474206,1
49.59666954781372,15.512979251698459,11.637058197957714,0.7354896670122164,11.0184763004723,1
47.37131528716022,16.472134769148997,9.021303281007064,0.757186063204454,10.932086952731094,1
38.573594096470465,22.983026681492042,6.713502429619783,0.835754729152436,8.19187710123841,1
3.903247708857851,10.245962367448815,1.5954473367195776,0.0646417817551878,1.3884988757878776,0
23.046272169882762,18.76375350132956,9.092727286461841,0.7884947151766973,5.539511322741022,1
0.554960922025487,9.359491778739287,0.32896857314467387,0.04776016831317813,0.018033055303712242,0
29.305407489669264,24.117778624997868,14.029785291295529,0.7624401692256428,7.589648329002038,1
18.291435739859207,20.017927362041227,11.7776486226274,0.8879512504903165,13.013363152265798,1
2.821157814287858,9.585821470086689,1.263395185646214,0.28421034765325504,0.34050976544429234,0
40.49945321804784,19.192746622337644,14.490286509515975,0.7304473804626308,12.223216928788275,1
3.789119970152273,9.588170085686277,0.6612262187224671,0.24806364607788806,1.6995933413073128,0
4.415914986829154,9.164895927441675,1.278314695945505,0.04023448823209131,1.0803196049980834,0
21.547506532019987,14.338884555939076,9.248620580135288,0.9263565174204567,13.402329795476275,1
25.432623383324156,13.450133501118932,12.358541396009166,0.8145415400131018,5.8653077727317635,1
1.0279483062362176,9.420716327463673,0.8585779006019039,0.053145365851809824,1.9284519117535013,0
2.966245077013129,9.037817748359144,0.13092896972822565,0.21066572459001018,1.0777476828026062,0
1.0664345897446548,9.50860512917842,1.0262451256109157,0.19135325396631805,1.085789962713243,0
28.60721320294089,15.91496837494849,5.384349110301697,0.74412191705703,6.062498158811427,1
3.1641465652730583,10.083931312482811,1.194966267461553,0.19290530472420067,1.1566996568963603,0
2.8419248759596933,10.157043468582733,1.722362464594066,0.2666538903976582,1.0369234993596144,0
42.77344330860693,17.537035131655,13.01138708298765,0.7818359412042494,7.564627918062348,1
1.3471881529743084,9.140411605853581,0.8529254414478094,0.07058517198096712,0.8967331047889522,0
19.08639126040736,18.3262248665836,9.084877531814344,0.7294379789760671,7.682003620882192,1
47.6876707799241,14.95292304383251,12.469617859648055,0.718635370257991,11.298134371601776,1
39.52990672332077,23.804151157034795,5.917518878258457,0.799284518420718,12.090261907000006,1
0.9678390242460155,9.98617651281621,0.23273320784566498,0.2485550480765303,0.4946690938777274,0
2.169638447312537,9.292224049894028,1.8677850315552023,0.03135728146929356,1.4591421937141502,0
48.57437076472277,16.16059580746095,12.134622346604667,0.8522600820761141,11.689986771130041,1
15.149629363117183,24.684237361690805,8.495846498895403,0.7774613178511149,7.2244295579410265,1
41.41450617439894,16.294456324252657,7.9035798762376235,0.7812332187697796,8.48781553222891,1
27.90430441108454,23.678269667010092,12.497242022136001,0.7683701522625098,11.437389945999204,1
41.29963071924546,13.904481072254189,14.406871420972328,0.7511555836135464,8.700273640635512,1
1.2227977546564466,9.892644656013973,0.5511116307438122,0.28726251161674193,0.8107040680443476,0
23.047067705959627,24.292836120838274,13.453167481880334,0.8320521147772026,9.819952219459829,1
4.337900153970173,10.028643662640084,0.7629900200939044,0.038317819386938824,1.6326763738084877,0
33.423766185265436,20.689714539590092,6.5723091669949465,0.8942805405756837,8.822571474051205,1
0.4171217110557679,9.795503023180057,0.42924054934244493,0.1019417836487287,1.2888576492845485,0
37.43146367955117,19.976189543938258,8.987142493537393,0.9517575073426545,8.809386025057107,1
37.597390191704235,24.626143827444565,14.112353632581481,0.7849908589599106,5.273165727254369,1
1.3752464429619677,9.888088994034701,0.05133950893100381,0.07386769559540235,0.6810945706341751,0
4.532501382567035,9.227227581918113,0.7691478928104991,0.012960859305652205,0.9385436927258581,0
48.31010552234236,18.51939790313589,10.02523914693815,0.9770308436036794,7.899182359285798,1
23.03643947819001,16.156807848865444,12.46827175463071,0.9200742366657815,14.122022880249324,1
4.314117413558018,9.825160095103746,0.45868125450241815,0.16251033194958547,1.4258893703139093,0
19.65843940902938,22.294007007286076,9.329787660574969,0.707001604849194,5.600883527432846,1
31.253011547181273,20.29849539164828,13.794731850495422,0.9280775912590623,14.089531055606031,1
0.9617623636617811,9.633873853055867,1.2494704042459255,0.26181535238870784,0.9121957767838784,0
45.49277504834382,16.720495882548395,8.633947037233423,0.7927098744373433,10.469430836375686,1
4.45405706899623,10.15472423915654,0.4988317628046608,0.29435398595669265,0.35878070517923755,0
33.88887559143134,16.841598845429026,10.6890482050461,0.8374358037184194,9.896350142045545,1
24.4327260435269,13.298151718136333,13.651439814378032,0.7888878963308498,11.944762294166633,1
36.640732784194036,20.6398359416564,8.100927836672582,0.8338401739237892,11.687061692543477,1
3.644245096823056,9.012754712611432,0.4412478166205085,0.14757255439946018,0.8400694133265643,0
2.355830012252214,9.260059732239512,0.7565655180726842,0.08737024507899484,1.5545237770282447,0
4.14667295816078,9.1573153325235,1.1722828664847356,0.04281010794880524,0.5952420041019482,0
17.630877013637868,13.289768476109126,6.959973687748889,0.7841127393364473,13.464517003210485,1
32.524081197026725,21.279949640647743,5.5322728487553094,0.9280803328971886,10.764265049041368,1
43.070790228487475,13.174000731353148,11.972742236745429,0.7773591266658075,8.557334780654667,1
45.6607291301806,21.16395761192306,5.253617771607281,0.7028570066841868,7.912492544816697,1
17.08256488338602,24.042634104411007,8.190834070887483,0.7530926889599261,11.378342036820701,1
15.198628949844805,16.666972915404987,10.131415132472661,0.8497539269525398,11.033406295022267,1
3.2454301001575843,10.43463693680884,1.621345076948112,0.24761160276780145,0.36293443775634326,0
1.3768536206083548,10.09588204602918,1.3440747574357146,0.14205718949098844,0.4029099053580587,0
3.7114863350186935,10.319658940683972,0.8505002812266698,0.12408385889552617,0.6084227545094532,0
1.1141962762096747,10.48313115812011,0.30678684505384246,0.18020666755787493,1.314353010546957,0
3.708028811031494,10.478230452808479,0.06861108012906048,0.012794549383970233,0.8561649639658564,0
0.03668812611567318,9.187452927227751,1.9123691349530108,0.2292260348973992,1.9342326550204956,0
46.03948312854554,13.886936907290039,9.789747803066408,0.8257828542164344,11.65725321291129,1
2.8402332089375766,9.420180294902082,1.319147883743637,0.1974524278541371,1.4100149482415056,0
49.751214523124844,12.675268784531212,12.886322200641906,0.8301509572082088,9.333051445875853,1
4.215392601299283,9.077248022907062,0.3416402729835686,0.030623990092256158,0.15585426576224037,0
36.25765313898005,21.703265113768797,12.497420702342112,0.7590127135661323,5.006747294865961,1
1.1305595531712926,9.028423733017215,0.8368395675346554,0.09312989759349152,0.6372088626929855,0
2.645125786547136,9.811413127368082,1.7018776824662327,0.2422456305870041,1.3977171998108908,0
22.469505232591395,21.819956755026038,6.407757762142847,0.8473398669461452,9.213221983874444,1
23.394514747833842,23.200839179051982,11.257075456365888,0.8196112385283795,6.871007592352876,1
2.591398812245964,9.679551852533598,1.4212509047614117,0.1805774857820915,1.9414281088426693,0
16.390242064811915,15.637333386068237,5.570861012379811,0.7583812690064499,6.239833358455307,1
4.8571944001829594,9.927593226638185,0.7605704966690796,0.20739780810383895,1.3189187939546227,0
21.154355193350654,17.751618993712565,12.018898911702742,0.8899413997969503,10.660271305656707,1
49.416255917303246,15.807590659650554,5.921226081460736,0.8290035403462291,10.41709024873919,1
33.391156036256554,23.027076808637105,11.404135106289766,0.7223437859819125,10.065893737902599,1
3.8050131388001187,9.562963965953537,1.1357964579003494,0.1348974673328227,1.7416105054193205,0
36.68214296572622,15.566627816800674,13.268016663758642,0.7493043378748038,5.008491096217181,1
37.98754538375502,16.307823601718002,11.674991196239858,0.9813219951021268,11.520141271689504,1
4.179097659128491,9.738130348271454,0.14770068035572925,0.19624022249200132,0.3642879489503146,0
2.9932952774324684,9.786637967613038,1.4380331848103485,0.012116697273748743,1.1270320384139196,0
16.415373504402595,22.675158080467202,6.386480417654976,0.807525506560896,9.727810301110631,1
3.2540262126341695,9.136559503814608,1.1545369869846478,0.044176338575591834,0.5045427574289854,0
2.4523457925523378,9.280650626797009,0.9362378592099183,0.2295075970470442,1.6907910083210296,0
49.80623894636005,17.57249183207949,13.740945201393401,0.9872618317050553,6.728941448946672,1
35.81716434732361,21.90968754939297,11.089330209896426,0.8255499911400518,6.525755733095314,1
16.304405296723896,22.48095521365824,5.266452911638674,0.8970486436409051,5.787695139149013,1
2.088600610267868,9.836257464592212,0.2520293520565904,0.17637302335034666,0.5818428106551521,0
4.055398968678368,9.097907997852735,0.2535896886733533,0.03579573116676325,1.9882045664214523,0
1.9868044889257042,9.842402458089577,1.0256245938507431,0.27772207848217006,1.5402585384114271,0
1.9632254091810415,9.24272121074671,0.8675254875851224,0.23156629350088337,1.5615255254968061,0
46.5365464324042,20.634628377611108,14.219937700331137,0.9747217060656961,13.913730311872168,1
4.1895002543049396,10.358122220004153,0.594838248458198,0.02218069305500927,0.9613690726948572,0
3.419792071623211,9.532038919608878,1.4406006665501896,0.2460849375060608,1.332429480292834,0
3.2188097497641084,9.489413236726858,1.3286032005198571,0.22959387686758997,1.184971161905575,0
40.2518671751662,16.35785574046551,5.66796063055348,0.931329377809773,7.19724111829556,1
35.482780062781615,22.673268726530893,8.896683201081657,0.7594002202660762,10.876272972414707,1
0.738333055707438,10.237674242969057,0.18829713230093992,0.1558750404470422,0.8868253923957599,0
3.1568765380207724,9.195605827470523,0.4698735538978307,0.18569820158670305,0.03538632227354155,0
20.722056726280833,23.518230833927333,13.635774001340033,0.835503162147306,9.977257122150924,1
2.314870059373773,10.364436794118273,0.8532055609197657,0.1889532530638505,0.0707016420813884,0
2.241173166085335,10.30024330815197,0.2618531189897193,0.19105632803055272,1.3574070296782934,0
0.8498003127808723,9.36973878760542,0.8618628865400417,0.09943142070438397,1.1707844220732886,0
26.141883274564943,22.125229516755983,5.80872065458681,0.7514318983876209,9.711500396194378,1
2.848643346695585,9.969349822127075,1.114346333109881,0.235676425215876,1.1020009715228885,0
43.52998110156733,17.221918917354994,10.58831161411856,0.7527644474590482,14.204330241055565,1
1.4787584863176502,9.76212080427851,0.26775416832691956,0.11561452598246019,0.3643163221580592,0
43.082945903566234,17.17044340157915,7.6995832490105816,0.8117635337246141,12.036074104611558,1
17.98372357540426,21.166092449983417,12.356081065021165,0.9441942019518397,9.74241511770305,1
3.7680681857033926,9.671310315836777,1.3647965510860405,0.19867717354939263,0.2212868664961325,0
20.442893496540346,20.10043893864473,5.770820263606744,0.7134700831660518,6.067176485524589,1
4.507346141971281,10.407027902777143,0.9637327970545755,0.08963867254481823,1.4606222482169955,0
32.56370405511051,21.080868642062615,9.527554512749155,0.7713154078062376,14.704028006829068,1
4.024909292570572,9.799265780367964,1.6506962527235955,0.05307392302324054,1.2544454177236555,0
4.404599977298763,9.298720674780174,0.7042957781110335,0.22869461750124648,0.41701209628043134,0
4.116869334123803,10.470234583921421,1.463550116217265,0.2212040946782371,0.4359485948801922,0
1.732494447601598,10.317885636563759,0.04361412503021356,0.08646088899698497,0.09731156399826313,0
48.9456552902435,19.3303838595315,12.933834466829275,0.9226069309461461,11.608237751929266,1
45.17122315399364,20.594573099607942,5.305242159350322,0.957375864538122,12.324639129340351,1
26.207644056544147,20.101078363043534,10.970544656150173,0.9867108730645314,10.29084564007549,1
45.26227305363675,12.341768035449398,14.109970222440646,0.7917235582904202,10.082227016882676,1
3.7840590962117524,9.099672415291923,0.5495105523490247,0.045911277122562474,1.8893512663944627,0
1.5413350149312466,9.73027286265521,1.2145164107204138,0.2779378312008821,0.7679029315782779,0
29.02601777490459,15.753175169086923,10.977500368856607,0.9789415756330775,14.239831993909313,1
1.4676916936854183,9.500976327399002,0.05426644973613226,0.2914212459500879,1.6269051504615688,0
47.59399220334595,20.710104978571234,13.206939611861753,0.7348342107236253,6.939014150906441,1
3.3482556115180495,9.159650578049552,0.9778056773080013,0.13280336236324244,0.43208044894715947,0
0.7748092326193434,9.371122702456807,1.9657868029687722,0.2391191271011736,1.347110117539138,0
40.37825888743477,21.805213398459912,5.3683249151475305,0.8181281201138689,12.739580797830902,1
24.787333280421826,16.61559757351867,5.368988394487336,0.9647814446856687,13.478567357997436,1
0.31752734640832614,9.278596600102766,0.8339168479295485,0.1387945101344616,0.8129634006300246,0
0.35138117943849967,9.757196750893467,0.8766540817581185,0.041445874355813685,0.9811066739801688,0
3.068994795210404,9.73574197745553,1.4460725897185622,0.1681615764155249,1.6071481707677457,0
4.623454678469658,10.24520664665816,0.5491588148660054,0.16582305145098908,1.2300118599063343,0
0.14438134632868194,9.655457150450912,1.1976998726122337,0.2902126595934593,1.7540331232353423,0
17.73862725311781,22.15827704022368,14.249827730711878,0.8688446859453377,6.395668173083217,1
24.01916836918848,24.272552522565505,13.23855800492458,0.9345483137946736,13.645574903021569,1
20.213727349195757,24.421584306026226,11.135139870959812,0.9183698817591777,13.99064591780606,1
31.24487208309818,12.783868817648147,7.749655837202683,0.7685863174088335,13.874788848112836,1
46.09406701932228,15.013608646291793,6.110387045898513,0.8499450812225242,13.11183419483786,1
4.691427075763053,10.465251255975577,1.990684633217646,0.2008173330265934,1.8652409335117568,0
40.4228080815504,21.87104499950458,12.328332431922888,0.996785468230053,9.092082113519247,1
20.5617618693257,16.341432632477797,12.67288569298093,0.7698656533989925,9.782720648259724,1
3.5809891523368123,9.425636652138742,0.26991287859518853,0.08636019852675232,1.2459707644861688,0
44.17531116016872,15.427626969906918,7.098776716687892,0.977896014627391,11.934808763573784,1
1.2332168768083762,9.350892588980837,0.5724037372423885,0.17775871333606466,0.9852605678843342,0
30.93786965629183,18.998374668275446,11.346856143672023,0.9871955097956087,11.521691270917568,1
0.3582083268576808,9.546026873889504,0.0522246967231772,0.05304269298895535,0.22073573737845464,0
1.9785643497901462,10.198215779798252,1.086355749748352,0.2646873116854013,1.9446633569245826,0
19.195279544733246,22.121363719141137,8.705591582170781,0.903814800680501,11.715077892969441,1
49.313246417056,22.059443306217258,10.236766228041136,0.8327533695835944,10.396477205303649,1
23.954208847888424,17.461395566499903,6.967021517734374,0.7403767401453889,11.009296006037102,1
4.749624854872366,9.426591497869257,0.16231882178722845,0.2478415981065995,1.9968339272985098,0
3.162859903976671,9.64606625341402,0.25241796782238834,0.23347496585551047,0.6478879046072434,0
47.02593732073384,17.867305772373307,13.984633484785533,0.7897243255763702,8.873625838213513,1
35.710461080417076,14.828950610164664,7.200001507141465,0.8811614992637192,9.067617068387296,1
30.3025239151634,21.08612414898842,9.070162350061597,0.717559521782613,12.051122613353439,1
1.3763896380107359,9.349300443522512,0.6067165720445069,0.26223915989181235,1.0360371409456615,0
3.6433444088131517,9.106160505210458,0.04523091632837262,0.13925875999348417,1.5823733744687276,0
0.34516058253635684,10.255206737554564,0.9588615198757242,0.2967782099153678,1.4348848158951844,0
22.57529397213186,18.493960170672523,11.244865561076207,0.7414043816426998,5.435220886233097,1
25.550715896220876,18.63889179349925,13.57505573360398,0.9594208709835697,5.256838430561409,1
2.1636313796671978,9.038598184473862,0.26798178151452645,0.09687676827320221,0.7873964261152997,0
45.89792284260905,13.691573921230505,13.55843143504734,0.917291688919347,13.395923219571594,1
17.860016496270667,24.535234933470978,6.308441041002602,0.8814635442251321,14.99410587856637,1
2.464548178909088,9.992901348848905,1.453551352503749,0.2330526859084876,1.3432123822029431,0
1.1826007113661319,9.24011424374004,1.8146728632938725,0.05413701503450425,0.0808681910303144,0
2.378586022041027,9.42814152768671,0.33990182159934546,0.03146841991298157,0.9027976781361349,0
1.8210852237414,9.257362415644703,1.1869034783411208,0.23357918385221318,0.6247945677343898,0
47.33156891541212,20.372158057027843,13.439510240338473,0.866589576780892,9.626300506752248,1
17.17073046570936,16.112540740919417,9.059143431274212,0.9762586275838765,5.805607994049788,1
48.38716800394433,24.810500223535428,9.931006097302003,0.9593919523938343,5.047702561781248,1
17.895692220208264,19.76988553293883,13.776677629335158,0.7239309393250581,10.538933884160128,1
1.5314739564927182,9.697051022846185,0.13080656943223423,0.14969467006527706,0.4961229220892007,0
39.49881042366161,23.105385682210375,5.873800625194909,0.73252595362463,11.406171242255581,1
2.5022422323315823,10.095530356771082,0.8274800619197675,0.06076457329744784,1.3097702251352514,0
4.49159396663993,10.229834075308773,1.3899579172106606,0.0073224535777824725,0.26450718431210496,0
1.9199281194634836,9.708721016906594,0.4228053230009441,0.1948439836438096,0.4516516672383697,0
42.7676004282838,18.348803330413062,6.421270369158766,0.9653506243679477,8.386619462364724,1
18.97427249827083,24.90022050217484,6.035559163708442,0.8246355321037262,7.389475701544537,1
0.351079614303631,9.801013364610757,1.832051038703896,0.2837081654647576,0.464217925759552,0
16.567100475386567,23.167657826435985,14.70089431742124,0.9880933451571059,7.2110560953806875,1
21.580464302090174,18.331575893109523,14.21274716448893,0.885163893413283,12.214906275690199,1
4.683840803373,9.101790717865999,0.5559569527682302,0.07650413203288649,0.7148793271476743,0
3.5389596368808847,10.101593814255452,0.32936987932218686,0.22512925465015893,1.3453762791847181,0
40.377967894528254,19.578539367029393,13.6083202349919,0.8872543926822483,13.747588473885994,1
20.57894192353508,24.447681536181015,12.275656415709697,0.8583116262802881,14.415405000545917,1
1.6335523771362448,9.757745082855058,1.789853030279008,0.26393797057154156,1.498714155025529,0
16.163411374531353,14.816165138574846,5.748686294226747,0.8163336458521694,13.430351646384901,1
0.43671707926838166,9.173656165486182,1.9003441856731391,0.20276608818074693,1.7032174009405983,0
0.27100404421016633,10.033369526548222,1.2424797856187377,0.13231245667695804,0.48064191058521066,0
0.5110160586525769,9.426221517884352,0.37163491459758946,0.16611507454766303,1.7741506902442001,0
15.655415343095216,24.258349931360108,8.293900918172689,0.8212491464598979,14.078046114473945,1
4.3267816888606,9.968792082848767,0.2712155654826762,0.011613752510119823,0.48806882737156876,0
1.2755818231987903,9.046771296202145,0.672603546908136,0.1717772742193374,0.08522657674166023,0
24.634918483491866,20.83451260763899,12.061512025362862,0.9545245985258684,10.364035108750837,1
1.8526466638985573,10.448074464538236,0.3202390944721061,0.16239753572733193,0.6419629471849568,0
25.950007470918003,18.18169046314677,11.771623914028343,0.7960981323595676,13.402910513391141,1
18.173047278070985,15.864361109747941,11.501105997281012,0.7410192477746825,11.775982107884424,1
15.617056725342604,12.958788007551764,6.118007807008272,0.9415442734467105,8.014347543601573,1
39.824434046027015,18.75187636774044,14.797175003857866,0.9084568239367958,11.013671768130031,1
40.80455393779603,15.615083924265342,14.610369280667573,0.9964207936750513,14.264043950253537,1
26.16478209605752,22.736422806959915,11.515296853650074,0.7506941767701137,12.888217210923385,1
44.411412089653396,24.49991366794302,7.123776291654734,0.7234093352816864,9.838901392678899,1
25.595514789018075,21.299596101482514,11.575818868033288,0.7564051460660733,6.11784299104942,1
36.19877605641774,13.99461240887601,9.144270706385477,0.9557589157928642,14.7180180404816,1
2.885343578530142,9.008019493505909,1.4261087920525748,0.12428463406899533,0.3865384538063297,0
25.18529153147867,22.580818388202523,7.175436320975107,0.7034590110199416,9.146094592361932,1
42.76968345160216,19.09881245619595,10.807487763069807,0.9399574665258673,10.288433742187593,1
0.6758613704225919,9.788786059772129,1.3630140458869429,0.13581996172069066,0.247206198095701,0
43.68133630230476,17.353104777310644,8.478939408812439,0.9944046151261469,14.268033664397855,1
26.85700930640448,12.541204613344918,9.366274128013075,0.8804721787854808,14.416542752928907,1
2.545981765690298,9.162330635351108,1.0753552337485126,0.24583907525301943,0.755301901678388,0
3.6201679832790203,10.239130160843146,0.511856184136243,0.07236602256836623,1.1305997262090361,0
46.2832458885623,13.248679426589451,9.114427666804108,0.8220448456093257,13.883944175470226,1
2.9614589603578825,10.152465061855384,1.9603175514038758,0.27332041694152714,1.0070774946549046,0
30.182069058116525,16.44967526466219,7.126764294948763,0.8811963261496777,14.54561745348238,1
2.0661732510908277,9.095654817098115,1.38115015530774,0.19333075884838316,1.4399256613809943,0
31.19947899620149,21.33717550931945,12.196534336890352,0.8438765754158996,10.23152899313936,1
2.4260850736609356,10.381578810654771,1.1048795217085967,0.1740050656161452,0.6390100674316255,0
40.09595536763283,15.05773941475708,12.701871511048246,0.7058810704138846,12.161618846067205,1
30.104242492747957,22.056364348922187,10.037894579563623,0.8918377258419984,11.39741465720317,1
22.82146139864524,20.013721852079502,13.47215406630818,0.8143322910835351,7.587614726335571,1
44.48458505258734,15.57640968606874,9.011919489257831,0.9819763970153899,7.504444795535772,1
22.806888414716664,17.85841140193159,11.977255190169334,0.7659256731377766,14.76257439717421,1
3.2482098613858295,9.854697291019928,0.13394848830835104,0.047617046063023756,1.9276346295395195,0
4.666183456199215,9.473759645696108,1.3843725767602342,0.24569289540497996,1.4818289224743617,0
33.35399903543008,21.108767389729245,11.640158905283467,0.9708522676782947,10.418353053646227,1
3.6652359294579187,9.801907581833564,0.14785672977322983,0.2524785680401146,1.921748712042544,0
30.543833843383467,18.755589054905464,8.101601245798097,0.844321306869206,12.433566071956559,1
0.4675653321588291,9.829888780742895,1.3910624970236647,0.08291424633188058,1.139794078340604,0
3.470354819212825,9.773264826675875,1.7947935722449007,0.23751045383911495,1.6320216836489252,0
21.55598111317336,16.66534551373444,5.35879681788849,0.7848975512995748,11.522228244432283,1
2.188792007921405,10.189559410744335,0.2325576777690299,0.2154169529346052,0.2904201212225559,0
39.94837649905174,12.120468782936191,7.763935440884305,0.742711673135505,6.276091827644917,1
46.92622079088994,14.044047257692752,8.213069493608316,0.8317476012873221,7.750530633406537,1
44.12517255702994,23.205877971312454,8.729509206408022,0.8124584798955304,12.56896877108882,1
2.1740613176336163,9.799287303435081,0.021496331503163546,0.24987702828393435,1.0255077850621976,0
3.700037563863892,9.770617716720693,0.14379068102901393,0.13204488940378756,1.4178092160856655,0
4.514827134454517,10.248491879969105,0.6571269362414474,0.0919673255118298,1.9749166903099953,0
1.436626997029481,10.057165093672426,0.7498581027186577,0.03963469331370301,0.4744644596871608,0
0.9915355984820462,9.126605096526694,0.8115042479084651,0.07363664478317297,1.1520653468782067,0
4.129084583771823,10.073799912096389,1.2914556316010244,0.27493553154535916,0.11678476084859368,0
1.3907985171082187,9.953584127565305,0.7619101914473116,0.10093648330819957,0.5785754941329853,0
2.5459662372896403,10.392078786103191,0.7839389246998341,0.013005964235858425,1.412334685779049,0
0.14756032247450201,9.036909043687485,0.27900577670060867,0.033013452929599674,1.4961704997428664,0
1.6123937685977578,9.465717349675916,0.24861669981092605,0.27999031447055833,1.276278797937639,0
21.67512191968298,20.032908274330158,11.62672869656667,0.744539647144978,12.411459846147578,1
40.20388916062032,18.312358049858425,6.870451636699282,0.9096219721989847,10.473875786942454,1
49.97436722837819,20.73802039217079,10.106686215407041,0.9864524223260307,13.173803954265935,1
19.857405493735545,23.085403911851834,5.274860462877038,0.7308512244908064,6.161069198548841,1
35.61435950326912,22.585084216659,9.07339880531034,0.9275766457825543,8.873848994693605,1
1.4014593056639586,9.058673368205955,0.027780269932536017,0.10601396607966036,0.389647324889864,0
1.545836173778294,9.422496134374068,0.45558364361872306,0.25467136876668917,1.847378258801185,0
34.129465081170075,17.777662927069002,6.283953154976654,0.9721555965202526,10.6961796758576,1
0.20640957444259922,10.022617478815198,0.8882569850574531,0.2622130486635739,1.4762758736428547,0
45.185631925932086,18.863629627508757,6.041780725080069,0.7406849855629049,13.135488124382674,1
0.024882599691885554,9.37019366038372,0.4190426518165007,0.0013010726060704524,1.5678507362004357,0
2.457561286131258,9.96279116814453,0.8229697522730843,0.10365226410374456,0.4444008261521697,0
4.067565228624179,9.744210835852424,1.4456238347458261,0.29093376249352737,0.696810827606203,0
36.81394337124222,18.689895033061003,9.348032044850225,0.9482506722404975,10.038982044028465,1
47.447573621898684,19.67496494702208,13.5941152703947,0.9685724633018522,10.571099121041476,1
29.877476092094348,22.548020906643945,14.189145969959963,0.8801397439528738,12.316128193133665,1
4.953784702727774,9.404792365677729,1.5248818173522076,0.01780424101699163,0.9349375948153165,0
21.93348502109198,13.277204598174855,11.90643613139501,0.9468546716567332,13.504901885825635,1
35.415017077047146,24.037989110563952,12.831046140743561,0.7397969560966867,7.654731883060909,1
23.281326990684047,17.13045815098264,8.145670663263369,0.7964955214908735,6.692595242040458,1
24.38084044075154,13.991059684364812,13.108362538262528,0.7742275436123773,13.713351176711065,1
2.082288594975566,10.095639721745783,0.5757815481904249,0.01666874181528538,1.3519430507825332,0
20.81119509828857,14.041528776357923,7.7035891381570405,0.8338681396540158,13.760228650812268,1
4.03804849517502,10.16116068056406,0.5957289744501768,0.02236589245561571,0.35300881817916974,0
2.6415048257787683,9.901125339338916,1.2564489529551655,0.03806798429493328,0.3861082750350209,0
0.1205617977391299,9.51208380198083,1.3646968529690395,0.03870866905172051,1.6021757000318173,0
2.0826694873759317,9.453639280488824,0.17585434240406927,0.2901015885714064,0.5299561920978935,0
20.277002738388532,21.22845880591271,12.118502228763061,0.8923488117535531,9.773640243842031,1
3.029576643325418,9.106361187619884,0.8591648472643052,0.0786090279993434,0.9734340413623677,0
35.09544409013286,13.56791470357491,6.655568420983929,0.9460838682012698,13.033129122072205,1
4.9673248245880055,9.852570869319505,0.22628792117799712,0.26405032222115915,0.29022996851528116,0
4.646622992806046,9.163064099700215,1.0377338395595408,0.11037668908748391,1.9801962384321032,0
0.5522328033591006,9.651730712499793,0.7583430038998014,0.2969124805192302,1.9337279134374066,0
22.917201803127632,20.27206692099128,14.374401748839256,0.9358595730505085,7.731636904190552,1
21.304954382964127,14.547795397909594,9.087207622276605,0.7507635314005212,8.603974857058159,1
3.7559058074957923,9.089293848372268,0.6799117964764041,0.08645152996423011,0.2086006459746692,0
43.64663787540945,24.913944164279773,14.79668675983717,0.8988060864541867,8.752132113774506,1
20.1103628488736,23.63456292237024,6.525947382150923,0.7576303541798167,6.064638035876765,1
18.5790636713383,13.061098745792533,14.103360682231786,0.7238682435015643,6.140176547754262,1
36.81578108287227,22.695453876215513,12.364517854198006,0.8707873380913421,11.691830270396567,1
15.651990247220112,13.476581421538599,10.816000155254027,0.9380987529093598,12.63103145429956,1
4.89945161235603,9.324107599010059,0.8333985640868777,0.11355691303897594,1.8605918814528581,0
23.70080162940679,19.698320146158636,10.578859263752864,0.7668871623070631,11.031301789286692,1
43.377722525698985,23.847050568283137,5.729578897145636,0.9269273608957753,7.553434361504908,1
2.6060854122460775,10.061288502502471,0.04214402131380113,0.18252624356561978,1.9238182888732034,0
3.6537345842374753,9.407500210024523,0.9937277114894798,0.008337836990123403,0.6785655636118837,0
19.206276521852807,18.355044176477218,8.302635608371151,0.9157557561223107,14.026219143003972,1
1.357611127689874,9.637751809480156,0.41502925050046047,0.1899023377596115,0.8511687202827014,0
4.949159660494513,9.759095923652511,1.6161254373673477,0.1700601195954726,0.9729078919916119,0
37.90469424389029,24.38113726283137,10.287361347952537,0.9362135810770299,12.530409963159372,1
39.95360622175504,23.597180834079168,8.318771489375857,0.9581797310548192,14.452911713258638,1
4.760179548391439,9.941449233208303,0.7613529704829367,0.23754831627948905,0.6089478032314302,0
29.1491471531908,20.030821683710492,7.341351645122951,0.9261743213020877,7.246915162696431,1
25.896293777191847,19.479786628311295,7.084727789007158,0.8156337852749789,13.575396978328511,1
35.922004642772535,23.001640138606216,7.3187223102517205,0.9444199512375919,7.2168674130648025,1
1.3103546325107414,9.981218388361908,1.3983978055144661,0.10353553933040545,0.9498379744222805,0
33.27522868780206,23.87921582281094,8.810148029276956,0.7652446926361162,12.438211118393816,1
3.4868134518073264,10.38608597304001,1.7635089697516184,0.08649615612518265,0.9103264979351928,0
42.95937811641994,17.586129794889278,14.867428127262102,0.8572893833357355,13.456529107576896,1
2.402564930958679,10.356756211827118,1.6044864359796964,0.07302927750294083,0.6495901308238667,0
2.3868185621775115,9.243157815176254,1.2334410961568996,0.26925859783066725,1.8626383991565378,0
39.412081980928505,17.0616951384712,11.329864702286054,0.8820081890387286,9.808320565743873,1
45.61308019466789,23.506265098286587,6.009060845512141,0.9900952876667465,10.330805530787977,1
0.05119001287997693,9.428007742762007,0.37818304100756084,0.05009590588274769,1.4569533682422655,0
4.073070268136919,9.119601412642623,1.5764932569896253,0.14707294267544246,0.010815759466211938,0
36.10572969004927,22.723112067378608,5.942242851644917,0.9132011797123814,8.231449444353803,1
2.520384026529424,9.02945729597951,0.8482511761987475,0.20341842109612204,1.0355091705717576,0
33.23486440950359,19.65624319300044,12.298866645227468,0.7777782184756581,13.417604082132918,1
25.67644244034868,18.645662783733812,13.789855206373955,0.9074219042125352,13.586160862901174,1
18.062034136945524,24.855428550315175,7.290259120733772,0.8907701258247156,7.843451019449374,1
4.248355448633495,10.373991751506217,0.22572092877047645,0.1706314732771003,1.8368168449464692,0
3.394036718191928,9.101121940714272,0.41713805665785664,0.25780847870732276,0.24394886860519027,0
39.10588789016095,13.805887502165934,5.219474823927558,0.9671451872046593,10.74545639549022,1
19.919596386938405,18.953098978091038,8.870124032786228,0.9203550322821308,6.027554423205892,1
34.9198430797254,20.18329075186554,7.969535681030726,0.9180557229304895,8.774318162179677,1
1.6320504301721295,10.021636559594771,1.8951747995534147,0.16949708942463948,0.7942938050397326,0
2.7889013638363696,10.052474517547452,1.6805875847530571,0.025070984124001095,0.3385687149323331,0
39.978526545332045,15.68138253315321,10.99578660025048,0.8290581863803796,5.06590162829713,1
16.95072084143059,16.6988435807035,6.790332446711226,0.9189799815612041,13.836533388299113,1
4.985115520098725,9.612569520947213,0.3646584596331448,0.18408190141481068,0.4725754160790425,0
26.26907599535656,16.926611030827885,11.12667407327627,0.8470690036417374,11.53635026406835,1
42.44066688199233,13.680518162958425,14.153171926393025,0.8762727932929817,5.276163761049296,1
4.766908672002749,9.320554190687556,1.4628626448552116,0.03457749350761164,1.2978089971196682,0
19.63305357908759,13.3546513806729,12.253754133245748,0.7711244214793814,6.377933746384725,1
27.934252978092317,12.135062840761062,12.566929554673404,0.9609581943613617,6.739244770097271,1
36.58546571252916,24.41517527877361,13.413031495773076,0.7185445701339187,8.199108765616254,1
25.39693015235232,21.30330800128907,14.590892883762196,0.79382236973129,7.406853202106932,1
23.17880995450668,14.439848246172707,5.112110232472803,0.8235887370824577,13.994374623947165,1
47.4303173979447,16.444368166152998,11.476854190829942,0.9023491690619838,13.729054675389191,1
32.984741023207576,19.69511449489384,5.961996938022967,0.8432990926764721,14.920632895391284,1
46.23814834783698,16.46813740464628,6.84530344157765,0.7065405031453492,7.555066837182112,1
44.827307485881036,17.06671639075759,10.163541626664959,0.7032785196903245,12.895506015797668,1
2.63957913281601,9.170555248099998,0.5410323293624593,0.13706646000183664,1.5023389903557731,0
1.5990062297399428,9.16323585301912,0.23751760725150106,0.09310281421716714,0.07529008223352607,0
0.9782821392171426,9.086424848280593,0.8290218880886466,0.1852513352703837,1.2862069993900784,0
17.16999784183378,17.18374102026376,8.025238209896877,0.7721079449465902,11.045346260844966,1
20.671445891816116,13.330150336514969,5.440257958003077,0.9142051932432028,6.9231587306040225,1
2.3053284460480814,9.495440606389126,1.5720296177368662,0.028192123322514837,1.9497933775112843,0
1.6811364432078157,9.069060594233463,0.7403541783282492,0.15548591108807164,0.02337320707323709,0
1.6772170325011815,10.489735557338303,1.971097989779251,0.0569411875999164,1.2598939213966778,0
44.41135254057551,15.350878217675806,14.578434079084673,0.8249796177135333,6.412560874655938,1
1.0739501936962714,9.402522100872824,1.0218345266372386,0.10066443885189279,0.9100235717798419,0
2.309224021685447,9.784605101536773,0.630556596662257,0.14525612488110168,1.8398769163623472,0
27.23431258711711,18.167165146217314,7.912610394612268,0.908932381332211,13.445464192747075,1
3.9494389758340134,10.22106147946537,0.39656222157408383,0.12049376660549585,1.2483923449282062,0
3.100685799803436,9.77011010101565,0.2278114311526167,0.19473109045937992,0.8931143140681517,0
4.17636895006091,9.734316738234112,1.1257462664180133,0.11166630675854416,0.2734840909475409,0
0.51267490643848,10.23429327649269,0.6451098618922908,0.17903986101395516,0.5542856831591465,0
36.984611081371554,24.3255930556101,10.386819335887251,0.8915767369874652,11.292295037423283,1
0.7250608369814265,9.506483569786386,1.368709202496625,0.24925358401782638,0.6651645809867228,0
41.10418944912024,13.30264886900151,13.761881322415286,0.7870132923727575,9.034603140872836,1
42.44116326640953,12.234315291137722,10.950308533415132,0.8765106274732525,8.78707908747914,1
15.151728801326945,20.748153729722553,11.144744270825184,0.9212841888855352,12.31633831609047,1
3.6845424742292083,10.460858510155505,0.7602178936048269,0.019341763399905332,1.9759424424427037,0
2.69682634422371,9.238346268651936,1.1785460612480914,0.2659585948301927,0.8370344465301953,0
45.81199595002606,18.517052098375267,6.8660621766203045,0.7381356907119125,10.881641100802067,1
42.95903566716327,21.866321004686462,8.579545498070717,0.7336255647719526,12.99942565039866,1
2.115717606732389,10.379646950720172,1.2835725954096098,0.11960834743490814,0.5271783617467007,0
0.9470384201506177,9.440692275690798,1.2189809969589944,0.24340310913480745,0.4681500424849847,0
22.12371512721496,22.833872065307034,7.041990625927761,0.774476059456375,6.918511428718553,1
24.872339281185994,15.695692776340326,5.182999867039705,0.9077292672268871,12.759483026755978,1
15.207113850919223,19.785487444413786,10.078448532241586,0.8432951132194881,5.618802112461991,1
1.57825359283237,9.736712585477882,0.3322013202664491,0.1322063043695577,1.8836502485444109,0
1.5438788818099876,10.468129073579263,1.8654621710189743,0.17235302985745865,1.9621096768206197,0
48.01067901743866,14.385515434946402,14.230845940043164,0.9155573538138557,11.71144911743172,1
3.4469033416825017,9.308619273069132,0.6787154873436916,0.06826804892860545,0.48996043186768445,0
35.314427285081216,18.335467724858795,12.855117848990439,0.9930877620435969,14.551300000847746,1
4.964602752669686,9.217533700905287,0.1992435618993189,0.1314911641206272,1.1266625076815908,0
4.68210899466731,10.390525453811248,1.3351075994096042,0.21800301726609075,1.0264169133000756,0
1.172850799351373,10.212829194341133,1.6679162493299136,0.03346652368926034,1.9475269000254334,0
37.79338020489183,20.35503526723752,5.9736723674192,0.8258406709507604,10.249085075495993,1
35.303217812136644,22.737606032861095,8.635290748895772,0.8043704621643525,9.680007010813227,1
0.9844572377061939,9.10727447264045,0.09142097214389544,0.011604978269400068,0.9777773129403569,0
20.76362221809573,15.340023245666849,9.260604198427497,0.9668244369764103,10.733257893506902,1
39.839596365501876,15.52983961241156,10.0168866231351,0.7468813626472789,8.287762911019072,1
4.207240127915301,10.005291913058262,1.2830727284911072,0.28470886261344225,0.7673748032768493,0
27.134117612634824,19.720177049860432,10.881117711149347,0.8737229169391539,10.732546684062408,1
2.9325194073621264,9.294707476274297,0.9151982616077381,0.26186379399849996,0.17203637512736103,0
4.616381250563183,10.136891555015684,0.16846560564544344,0.1407378660270063,0.8705276710781489,0
15.12482514378581,23.679502157235436,7.177985609037464,0.8278236975592865,14.719257966710785,1
1.7462977062139977,9.261685112586457,0.13560288742302395,0.058983856510503835,1.70837357283893,0
2.2872732744401763,9.263884393995424,0.9297448878387453,0.19436617475198759,1.217184173210336,0
4.167003447746948,9.195872336237779,0.06372031795688637,0.08203326902045859,1.8018701786940468,0
29.338697653811124,14.359043092380425,9.672323823097814,0.8706849912290098,9.527666092780755,1
29.15340520415064,19.168941196779297,5.6244072401743175,0.8122088314420405,13.551058377399537,1
1.1240847029473273,9.884656568481619,0.30687405841812065,0.030810507408411323,1.0464654978500854,0
24.43892809724694,12.780232578002595,9.058472679985483,0.7434019486307545,7.7724111976250185,1
20.93503597861447,13.178770457968337,12.978392347787075,0.8486613324232333,8.885194403786828,1
2.665801248364463,10.1711712125723,1.8560403775281145,0.09868119039900569,0.41259422151358827,0
25.20267933841009,18.708795238422702,11.69293424946789,0.9331896357139773,12.101577812672309,1
45.12327428204186,24.903803944974037,14.078084319748863,0.9065102862229952,6.667566487721677,1
26.43779647877284,21.82993715520055,8.14191630548418,0.9936151411167442,12.585231912607082,1
0.5461793209937488,9.077629963635882,0.7983582868472145,0.029977614055119728,0.20709634547596556,0
27.877851408716445,15.528997990689259,14.462002119767345,0.7952790008903116,5.6342132458033065,1
3.185170622813576,9.535417228042709,0.10464295415253244,0.28439447390015765,1.1423939142113393,0
34.27147977106131,14.302567744088364,6.482327522361418,0.8721953261125337,8.665143536856764,1
16.904097813715964,21.255273497317546,5.62967881799577,0.8784019739169702,11.69236777138674,1
21.759453533795195,20.478580008496735,10.465759107914545,0.9945383414213871,13.354058788830622,1
4.057306334987761,9.33446603399466,0.9343120811341112,0.2451963515592092,0.4322703573505815,0
2.4223566218867894,9.264793656079004,1.6062918523150893,0.08194998132347307,1.640958163323819,0
44.13936758820414,17.37526546066901,11.364057677419396,0.7696863782906627,11.49878664448666,1
2.8742665646704895,9.69948369594319,1.2942853586602183,0.13987443835299043,1.2886096814382806,0
44.19951907804163,18.791188434697183,14.034541497377726,0.7428811054617154,11.581894046615252,1
0.8731943236873074,9.11656869300529,1.3992114952744408,0.25953624126240316,1.6148839771890873,0
3.1863828428601866,10.138718460806206,0.4188916436587218,0.02799909231419313,0.7035595321913997,0
1.2068042742353562,10.14314350587258,1.1477384338144114,0.009542210123382822,1.0858326998658796,0
42.74224832403881,20.183129434777058,8.637056144793362,0.7081208059410895,6.165276107187517,1
44.29510040523214,17.42497694751387,12.969455636216576,0.8593699182968785,9.805591247944314,1
4.433192552010999,9.120271937571832,1.8907259568670713,0.023086465082267225,1.9270122304944255,0
46.46840886496099,14.916210943310535,11.042198800928515,0.8299769691067669,8.82771655544029,1
4.636757453316202,9.98148907538863,1.3154373578690504,0.07408160801755141,1.6572469894362476,0
17.826816468825246,20.122060921431192,13.681760527142883,0.9516592693093748,8.727827599418598,1
35.50982262910444,15.692667647613554,11.305095145908144,0.7175969334651314,8.75663065005627,1
2.9501298580443143,9.825426266204008,1.2199534434703203,0.20869248237467705,1.8362179400682839,0
48.12011854862667,14.507392970745649,13.280612984454606,0.9893411799271373,10.341211995687619,1
0.5056102710745197,10.27453897996539,1.5972414684604912,0.1511326301517212,0.6177952045908082,0
4.080542213047226,9.273597179372208,1.4597064939082307,0.19547598008045722,0.11459555056531823,0
3.816581940372603,9.453898560540791,1.9715321411254692,0.15024511292815199,1.0330786506154856,0
4.032773113121343,9.149228422055767,1.1542577823749274,0.01874913587199435,0.3518942805466756,0
3.216500830180542,9.993133015638715,0.3085772297161937,0.14987599593656767,1.5809548982837138,0
3.3774481030480734,9.54987880192567,0.9631923468765551,0.17034386275518862,1.3724846598145533,0
2.7046812159903757,9.109127287914948,1.2076467444563668,0.29790733205088227,1.9282498640401673,0
45.512160318508286,12.433293307507773,11.894014912362522,0.8662561939412062,14.398158431472485,1
34.05586254063745,14.318914508867365,13.337883312986419,0.9331479088779487,12.557695057372499,1
27.73402920134039,22.200729187396174,11.833407532817237,0.7234878331426786,10.57976850286288,1
39.69553030225802,24.637400462710133,5.4360036531871625,0.7281486703501254,6.236367673380139,1
17.801030056009488,21.998746048584294,11.856430729760769,0.9402836795550674,7.668149226683236,1
1.8098449126787286,9.529810871130696,1.5138527752549609,0.23401252375102943,0.02879754506563903,0
4.876910418759963,10.07202208435089,0.16083428697955715,0.1764573559206427,0.03424907964669499,0
0.9604349117801209,9.844470090902922,0.735632502162072,0.15173336251381855,1.2415156835667878,0
29.164902021961236,24.828872093044858,9.356986405492716,0.9246361413466875,5.569735256053708,1
0.5854358367742235,9.838364680311045,0.6009411890563912,0.29922791387579334,0.811801638661428,0
1.5664385865945012,9.135915781307089,0.6943009420348114,0.047698870634830394,1.9318884082668666,0
3.9804284813478747,9.324919502199275,1.8086146101409402,0.23740215096406028,0.6662447284866475,0
0.3201296657150615,10.32857871799882,0.6211670571108634,0.16953668530218638,0.539377166544782,0
0.4933742833055549,9.418910091150051,0.21857487590593316,0.07700184795769804,1.6753476372176168,0
3.6220766316102155,10.189714057800455,0.46857481897938325,0.11115194802056837,0.7640662319605454,0
36.68773885314103,18.51868568274602,8.739350261713895,0.7671292061223095,10.574116576468949,1
40.029741606037035,14.49502872642047,11.333540406593485,0.8291592129211232,8.191671643306721,1
3.3521692203137095,9.967563018361188,0.44330934987423354,0.04307726948494469,1.9572565124641172,0
24.89477244295759,19.691267002567976,8.843001601101381,0.8825663442507026,6.597506310444347,1
4.526124617649701,9.593231289280384,1.1283590558589194,0.26769211420263617,1.9876961257107688,0
0.39943328938796596,9.690620967856358,0.7925419214842617,0.24727237483535336,1.8005942380568685,0
3.7318045413173477,9.41988522899883,1.2796357191970533,0.09487453254458227,0.9012964922018494,0
22.474986702035388,20.562893092960458,14.269875331045009,0.783974070908833,11.768906165888243,1
34.759709941211625,24.011709857757225,6.016121517012132,0.766192251927029,12.663479638310559,1
3.834928243077687,9.190285535566373,1.7400298811814494,0.25281488532906776,1.454776053005783,0
43.3297888193615,18.763179365932526,5.3537921517332,0.7845853015824102,11.391406559794213,1
0.3102380718064085,10.064242307207465,0.1366170416977861,0.17615590076660462,1.1951065717905873,0
1.1753670528204263,9.992104488790051,1.146590374940297,0.10057437027936754,0.6873291226479543,0
46.18667744241543,12.783323379107848,13.932877678525328,0.7719029525833822,5.779502495963475,1
27.776794427589678,15.685088178099296,5.856966631570594,0.7804614056567502,8.212013486930651,1
49.400525220353884,20.332521789849757,13.443506728467113,0.8247333045915141,8.539558871448177,1
4.381015205207409,9.925088923964068,1.1969585756334378,0.038857838026265114,1.4447984977831354,0
3.780539501716647,9.252105247526842,1.773729658783195,0.1767049771335564,1.3585743665449663,0
3.586854466853449,10.314916455821832,1.6816898782652052,0.23580758161484064,0.027575409089101832,0
0.34609333704694045,10.076784687727399,0.2954918175483956,0.08553777211825342,1.7621620111077843,0
3.2013947263858626,9.623882907044145,1.3572477134805567,0.16468485301399186,0.5514726132710646,0
39.99440764746552,23.437162950797735,12.718833610647238,0.9780033101486545,14.859534755428703,1
1.5155188690097365,9.773561950851956,1.2906232650717762,0.28959367986403944,1.6661289797761953,0
4.714873599967618,10.009127546759071,1.5798195009310492,0.09934720104730926,0.9208434201535156,0
1.9201229098814498,9.69237749859322,0.5436688480498095,0.08223982764401001,0.12374352178349679,0
1.670853288772307,9.394594013012508,1.6769196770621373,0.05845072746018598,1.064248930677949,0
42.000884859825774,18.490107090241782,8.538813513539305,0.9800309771598859,5.54269773716554,1
21.44162706796801,22.696545190970966,7.158918232336667,0.9025919870719078,10.06496001472522,1
2.4235137933846262,9.635242558241803,1.038974063481249,0.04853572034452428,0.21742347855396504,0
26.960201485698427,14.40997769421147,6.783282494554149,0.8755983559150717,10.469212946240454,1
1.535209627449627,9.146183920867088,1.7935647373261012,0.17997337878717437,1.3954959993617033,0
23.849363598799854,21.36749487816143,12.934329588249408,0.8115206425415658,12.900768168683062,1
19.826177209746742,13.144533100156105,12.204403138421108,0.9111905100413079,12.001621248132707,1
2.7951012681775915,9.92096821100786,1.8603812548443015,0.19666110943141984,1.294952233319672,0
4.781655999519702,9.223101499623573,1.528002912055684,0.18986577000612384,1.633792074543975,0
2.6015848695535597,9.104325772110698,0.3699191748046793,0.2738889245754541,0.23848636308468696,0
2.338017572592225,9.102073582507446,0.41905880324503086,0.002421928445352872,1.55342905025681,0
28.167594223677472,16.589402194012163,9.461180792696652,0.7301478532732946,8.873470245880549,1
4.809714835263682,9.155367827206192,0.24314604032148557,0.2105276955836829,1.334414110043099,0
4.297574900580376,9.577505329200388,1.9497053612134134,0.036139610859078,1.8893437695704753,0
26.88327302658491,14.441936750949084,10.269412250360329,0.9060539612115178,9.909215784782912,1
21.153404398055507,16.46364347907151,10.612293405388602,0.9039427857534889,13.718758677945942,1
2.245881980781672,9.952528605107812,0.3811885411452758,0.17339658340883143,1.067297236235374,0
29.93169061796636,23.45816235144816,6.502915048791947,0.965739456364603,14.922130237361666,1
40.76240422080437,15.593221532370979,13.725684612518537,0.9064750495217027,8.45764217821538,1
2.9564985158558814,10.44180163232517,0.6655291984790681,0.16245122474482282,1.6266570618673941,0
36.29149210665726,19.100762493198136,6.9922744379002015,0.8230616034917864,10.319854954775458,1
4.875611426454195,9.063703742920506,0.8964574333190891,0.19079455533876014,0.016854915124250303,0
26.94594135110824,14.971437000842831,11.254419968060112,0.7118652188008765,6.77436784273416,1
41.376487604656084,16.804083603518034,10.750257879383248,0.7810984809296151,6.729688761040997,1
0.1501132267234362,9.465805163029291,1.6119675896566534,0.13699971412300185,0.29988264455166913,0
31.452750876032948,16.22153732263661,6.43508825360488,0.8063696377342002,11.651986162138652,1
2.8126514877819098,10.264339010920345,1.5214570941111605,0.19834989278033296,0.9937774966051645,0
1.6016396363626266,9.821568358942391,1.2133240568304384,0.14172901163539198,1.8222843071155743,0
48.65872281445464,16.863363584587066,10.427232987049766,0.9553733150090755,8.339994199500147,1
22.40327939291197,24.382902634803926,9.09812518651732,0.9629816315976256,13.180796836662315,1
4.2355661174546,10.406569925479463,0.8516206192665097,0.27958621450605464,0.3229181897155091,0
1.2496183048654652,9.470280541215242,1.057818475155649,0.0835817355394148,1.6490599331738225,0
43.94221280032333,23.23160033644015,10.695709030874186,0.9600838043103641,10.100302088032546,1
4.294160856258862,9.07426420329625,0.7972388278481586,0.007988274135067351,1.6789547893992693,0
0.9616618481973843,9.22257804524946,0.5861610891828752,0.009633438683346407,1.4868457961738395,0
26.335473353775917,16.250054151480512,12.88579216919303,0.9133346796480021,8.19214107346533,1
48.08313137043542,17.00830376712608,14.385920633819312,0.7822637615112031,7.18067635571932,1
34.87370567756148,14.115343650084881,5.695353595900165,0.865784974294548,9.67989123255224,1
4.234439538254876,9.991628200753482,1.652427423901227,0.06250270930291432,0.7758252607742571,0
25.70869461161641,22.087348510221414,11.525196570085134,0.9969183351262275,7.039927074112276,1
4.899904031875433,9.230232835694636,1.8538413846317798,0.15670918435257084,1.286436061460116,0
35.62008622540456,15.973995293997254,6.322124565182763,0.795212691319962,8.8123131168385,1
1.4554363249711515,10.391931273587673,0.17547059750606264,0.13779613860594053,1.8949363407547217,0
0.7282867171372637,9.707776582867217,0.7412060243000229,0.16838419221406525,1.8941486193259784,0
3.9305414887911883,9.485804651855718,1.3355637980604147,0.10727843315958403,0.9286608827925253,0
4.383712552556858,9.668272423123826,0.49244070647307314,0.0676033350752627,0.06797683351875095,0
3.0233717808439593,9.283636566538354,0.11959868385219763,0.2691293793619216,1.0686288395707917,0
19.28194829724665,17.74403140364722,5.471395736287327,0.8552868478040365,12.957097190713888,1
0.7221154313224926,9.950233427756563,0.8097312484351988,0.13942313528983952,1.6028608124906343,0
27.687021942026664,13.669592621586402,6.0175475636221885,0.979633455635674,6.899782471849774,1
38.924261097016256,22.405200276689772,6.838666414479411,0.8056839679942609,6.258832389562611,1
18.22096936583497,14.732057042093302,9.74392920735064,0.7865443126701184,9.53472237531545,1
4.790920779877842,10.336277081038775,1.9880180561239664,0.12504906745921346,0.09313697254750308,0
1.247689264855193,9.641117458810998,0.9096133753653195,0.08891316143311447,1.9913701783860778,0
22.312223719328077,13.18622434968703,9.11215809482479,0.8053676213122465,10.375177369454924,1
32.51301194682647,12.610952982937041,7.806463914088157,0.8104037227699947,11.254702254193298,1
4.784993365698988,9.860884540304475,0.3174983865427772,0.15526254160317274,0.7915678943828324,0
0.9372755958548562,9.754688093447987,1.4799575529998505,0.0818331101776132,1.6488984762714245,0
17.748469205712414,23.564988083076738,11.163796046156383,0.7948321165383494,5.456423995273103,1
3.4370790188551044,9.632850005190276,1.8569126432370815,0.13933817454971917,0.061805634935189424,0
4.8243697283975315,9.041613340158959,1.432066469882655,0.06644845569865214,1.402785532572145,0
1.0326028280269905,9.005661944733184,1.9610047940027364,0.28149590949080106,0.5482879881503857,0
4.003411782132073,9.447439017646165,0.9864228791439782,0.2363532790791049,0.9898873254134362,0
1.9600950558324604,9.721035032362188,0.8894673008433442,0.15938586689080647,1.196336943771507,0
38.59655937830293,20.40090586172083,11.1667560293002,0.7800856022611578,7.670897771755682,1
2.7277030428054676,9.131094264032573,0.8855340720738607,0.07727470729584897,1.8738068991652952,0
3.2672172930540007,9.835734629430355,0.1290802089640708,0.18652505907920344,1.627806944544987,0
3.5400149982288505,9.313603773639256,0.5440773131631247,0.05008041860860859,0.36812747440279936,0
19.284955449447242,16.921369052458775,7.613670924884023,0.8083490206813297,9.926955815009496,1
26.433968762648217,23.22833367513452,7.109574350369108,0.9646905374238558,11.64092453003429,1
2.5393860792781124,9.973034676824833,1.1292522624268322,0.10969483385766778,1.2843994160114967,0
36.774757638176666,12.41082802358239,8.541637884126093,0.8037558678708572,10.420856822599056,1
41.57226941995658,13.473863058322594,14.90564874891695,0.8818503104005286,8.6319379261233,1
4.931074066940578,9.230217250604685,0.06766954840072081,0.22365418522388947,0.8775748663797442,0
28.58533008311404,15.720276375034596,12.056372943682398,0.8077562660249695,6.907164040412392,1
28.434216975301144,24.21865265516398,14.802516574758354,0.9519702797535262,14.90414091012125,1
16.741382699477512,13.657114612208137,6.164547558586031,0.7263502945037021,11.613426119979923,1
17.921254915492185,15.517250187313248,13.219526168471557,0.9241477665465554,10.012467549912891,1
35.301703076773066,24.26758033544516,7.323677242396486,0.7176168803122994,11.534950697145431,1
4.719392258047908,9.717246400984173,0.8661745646526822,0.1350158437193442,0.7194572405505921,0
17.36496876531985,12.573432073430048,9.272719065033527,0.7291479230371569,12.446482409555752,1
2.9859161473892226,10.318842123770413,0.986791656052149,0.04949237418151899,0.2322546287319378,0
1.1430954822017942,9.967085234443049,0.2604558927170726,0.2582131569890965,1.3296718127374694,0
4.465925914620769,9.008644434910709,1.4838069610543894,0.1646814342484917,1.1463588675168395,0
3.5778580510123414,9.80731333046972,1.8657501594802492,0.0715877846137816,0.6205053725009815,0
3.476058349236788,9.513168701146249,0.6404394873328374,0.2353013934811519,0.10617603470593107,0
2.0539849927217357,9.770066974925973,0.13020938500982648,0.15295863853340022,1.9184758093668022,0
1.806993243533364,10.35880125889663,1.987476576648774,0.12655619009684502,0.3336930911873157,0
30.85154551539847,12.038142751434794,8.492322909091369,0.7214320901826471,12.438247703851323,1
24.129407927587742,17.135572789048005,13.398165838040136,0.8900148011817133,6.664180482447235,1
3.2974874522943387,10.361883806125382,0.46923191385046614,0.1623300155182254,1.075982841066642,0
3.4443946201546822,9.213523455982754,0.7968711582193624,0.09256797735735608,1.380019905373915,0
4.882353364240996,9.322272764280402,1.8700615466716,0.0615763027892825,1.862590454768969,0
3.1191071537590984,9.359550795502013,0.019713659860402855,0.1364288748424198,0.14281242251650905,0
2.1135351126516726,9.996163335724543,1.5367361371815262,0.0987533067603364,1.8487279233713796,0
31.525185267807284,12.33479247386615,12.711104111750895,0.7246519943862674,11.415532922588643,1
1.2970687554288718,10.017500744563787,1.2034085693111396,0.05014406249793289,1.7690019265303176,0
1.1569369719392153,9.585339296798685,1.3906330036022228,0.107448936555362,0.3248295511153996,0
16.45009361449528,16.398241513747898,6.507354834807833,0.8900553870861474,11.740678940177103,1
2.5640747705330327,10.037014724233865,0.6341504007884415,0.1945909612117255,0.9194190128830566,0
43.652476598845155,22.901262355699828,12.249394406104555,0.7741592867619693,12.201869343191708,1
15.069494042629646,23.75742600197094,14.421100518022063,0.7282334462994003,9.87053618282248,1
42.44597403858764,23.173464262551235,11.04440916341894,0.8286484029120658,13.453164795991858,1
1.3340318046359045,9.713139064458279,0.8395639240442969,0.09923933838011258,0.21175523529682416,0
26.87405057070613,18.70320371905642,6.690939569516098,0.9418530040221477,6.455294617147675,1
2.327657406999593,9.225414136257253,0.838099499956102,0.03982158930947923,0.22896563781307178,0
49.66510943993852,20.204862760762662,12.934440426487008,0.7043466058477865,13.803644095245726,1
21.17647193469798,15.457436396177583,14.410761111434157,0.8332135743339443,12.890509430486556,1
2.984183559979709,9.86907462568711,1.3182644076824128,0.25680094974865453,1.4638122515419287,0
3.367340358600897,9.760886326212045,1.7627566539430723,0.011789385836374776,1.2988150389994604,0
38.310820463306555,16.54174763457682,8.043193475254391,0.8930263195892764,9.325612408464108,1
32.018052835881605,22.703847252262356,12.695775233412443,0.8988263774541396,13.968121433503336,1
2.0648329638232,10.343027800818392,0.719035384245081,0.08621978199583741,0.7036144414202756,0
4.474217688464932,9.896465813526174,1.0152539136624898,0.23498404299970024,0.5339724063583466,0
19.375892462196276,24.719890926786242,9.545754588936472,0.9466514022276443,12.686478356499837,1
1.38644951683897,9.36014302187186,0.6019737076535403,0.08971623316219574,1.1179367420952269,0
4.784343799239444,10.352234294764044,0.2299044449473322,0.1108657262018463,0.7286455143951995,0
0.06829519190363731,10.406726979295426,0.8903538434516123,0.156323706885299,1.976824471679056,0
31.485661850653884,20.610297179952298,14.566620807447695,0.8766093860843175,5.650384597211932,1
1.7319124189299073,9.547476102270961,1.9583616792243903,0.10822665119164458,0.21737861843676098,0
45.61385086038869,15.904480167270949,8.05451273354593,0.8161638988006984,14.664786729045225,1
3.21431282232568,9.918598778637772,0.3195387549619082,0.13692462442462663,0.015328039954116912,0
19.527472817432432,13.876881473778067,12.58740890949186,0.7434764657014409,7.604215685346366,1
25.265064183240753,21.91303295617376,12.55732319181729,0.8409346450719527,12.175089524159795,1
3.0604378451173764,9.962927356356458,1.4985162306918576,0.15620702626321534,1.020672090883372,0
38.478363451411525,16.431128140590896,12.243295709071344,0.7961275307902359,8.975388299587856,1
1.8007784477788618,9.810469901561447,0.8119695316538431,0.25102025476579826,0.14626047949092147,0
4.055753855989267,10.479978532162129,1.2295495036396515,0.27263779297500407,0.7185094994406953,0
45.499132699915705,23.652462953751012,11.506193044021959,0.9318573141124296,11.129475283544885,1
4.291805511961793,10.325412246763575,0.2130630486332019,0.2482463239598692,0.5484867038522006,0
0.9259171905057184,10.363221064839472,0.8220488013307854,0.25498886348755306,0.49847308905763343,0
18.524626955932515,22.568143623702078,14.969510919624106,0.9364772929537376,9.737365200288814,1
3.1987193974167294,9.641565176203182,0.09358370153588247,0.1510597877690108,0.13182729340784172,0
0.566263040640837,9.199611194938251,0.35069982171384484,0.2398155974865589,0.9563731506847588,0
4.113662044957348,10.232618472807351,0.5685550953813117,0.07912385858304799,1.042795375805357,0
3.979361799378804,9.939125478561653,1.8453146782492027,0.16417504531439636,0.12479080648610674,0
44.06034773610289,15.482643149819296,8.432821258872107,0.7596462072552262,10.070797990727135,1
1.1269601631183974,9.228207306453287,1.2906110771265018,0.17658382407470463,0.008677714812568516,0
2.8845295177243493,9.115505238759324,1.5073917852695085,0.272828459696702,1.0210378954597998,0
39.16329631202326,21.07332398261201,6.3022346551959005,0.8995269351931015,8.335671816803696,1
2.913389373584137,10.263262671816685,0.5923254605215014,0.2691511498790581,1.240763899531264,0
18.712882673825348,14.696967365027804,10.158821183296709,0.8389523800067273,14.888589747340482,1
2.5490404042391326,9.990552584456081,1.9954888420137011,0.044089752302562346,1.4734582974668113,0
4.5658739223653955,10.062771382888258,1.354966430934661,0.21782317951162886,1.3192812215517764,0
0.6865127083943046,9.901756392910238,1.0366292798841497,0.050569539184033376,0.2587184565432996,0
2.832366714213846,9.02917115621718,0.4716045678717331,0.24105418276496968,0.4849733861684373,0
16.667433019445827,19.147908574959473,14.944256888941776,0.8026948602914055,8.443748164053439,1
37.14361446799154,18.330607253363706,14.473380453983129,0.8565642181055522,7.095978831281879,1
32.27306477126744,20.76672656424182,13.162703974314898,0.9057446299365303,11.161142358305238,1
47.55091396362036,17.749337964173584,5.477511821184299,0.7919665205877879,7.471226544212781,1
47.513273441218,12.297413287884744,14.212711826193035,0.8767548977836188,12.747421165128813,1
38.1219301351165,18.767730846689407,11.11104073109803,0.943148293461127,12.841967786883814,1
2.2801465179933804,10.012278622079023,1.3748814549256814,0.2623506276848033,1.3298505012928186,0
21.185963748851034,18.15205386104152,9.36544307961523,0.8551532144315549,13.079472338769499,1
1.8702674726126833,9.747000359756617,1.2312997965797217,0.287410355906883,0.6615756404140125,0
34.73879105297861,17.947678572395212,11.403802828140961,0.9171181208651725,7.257669428311906,1
2.5363988227461447,9.077412531225793,0.6424325977927245,0.18618080327819736,1.6821138720615092,0
31.026468397676847,14.099250479190765,12.044144146346648,0.8715314725502954,7.701138069779352,1
46.452251413547145,22.366626681498882,14.014696613070951,0.764274354682622,11.68150432116208,1
4.2192728348975725,10.381528521001345,0.745405167508878,0.16450662522337758,1.6803325909868012,0
4.260183086408808,10.26132872565633,0.20936020807556655,0.28495076453137724,0.36491497330298195,0
19.512769971270068,14.011861817421927,7.90907187382892,0.7224221371565658,7.430318123242156,1
21.45284094600398,16.96986220088802,8.771075883381082,0.7713810045164193,13.763120495828826,1
24.747405870242982,15.142874122765436,8.932612390663733,0.7261695273516675,11.691292265562064,1
24.719882966793175,21.10595759358701,9.117495290112663,0.7948953511032003,14.390576587903311,1
38.31072899653775,24.064784623457342,5.705864894479388,0.9860060778650866,14.102012835620345,1
4.321180849655905,10.150624330843936,1.3619990283201044,0.13713089779274804,1.015507969265207,0
46.59363528788877,13.420908200022035,8.988782651393395,0.9289005332976126,13.88583116890738,1
24.205883150959856,16.7720448567059,8.933168111187051,0.7353658198864015,7.258213545347888,1
3.547104413346755,9.625938806601983,1.8292588751349086,0.12234926530001572,0.8919207511253322,0
1.6337619468918736,9.18978325725541,0.4530073108897916,0.06981156268173708,1.970408429746606,0
43.134390753017215,13.392463974795309,12.602111269228912,0.9142034629830202,7.41782327783106,1
0.6580277473417462,9.665611169294603,1.2643303296798485,0.1663484268464966,1.9552581966054858,0
1.6304398989004403,10.464721668760427,1.7616413385927003,0.26189264893772657,0.7975351810415399,0
29.205768771026545,24.811740486442524,6.417081095343464,0.7889537054910152,6.707269317424707,1
2.432133696860872,10.452832363627795,0.509722022805049,0.2977136974293673,0.4448493639442981,0
42.546254476834676,13.3187654615432,12.737524712106747,0.772885600051848,7.808125471832375,1
2.480240758580506,9.502031928804595,1.3153112180374464,0.054682675249713465,0.7878246495027057,0
43.95317854814499,17.433481937872948,6.756556934911625,0.8050354238383375,7.4613111171822535,1
30.539843290222525,19.130486960352215,13.798721705950927,0.9451720727532917,13.879814494285128,1
1.7186236191408022,10.154600103861066,0.2592174819083295,0.17134101283840805,0.5509059444929478,0
0.7096951202913065,9.535624151570854,0.1356467439423774,0.07176936583797906,1.312801706427093,0
1.3743344919418115,10.379037098277625,0.8744402553164026,0.28235412280478006,0.7849033777245336,0
2.5622501941673077,9.981881335309076,0.9138191641692377,0.11683464288786352,0.9088256345873345,0
45.97886011878401,14.436041401249478,8.991824959691026,0.9506529783638415,10.778778532500544,1
0.24645335326222262,9.569383005508952,0.34808495815426976,0.006690115806196195,0.7141789955319318,0
4.676344205477158,9.71274357656684,0.1286505669648963,0.09645897075421236,0.7028252822599337,0
21.549600144786318,18.027869499936934,10.049114154418078,0.8064470140129978,11.9549907904532,1
3.145307023463389,9.09272856451713,0.163052183744109,0.0028731888390366445,1.1318552890906612,0
1.5268579516732057,10.034416529802437,0.502742258481002,0.28996331714386125,1.6447242381654257,0
29.853692296534945,22.949563334230508,7.548490544752042,0.9991411046090026,8.552618131385284,1
4.651599083919309,9.45984182149393,1.6866656429091866,0.20413135356202924,1.7066492322557825,0
1.9393613361323396,10.285008137931626,1.47781182294814,0.04637726998311703,1.2154163347482028,0
49.86343330271465,21.644023940380464,11.14522652780029,0.9483734141300547,9.420303387721702,1
0.7912977990515985,9.184956308382066,0.5386329902115459,0.28568263510397496,1.4956484223699327,0
3.516240693666221,10.31267503936661,1.8879216706476296,0.03073615385433832,1.2018099719956297,0
1.094892254921191,9.881784623998412,1.4004200299804452,0.24766934680361447,0.8139420608560142,0
3.7960649022162505,9.923183177808033,1.430243356460737,0.205583446360918,0.26862459955837337,0
28.102316177166475,22.660751269670634,5.258670817254202,0.7308237731618262,11.61373736375361,1
0.27992050913669964,10.02633589620956,1.2506369416321041,0.20272902550864108,0.5223593081171596,0
31.644555834379776,14.782011722252413,12.733086427256216,0.7961053824620883,6.751107692938576,1
22.182832197590752,20.745274667647365,6.36772503200153,0.7068436875624109,13.634945328451202,1
48.99218064166393,13.892309220472107,5.406947723470284,0.7098952181363807,9.648703705992272,1
43.00141131822672,21.9780549053662,9.998206595750823,0.9462414696118436,9.126525384418517,1
41.82936796189058,19.566401957122252,14.14944628847511,0.809452196130257,14.827149920671255,1
2.307714334629549,10.485369500075214,1.0087956596609402,0.00959586162110011,1.2529357381637882,0
35.2639382405686,22.425249816662827,10.610387252230726,0.71914407712164,11.934472408983115,1
22.39414735593953,22.39709966301504,8.097600500091716,0.7937086968312581,12.555874409777282,1
49.17256848709571,13.531697084059147,6.427076692139185,0.810661119010294,13.362191377553202,1
4.647448186636366,9.100578910423858,0.6079331675249813,0.19573919490239,0.6309060056895783,0
4.020705112073229,10.386383589657001,1.5191443843138237,0.13172507280899504,1.0086699549933276,0
16.112169184835736,20.474101586298524,9.956592463138698,0.9813686479641746,14.021388646939851,1
38.96350816017164,15.455991939526779,11.67378639540825,0.9773120141729948,14.184359876671188,1
4.199895935061317,10.41331481418309,1.1410753824975879,0.047746273824053075,0.3111267862804288,0
19.067135204906098,12.653079690350893,12.541032479507564,0.7707528996829826,5.242529360432551,1
25.195878720963353,23.359616132080504,6.003304276171947,0.8805753034110192,11.483252173595336,1
0.411218386256032,9.83255554583549,0.29282397581633335,0.05870675207412581,0.7861557665333974,0
33.54889076994451,20.125913787904242,13.451219449167624,0.9730030963181067,9.625812849013679,1
45.11577574832202,22.611018219612912,12.659916396919384,0.7928117087389397,13.228817855407875,1
4.450504300162539,10.428219292815287,1.8803386381165736,0.2428390956849103,1.7784845071676056,0
1.3630678075966485,10.361348939004525,1.8078581056921765,0.27710281350321386,0.9923068785683875,0
21.44642877039914,17.765001276284607,9.117474438166202,0.7144188531918231,13.3049794510275,1
41.38332581194307,12.960597887775942,10.234983842885423,0.7366940452251235,7.933234764366764,1
2.9132127329309307,10.289864862637787,0.6988310934371935,0.015024706260771303,1.4997107907963254,0
1.169216277980648,9.340344509934335,0.9298492942316956,0.002642702218054893,1.0627015092227323,0
1.1668581573183419,9.284343185722966,1.346407025482933,0.12860351993260263,0.912523327028455,0
4.109249651980945,9.463535409084278,1.7812336625336245,0.2824021053699513,0.9915848465980788,0
1.8887259592946248,9.519441843042594,0.6111132683220273,0.20215004820774898,1.1248368108659517,0
2.312925355196378,9.143768080027249,1.5937859294119996,0.05248006882523676,0.22912408679209628,0
0.4175533875318005,9.668007709754352,1.3538673275048785,0.22547123008619324,0.797454649437207,0
27.69751080454489,14.493462291249646,11.317956208047733,0.9662665902839066,11.462727180159138,1
2.2679766834351356,9.869277742333388,1.432852773312133,0.10479013273085422,1.5984761999525718,0
30.089886074062093,23.754863316651736,11.215672344817076,0.9610146298245081,5.393765304378354,1
0.29911558508780134,9.731418529609613,0.33713969084302975,0.18892474880431898,0.8900911552898492,0
29.183621476723722,19.40373034048985,10.19167688884562,0.7117568179111406,5.986720980854134,1
15.49571219220293,17.244433695049832,11.17080455587971,0.7067824853347489,7.158419025240547,1
0.34948028705435064,9.7278213562074,0.6475511585305389,0.2549817932267239,1.4155783138198066,0
4.995634445787486,10.330378931620979,0.1173216632009797,0.03836473932489757,0.9888066426986544,0
33.907317726566816,12.672975952246846,11.685228650359667,0.781941962681515,5.196939221788205,1
0.03163076778075091,9.723774593465894,1.0396102945219818,0.18171112230347966,1.940199448813009,0
45.86038342447971,23.63297086199691,7.890080443409515,0.7454409670781075,11.392625620879237,1
34.76550868493419,14.999372927904405,5.62657986304611,0.8160007853725568,11.476424977867588,1
2.8697308986087684,9.661127584998942,0.9255741397777406,0.28631436809373484,0.27689201880047865,0
15.733087345614678,15.87640986315264,5.509566536785336,0.9986517614588679,9.278440045837762,1
27.036612020408135,23.33177208258637,10.052245503229951,0.7720716184233455,8.845267170265323,1
2.3124458232535323,9.027799089344567,1.195675000256169,0.009499739142221441,1.0784049754791862,0
23.97348596520086,12.989987613908829,5.317333616738007,0.881850527993435,8.115736716735894,1
3.4014862708243365,9.228410798103825,1.1207713083722066,0.0506798785448138,0.3095237537139992,0
43.96828084683706,16.868188045062112,8.983699808271085,0.7501415085334768,14.163458535949664,1
4.589098318823315,9.830740229067732,0.09769153324685886,0.1769091824031332,0.18030679902879565,0
4.149996967974123,9.2660501563296,0.44062186892350463,0.0944184721187445,1.576358065000115,0
1.459319530359216,9.235911928104047,1.0988442656964978,0.155776506471121,0.8992391768576751,0
43.065798318425024,12.90490183840107,11.18892231138475,0.7107206367640674,10.263323509795178,1
4.013701465228262,10.457636816059381,0.08737048398118397,0.2979365670174374,0.5082084527141688,0
3.299855022793388,9.01066162063179,0.5311703946953552,0.27173177331611215,1.2868910419354895,0
42.647928189178856,16.01996368063779,14.4848022134876,0.9883162580279063,9.15053555756744,1
2.2173285787838894,9.963447185054056,0.6225138457733921,0.023909976994276706,1.4170650537863267,0
1.156735738980856,10.193413288765408,1.0684952421539649,0.06644106334167345,0.10207594816799204,0
32.87013695446001,15.803646109123664,8.554425871761966,0.8566387880754356,10.299894378050087,1
38.47246965659649,21.003019739426357,6.423009244992435,0.8598728619737743,11.092593482272932,1
49.70882278908919,17.26257106867981,6.065906145798293,0.9464512646222029,7.122012188804182,1
0.05072076540351966,9.04786481354621,0.11104119062123585,0.16144056776982998,0.6721763924750424,0
0.9883954211784102,10.146939416526589,1.5397672159542615,0.245246468157293,1.682310473095185,0
34.06469960037051,17.010931967475855,9.358048325076483,0.9515504018631644,10.632735581235469,1
3.9474868841373603,9.644198739849305,0.25459082800752086,0.03579357405509027,0.32981348769340024,0
0.044741369446285595,9.139315784241711,0.568648983421085,0.027648852509493303,1.787924450990803,0
22.322261884660662,24.013171689093507,11.673503789712827,0.9691383375007584,10.540098543941463,1
45.712074500926086,23.199146969657697,11.71703255443728,0.7004817841718934,9.295170503296527,1
47.26565721742405,24.088264291544604,11.642497838951815,0.702326283451949,6.04411214753941,1
1.8466497616735889,9.34322487801521,0.6775762175105016,0.18518779635481855,0.13292380536545512,0
1.4470876171020013,9.311417048352665,1.5290640597149516,0.28063684668179284,0.1056113598328774,0
19.138240013090815,19.37747047437533,14.523605614244094,0.8627538697116445,11.866347557859715,1
1.0867443978540643,9.16093641973792,1.2307259401827366,0.24668276745702972,1.1640871569611464,0
44.27550127986637,18.312146113144557,8.190693263728715,0.9028717669272621,9.921999781194152,1
0.9911896278851468,9.043252764118487,1.8215213714939298,0.26724161211037023,0.4369676544629837,0
1.6496681439868977,9.17705711295893,1.2427473906228974,0.1364965902935989,1.8433984668612358,0
1.6310430663687203,9.32151834009551,1.9975608114974472,0.2012946697155705,0.8113429057594876,0
1.7756792753439488,10.17563945399636,0.966593158489554,0.21456105326543043,1.1044542935703408,0
2.1973286965697474,9.44391563198924,0.6968986680029157,0.15587581589013713,1.8734031290142545,0
35.1583574727091,24.45276872155469,8.694555621546009,0.7171151366133919,12.806683833055846,1
3.7550608637755505,9.338871575814387,0.20019902569450654,0.11533829677613683,1.8363450864881485,0
2.8944321468509644,9.656235765557412,1.07938888865839,0.032386479094379535,1.3916802077198427,0
48.899554203456944,18.52073499945368,6.672149158426884,0.9048851199408594,12.567913427452954,1
31.300833297929685,18.019013246753744,14.647739192287702,0.8979566914448645,6.686595582470898,1
38.68618437720008,12.214967716511717,6.224353038484858,0.7487771667343737,12.556758890720989,1
47.95461292633855,13.71174288574559,7.34255256809162,0.8326200874497522,13.321292582325583,1
28.20130657209723,16.32948443271162,14.649448154923828,0.9315920232126936,5.201959407735294,1
1.762438408115492,9.454613050250426,0.49819789940622616,0.22574581796272267,0.06798210180076247,0
36.57913412023136,15.586051626939867,9.456749786574179,0.7635670467141206,5.5057868516673745,1
2.9056683684509665,10.01317731525245,1.2682839922086495,0.10720421107866682,0.9967956692272724,0
17.69073746487438,18.01520784932118,12.069320298023236,0.8742290809951567,9.94894607373747,1
1.2549487616857202,9.062460527304033,1.0008011849468192,0.2677446130687459,1.6385690982842755,0
35.13386340325886,15.499032908948559,10.011529628112838,0.9888336063055498,5.2049152914519405,1
34.121299949983566,13.038867967573674,14.22240653725179,0.9154650485472469,13.012823584867418,1
4.387159744782153,9.493976895375479,1.6579078686132591,0.11346576506983387,0.5055035449224099,0
1.7081686143658485,9.427858683573701,1.926691881694126,0.05550068913241951,1.6123932233392395,0
41.51208602288061,12.091923212394052,9.966668199601651,0.9212360414854346,12.828270199584491,1
3.3520341075573468,9.0875659259305,0.17457759534777395,0.25344791436876096,0.8859103740318559,0
25.506325816664543,17.62346878462048,14.609586850621426,0.7095124227674686,10.915217678953557,1
20.30575049393538,19.42007044931646,5.887439007047671,0.773396191132842,14.098603467206404,1
42.40391750800396,13.222845637485285,5.120499223868679,0.9443685494798975,12.122943875664891,1
41.084704458071855,19.792337305588834,10.5324942594663,0.8807126520484282,12.32191372523409,1
41.414814252524806,20.699488054499305,13.114452100924915,0.9363065206752976,6.532319700332268,1
16.12751878276918,19.106186819378145,14.893806264604754,0.8488673243567393,13.643036826016923,1
4.134610764842,9.468890401016615,0.1003575538327266,0.14477893148375015,1.8274342876973435,0
16.476023218271177,18.093207894578782,13.434753316411339,0.9793972816344145,11.586530034612757,1
2.1253733238150985,9.185030419768607,1.8215484882747097,0.08278749772601489,0.44857407298591867,0
20.570023278465104,22.96959911720517,5.446138801039046,0.7802332363711987,10.199161471457291,1
0.9589893291135482,9.876645654834858,0.30263292363209104,0.26515074207939815,0.37628937570577037,0
2.309700977504747,9.82948990841149,0.6230600823079655,0.27220464320525717,1.594563624922954,0
3.50076789368287,9.953866291450055,0.23431216623940654,0.18679180581078342,1.101405355962192,0
3.7088799432246624,10.19592845981145,1.1942283523333839,0.19559511310143518,0.6979215292127856,0
0.10786888203158373,10.009338359359315,1.2170274676819544,0.19397348413734505,0.43657177954148296,0
16.80061735266799,23.057280519948538,5.755892327026516,0.81799337883672,5.942256567849157,1
28.92096499142628,15.817018148544557,8.158193796513055,0.7621849917547221,9.115053353219349,1
39.503024439749204,22.878508028470893,7.737425710874951,0.755927513740552,5.752518619854801,1
4.166474857602033,10.021068180920071,1.8246033111309672,0.04176563805521306,0.35262954837383065,0
0.07722553777737617,10.366093601780179,1.3531437900011374,0.09984411529043152,1.7623965201120464,0
23.623479476240878,19.886188024685385,14.851693310515357,0.8552963836550118,9.256852391184339,1
49.3015026485415,21.794579758761465,6.05483866928298,0.9556686000926446,6.478785225279683,1
49.09238407398954,24.1664252221616,11.41934139765721,0.7055522124551203,12.485349762065718,1
44.65285825423753,17.363467544791455,13.892280721922075,0.915874076063676,13.389709314183229,1
47.855651781518134,14.531579128038405,5.662623405944334,0.8933091620049702,13.493187318800468,1
45.043928562484574,12.246886421706156,14.395188985590725,0.9934434471713809,8.222809297082382,1
34.557503942036355,19.221726537102725,9.425347781294708,0.9952843990779066,5.596222371802212,1
3.363289766211197,10.179178761623776,0.4049845305046553,0.24548618327094643,1.9159710018837384,0
4.753840371401996,10.142221106580465,1.1454463690236711,0.06659921634201502,0.8506108749551662,0
35.144731243841406,20.710618094950025,6.693906088326886,0.7724122787155278,12.560046316922627,1
34.20358732015575,14.916938105645574,5.789120312421328,0.918948493868569,9.979745883646451,1
1.3473716998079506,9.552917715867665,1.8372671649956789,0.26948849170642153,0.32105607689730653,0
1.0004107019904218,10.223118173448032,1.045840337948477,0.06809697970432829,1.250336464659817,0
1.2086652994936227,10.02569234120859,0.5866147256469598,0.02683674419580496,0.8506199127342606,0
27.17757033662655,18.067176503980768,10.694444366906897,0.8521900697692749,14.131845626581134,1
0.10320741622933172,9.487286260088407,0.7971623850513936,0.19072231640412798,1.8603437245505028,0
42.16336048436669,12.406666400031833,12.612141906516385,0.9813816819544163,8.892602973310469,1
45.04989875793285,21.670744615736076,5.153527868605183,0.9051793977758071,13.246577037003068,1
26.308832234114064,17.99671249133394,10.425875024397518,0.7425790786776387,12.077633637968432,1
3.4674094720924984,9.459373524565892,1.9908489996270153,0.03097500842111196,0.31405817033730665,0
36.67351271339726,15.116768411969552,6.718104089285597,0.9944808225143519,7.918649833997277,1
3.947869173371,10.266798576179635,1.8987520113888214,0.16610630768223425,0.6868669201970887,0
46.222568010717296,14.11922087436178,12.255902423361754,0.8335157557219371,12.538704532567184,1
0.8056672672405923,9.745531464130295,0.7866357039068228,0.11174218192754871,1.2561616799544313,0
3.1443673514009096,9.018125618271643,1.4222538430938882,0.18092047882584136,1.4307894932315317,0
0.4564765895343914,10.436244643422844,0.4892812817660106,0.2797863077140241,1.6680168169830292,0
40.37765686788156,20.878918701062403,7.274405893145777,0.7645402189641612,11.66341068034788,1
2.9884844892309355,9.471487836828771,1.978362878957821,0.05853391058794931,1.6112201951083083,0
32.783278020997564,19.296275512642506,14.492560846867855,0.89616319542914,14.578529277568276,1
23.67027438903143,22.546232613626046,8.112243995851838,0.7561852735034449,11.930398514232627,1
2.0441530825773944,10.089021531472357,0.19811126179394134,0.226660060301802,0.22094585210948803,0
40.95582663768437,13.343708496412571,10.748204225089662,0.8822455509070154,14.303505003746974,1
2.4352443834150717,9.000101246469862,1.7773115247609368,0.0023024428676631345,1.54736912598885,0
31.14141336333603,20.929000189210853,9.571130395484593,0.7127525281993268,7.578262475448579,1
23.33416504722267,12.869747177161944,5.662835720894527,0.7041327357857279,7.204743254830838,1
3.754620861866153,10.432657804445189,0.01867631274320769,0.05810769477964339,1.0869755646905845,0
38.67108812005752,21.638973094953194,10.846928752483821,0.7828208610436108,10.086077993372543,1
1.0883526095342944,9.514861450713713,0.2953133060486004,0.17839459992674844,0.47748308698468556,0
26.498741693493187,13.241074910322613,10.437456448134135,0.9581249834744037,13.667187281564487,1
18.982404908316898,14.877352174027651,14.987190720598425,0.9418086180350738,8.498694857675893,1
3.403081536889715,10.314978909154119,1.5820207562845499,0.006717410796104606,0.24874468756917567,0
4.229485684403137,9.802108642333822,0.13041687882360686,0.0778218870740644,0.9235456721716921,0
42.40824960163118,14.724656198675827,12.302828073539448,0.7303295297041169,13.939384594545691,1
34.25886704163403,20.055431931712945,12.974311469264302,0.9088418488612268,6.824665446547163,1
3.5292312702207456,9.574731838252902,0.6405700024382197,0.29750206486012043,1.1807995319194555,0
24.11700750456314,15.724754996669622,6.617792304759675,0.9548654868985997,11.106163188646962,1
2.2989676704156885,10.059288522447233,1.5955559256098364,0.1128104128783633,0.9143500551072372,0
2.734575645338409,10.430313654265877,1.7658162636490606,0.03877375424235685,0.08256493358503425,0
1.4312220010607934,9.386557248164166,1.6406523907074837,0.0833949685507426,1.3152451878040448,0
2.596890173572184,10.488432289458261,0.7704655094241732,0.07282592895592815,1.150504817169458,0
16.258175841860623,18.50558657475044,8.947820662702183,0.8671077737629447,7.987885386696904,1
3.2414016252288502,10.400241261667103,1.2508539058173698,0.17436539383255517,1.3057048891370249,0
45.61631241038037,21.1580047567829,11.87498086697512,0.7170026996009418,6.097792414581715,1
4.230925114190253,9.10478614295533,1.0770401529267035,0.20843659086931934,1.673706066242117,0
24.16508668304384,17.83745456143447,6.516713730592393,0.9033789718948295,12.282697341334762,1
0.717095538405576,10.347323390542417,1.5061493172035196,0.109652481369595,1.277448713312408,0
1.1616083259335812,9.14056572006413,0.5260708445795732,0.036858658974635715,0.33938861698861933,0
3.3656897550072795,9.657075627562302,0.6378185182156528,0.12350999855643278,1.8235047133289755,0
45.851498646270436,24.082771866623165,12.532411971411207,0.9366339494851184,9.378182966056196,1
3.776561466324531,9.56059207072395,0.10233114722292225,0.25287836811562114,1.2809204693609104,0
43.520658682015906,12.982166465942507,11.212319904757898,0.7743117663972273,14.032685944944841,1
1.983770088965791,9.497655508166785,1.0088186565801107,0.01008462138859799,1.2904035200632293,0
36.92850701341549,13.7124197656937,9.37329933591075,0.7612790806308621,13.553033215470633,1
2.666590450552766,10.478427402280726,1.06308822204304,0.21653721899090725,0.2258365436671972,0
0.31426646841491046,10.261384892195188,1.5598251570882382,0.27072949478268565,0.6231525345160027,0
16.179144301209135,20.316850261712787,6.167873622788413,0.8395405905566702,12.265765707689301,1
27.457434836728787,22.305580925500067,11.33638735415239,0.9069267284616838,7.310348002217636,1
1.7245853565698894,10.384489911018266,1.8165299259199237,0.10945469626869432,0.5081692645458116,0
2.6377669807291717,9.830285931243521,0.37793114946319717,0.1045136832876477,1.8915385913573939,0
1.4171979634302874,9.99794060728582,1.9826143131003608,0.07644227895197347,0.9466425810986783,0
34.25424189452363,17.021665825925,14.615792611591885,0.8298417623651463,10.841741841817242,1
3.500808178977456,9.296014321241435,1.2978952502358065,0.11810150380905676,1.3622755049888595,0
1.8752403947762275,9.601674308482188,0.3177150719702231,0.17182993752835976,1.0934318918894494,0
40.24453654110852,17.377660450714263,12.992670440257235,0.879749762596896,8.549021252698003,1
35.13600247768571,13.755623983461444,10.475096478124563,0.7542919346097603,12.675048387476743,1
3.114104358882404,9.956372563931174,1.4739599290713141,0.041732483994886216,1.0992880879965419,0
3.0886416637349794,9.09607733528484,1.677612670046271,0.05612646934596218,1.9583023234182422,0
3.6913628733325616,9.100377214079614,0.625926157007564,0.19611334384013848,0.41754593666208506,0
46.6611219240408,19.476799733660492,14.285721953957477,0.9947829721037669,9.53894559518276,1
19.74811795519458,22.36729157626576,11.800282512726602,0.9311526714084748,8.988781997971245,1
0.39927011331722606,10.149281525180106,0.6215738091473169,0.24156968305495258,1.0183050766054138,0
18.331495734651305,23.234792284263754,12.990698291784977,0.8069683179955256,11.892768043966564,1
36.405603725230435,20.93823763389444,5.383165660413308,0.7875157971632122,14.093375737908072,1
44.602497135270596,12.31052328478948,12.532004043267962,0.8720092230236103,11.967232732206092,1
1.984305861012679,10.36051218189093,1.090925801917244,0.2042815140673905,0.189616542672572,0
32.33521059727494,18.982109236103906,13.316554184088552,0.9500096656949835,6.617381045684443,1
49.40209906109152,16.60434086837523,6.070738497153348,0.8975729104489435,5.29834514147479,1
2.334386530212282,9.607081839516823,0.7904491278272199,0.019863836582628268,1.897740572929022,0
36.669615451648994,19.28120792977771,7.331579985366044,0.8939929386712064,13.84207256894975,1
26.336900734303768,19.84662072071894,5.134558084146711,0.7127892741005493,11.776633822005778,1
40.60947164841525,15.73269725729442,14.827301048579324,0.9053619221515257,8.728136771643605,1
1.5202060036870746,10.073995163525728,1.4195445551677845,0.17839965768393598,0.7145768065180871,0
1.0063651925890866,9.892434930837398,0.04124360148577666,0.11956421981530001,1.5282104811432116,0
39.76178425733647,22.809374389723082,7.157961324394687,0.9841826606057675,11.773291332995683,1
0.04741677534187583,9.904088885761128,1.6431370019475964,0.18898202367691289,1.5721724583668997,0
3.6862337161232746,9.719002227485147,0.1876335422883706,0.18326195699146539,0.7444105042476288,0
49.55531502486914,24.352371118511698,10.744409832063994,0.952962513519869,7.614944887198717,1
2.245286821721932,10.114795429856732,0.040987230777761674,0.008690938829213112,1.3538241337657226,0
19.122660343389438,12.801988863906246,8.84904968662386,0.8229474333354114,8.197406065264861,1
3.204960984691096,9.490984955765779,0.6930945128716894,0.2289014806701318,1.0692933235232067,0
3.422255521751752,9.21267676559676,0.7078132480204615,0.09635243416357687,1.8740587888166556,0
20.407080867635518,15.064270092785481,9.24629845775888,0.7853168933232287,12.01424854590515,1
0.22379177891824864,9.450665560266282,0.6712674517646522,0.02782359821361816,1.2399548127598856,0
4.097556197238513,9.701875984744063,0.26072826954794515,0.2695728872057416,0.4614011147518602,0
3.5789215163975774,9.257412524621214,0.22342456420483714,0.0457731575534426,0.4936365116898891,0
37.87726542793199,21.87151413016641,9.710738847985237,0.9860047900244671,7.447810609731746,1
20.970004362216727,16.681980308916145,5.71901639827767,0.7410379403944989,11.657994099756614,1
45.978130911989446,15.650838137997525,7.099111076632266,0.8843372430812801,7.1184907443383345,1
23.664094800100024,13.285043880465963,10.481549299661788,0.7944670560078484,10.240253831905152,1
1.907878921857948,10.103151932355358,0.3367598253846691,0.18828557619972733,1.3563155512956697,0
4.980368943785399,9.514080194666969,1.5120827874282115,0.06864270109259563,1.2495920025842866,0
1.3616321511984126,9.788770808359669,1.544478861223542,0.2302509324721363,1.307640332227491,0
2.712655441859508,10.295035694410412,1.9341758195562275,0.2244623465183623,0.011245772542724852,0
16.036450174969353,14.149255918828985,11.270151315855603,0.8624662421759068,11.59487136555351,1
4.411176758071245,9.923141364498541,1.5929266179128978,0.11146481665662926,0.8204720325751358,0
23.499725277311583,22.01775839131254,8.76155238546312,0.8417954195393257,13.231757424782154,1
2.348419266837996,9.359621970522975,1.8903848389186177,0.2205115929152768,1.2802541721077598,0
3.735036294012583,9.304058086882826,0.09702404071570414,0.029789239497745677,1.6825404974918137,0
20.509142879987746,23.108833375465757,10.780969309280259,0.8104785689050754,5.6962253822526705,1
4.7924068241019855,9.625960224232303,0.8252578050309134,0.26356797637934143,0.8586235962748952,0
42.54019533091629,16.001761260371342,7.226531427534598,0.8411669923055276,14.226462413829179,1
37.05430460494196,24.04048148317257,6.987422412896431,0.9764953077552341,11.630037441148806,1
26.081723911881888,13.772848752747528,8.322482691325483,0.784137998167739,12.363376389889837,1
0.8279775438803127,9.038505554844681,1.3957136823954843,0.05537862783865009,1.5175063592637694,0
25.368285650644253,15.901197419519455,12.412138097049368,0.7686115411450382,14.120200041479698,1
0.5854122825013441,10.447174896777792,0.5278983907747361,0.10481735310691216,0.29810048614426266,0
38.337868468816865,13.47724056675298,7.632088499332925,0.8546250886648166,13.514474500979816,1
34.51033110658915,12.834484636546724,10.80790560744461,0.8168991488621405,5.983984920558276,1
22.431253689773712,21.012341205913522,13.258634351437154,0.9422198587897509,12.85068057320331,1
1.800095267490952,10.135206922718265,0.6108061669601137,0.031797164534987606,1.666113193471241,0
48.29493286998582,17.849062196135733,6.368668578837933,0.9006846626548235,14.601023049005235,1
45.327107147248384,18.80583133172791,14.836533374820885,0.815510708471124,14.568730069894704,1
32.261451094800066,12.15626767230425,14.553672807311738,0.8493339735913159,13.362683982918377,1
40.45525996803924,17.814093165117534,12.396592944666764,0.9982570470155875,7.624963137641116,1
1.1774039782538248,9.59079933406828,0.7454190235457907,0.26963915828073587,1.0089723776636763,0
3.9946859262147956,9.832537282804852,0.8988018942841338,0.054999914068778265,0.18570546340916905,0
33.39656479777134,23.388287636287675,9.985329029726056,0.7665458718285982,13.051473731044162,1
0.05652915446794693,10.009926675823598,0.5289090449768401,0.2900779757499486,0.616911620654391,0
16.27441049689162,18.44818908832095,7.151068807947876,0.7028057915185544,7.960569114315216,1
37.91315699964839,20.919147638686766,14.614248765980811,0.811119759180396,6.952799683476921,1
1.9688096064163623,9.206394226756672,0.9989735469814454,0.2671295264811248,0.9374456978824657,0
4.544854391107458,10.386203817396536,1.5286197177024097,0.22262476827122338,0.029793550004845848,0
4.476092433612988,9.266352352214478,1.070074579313089,0.2140512825537904,0.7927807039313792,0
41.530388131525804,18.622322549846064,7.994271481269521,0.7608737032460597,9.211032953536922,1
4.718010478561517,10.363701113335267,0.9657760840208038,0.09548220763090483,1.2033375746912205,0
25.11023966552636,14.935673994494094,12.079052491734066,0.9014696449065472,6.22678456353965,1
23.633935288564505,17.71798168088724,14.637335466282927,0.8877627918059723,14.490572346411257,1
41.50044895979268,16.963754502640242,6.532007764444395,0.8494315650754741,8.318886552204653,1
4.993362771756401,9.400442910151831,0.461371686922897,0.18716494653721336,1.0218976264392603,0
32.61206920842574,24.804826308366344,14.625249094046053,0.7815350461289626,8.869769235345911,1
1.2657454154120185,9.335387191668516,1.9154505528902088,0.1086073580573223,0.09286220934467826,0
29.67124929889578,23.055266963745453,14.800088436073946,0.7155727554759894,10.802446630404408,1
34.85914147023096,18.953139305639965,9.012945486287997,0.8918505705441149,9.732907373018863,1
1.7840177869194411,9.645128411574168,0.14253158068790928,0.03357474486507651,1.2473833666072196,0
29.37787873507823,21.562130331396908,6.313500847185702,0.8960336644812337,13.26338927585703,1
1.0877156846063767,9.467778317401876,1.1754829758905843,0.2568625003372701,1.4034482470150942,0
21.871557839704618,24.382693774010207,13.971354288729094,0.7098871584596294,10.619617982303888,1
33.10651454023062,16.313522948404035,5.195140943377606,0.713029007307916,5.302379251624449,1
49.779226139239086,16.74873438363928,10.52379008264467,0.7983564044864502,13.769486168024969,1
17.573645608552308,24.444109147037082,7.163902383410089,0.9910461427914499,10.413240988026157,1
28.506643705446322,18.89962771500432,11.525707819374635,0.7158511713378954,7.929531710909934,1
49.52669541784047,17.9482423636066,14.358175254365547,0.9189692850450006,8.729683079673853,1
20.32816558506571,15.240405444789314,11.522494047310696,0.9862815328277341,7.995897091332711,1
45.38130479090559,13.171785514319406,7.36194358291169,0.7274292416282125,6.037872168494658,1
48.35284366491916,17.96297282166975,10.300821341205781,0.9414325029331962,12.22628500739394,1
47.46824260498807,17.038496004802724,7.524043690281237,0.855795806668276,7.97335211842098,1
4.329904644891743,9.979668806018337,1.6016585156666736,0.2685183311546956,1.5019020317061158,0
34.16750545625467,20.270599255173657,9.90664167816772,0.7350640649044589,12.341002318190775,1
2.7837801216254476,10.06434015746222,0.6064297866009538,0.027998433936247003,0.6221983736304955,0
44.37266536585268,21.13978572091272,10.636886610006293,0.9668897510451195,6.100934997700711,1
1.8790473471072389,9.999294911260815,0.7166465242639855,0.006103180984273748,0.8780492013757435,0
0.24497848111417642,9.875451972382251,0.39942813226512897,0.002050923077930067,1.516771588888019,0
3.018544351402166,10.486316080310939,1.0944638414233299,0.19406877506783102,1.8385515155024026,0
26.83394548169669,18.91785966363821,12.995120465963701,0.937780452471266,11.979868039830627,1
44.86841251684445,12.989221649647796,14.006551489185505,0.9848303563614696,14.90102794112134,1
41.038325205184094,17.14712067082652,6.301623001942134,0.9038371605361875,13.171593868479574,1
26.43785919762644,23.929492846893268,5.132310707837045,0.7581898454450708,9.21932266563455,1
40.37406144786489,18.970536743867058,14.811543813349457,0.772969239475646,14.569041767877467,1
3.6273884455124428,9.954177664386247,0.896628239878535,0.00513437576164919,0.12090453129576928,0
37.946956992245994,14.237404812347105,6.083400057709389,0.7000744071125432,6.017938612339362,1
4.357438083561078,9.584471261952263,1.0226635306312775,0.2860488724682825,1.0710155106972408,0
1.1207904719610133,9.077594863573758,0.38812253620032955,0.11206300338219279,0.8109394307765803,0
48.776676491017525,16.98252092237753,14.541420710859049,0.7423028926715637,11.801101411206822,1
34.50994311744461,20.818415173376998,6.666763751011944,0.9258357271711397,7.359711111652734,1
1.1403466031647973,10.024994870337437,0.3888973934470006,0.2526760585309427,0.5341860242163285,0
45.32901481115289,16.11370399870726,12.491268523124123,0.8979523930209116,10.617835546616822,1
45.94482871509102,12.9543572164671,13.296950649328547,0.7503041429589727,5.885776599299551,1
1.698682386526949,9.027075095336706,1.7043179867895684,0.2267949432901904,0.3670609066058448,0
1.9303516455393088,9.5094096213696,0.6637272208667218,0.2685038269879386,0.03795230041680808,0
4.520650254671766,9.89272688385057,1.2290686580561088,0.21658023589416983,1.3624651893013544,0
0.5716542441471739,9.447196686123966,1.6436181057745012,0.04038829583622355,1.4852796662918615,0
42.01908075005764,16.65936288660966,13.059779120365032,0.9866217828970651,7.552420361089297,1
34.86669374312943,19.400724215249745,8.7281345117778,0.9854465777647393,13.438745624117317,1
18.69833204221217,18.501913949418228,13.202932707755696,0.9992914403202889,6.98008711493109,1
21.66208031312314,18.282215461863295,14.257189401671633,0.7514071057043885,13.48698815229742,1
0.509768543273284,9.053813347761135,0.6335256393197228,0.06518950825468607,1.4246177718570263,0
28.66910940639766,22.58369473799049,5.104171967394998,0.7671869655212603,12.05899811106326,1
30.096753325762947,13.080647202876786,10.217052095929825,0.8738085052698542,10.117968043129931,1
4.562563047695535,10.105448332090933,0.30842949697716127,0.1830810084924631,0.05266963861398244,0
3.1619780783939184,9.337196239709911,0.49305802840776813,0.23621707773562503,1.3802235451170306,0
4.733250416945879,10.012516039021252,0.1906516960081115,0.05610966900174684,1.3269201962594956,0
4.995877062391402,10.335789724597209,1.279301638274156,0.002091285236835827,1.3990875265555123,0
4.788997957749931,9.94233334843648,0.09998723500983298,0.29662864132098804,0.3137326592977312,0
32.885144342769316,24.154319150944715,12.29610965976942,0.8514052700498007,10.934491519510722,1
4.364562570817117,9.697718282437068,0.20724292584994775,0.265249531154037,0.9740329723501782,0
2.6448620262502516,9.457286812719117,0.20635917076476518,0.056420554081815205,1.8363121668462783,0
4.483240817275222,9.476491842794246,1.1566237135735626,0.08998617605819557,1.5067000475850685,0
47.64443435970295,20.13473474544002,14.107919796049416,0.7016290477493695,13.905594719219463,1
2.614453068829829,9.281094669510104,0.641382091385275,0.24703742293627146,0.7033218262399474,0
3.9558693311121336,9.451423482982623,0.13963400994559194,0.2966542377700723,0.5014577584886497,0
3.4327913198607023,9.25210972095657,0.5472439347643794,0.19561098101809563,1.310720239659107,0
29.815713449161404,12.225752906998348,12.183704814413359,0.7298932814655529,10.190375768743072,1
1.9762700424227775,10.001530028654768,1.7889052376469825,0.05361261981105262,1.0293270774839602,0
20.318341141797085,12.32441677091835,9.946906795928973,0.738975095739272,14.824230663538808,1
4.846851455092331,9.324948301538273,1.4977959132157517,0.2779111346116589,0.182738621698872,0
0.34891325680202867,9.015887698562304,0.5651345541143518,0.14211917264876978,0.002032221852139804,0
2.249386583777575,9.4893917932006,0.5644083211036166,0.16244267269010512,0.9671853815037401,0
0.6741104307823526,10.335970623072068,0.7811099660611049,0.023079105066297543,0.4606455091326629,0
1.5856766242402158,9.006519455711418,1.822491354916237,0.22820840792587208,0.2145039136469422,0
0.9003750614830575,9.941806119245578,0.4043937701854592,0.1645266162515523,1.1101264650275784,0
46.28409293275919,20.447556406222503,5.637089708383133,0.7974505773421195,8.71722997906044,1
15.207937515613441,12.023611698356653,10.897872107905943,0.7874391733422063,6.678886557832005,1
2.827369776699862,9.966524003985803,0.2755929355474849,0.06699697165205147,1.801430808403819,0
3.3304436947938125,10.040889664406444,1.5266651799494213,0.07893981712722277,1.2805950073275025,0
47.97088469181844,17.996449683797287,9.172419986627665,0.780270159937825,13.915852949471443,1
22.371854253893073,22.636777053758298,13.744140002627033,0.7631451841760978,5.759610842372035,1
28.758276416339825,13.288000185480154,14.574645069316649,0.7142617545343845,9.013696273987271,1
0.030775393873874735,9.894400701807568,1.3079317442596787,0.24840549179859792,0.39881396219223486,0
39.448464703929446,13.293392849249585,5.88520549714141,0.9194794145614198,7.153294050034686,1
45.69659057394965,16.423082714220794,11.535222146406275,0.9870175447928233,14.433791907097795,1
41.037687335186746,16.666491890245734,14.984462265728508,0.7838866508963935,10.900074033035196,1
36.704809843916344,22.14969996645015,10.133469652634014,0.9386419219893647,5.128132966062312,1
2.711283645717808,9.184951683069794,0.8803615487007141,0.24360118181963752,0.6302869910892717,0
23.929233828813622,12.876371243711613,11.505217824548465,0.8508521760259625,10.657051419106944,1
4.16032987741045,10.130468970898763,0.9321160366376753,0.22726361504574202,0.9574841252855144,0
0.8436090827029258,10.098478506027254,0.49149458787707334,0.1274758857324928,1.9921237543442454,0
0.5090970874339051,9.82240042030122,1.303689236912538,0.045898132793520806,0.9443600896119859,0
45.87951746637733,24.75214403954314,13.393157477500958,0.8336760901919563,11.886496766939295,1
3.3146748823306837,10.22287265166372,1.3393947745834653,0.296824887326138,1.6427195344355459,0
0.8818748730003667,9.56054182740474,0.6251716254684598,0.058238141900339546,0.8863486549707018,0
30.005494719969406,19.255255473578448,13.39283401921843,0.928872675328871,6.186558705027903,1
2.691733614603345,9.411239840179242,0.6918625418003717,0.21171835765090793,1.169236703287775,0
28.711892806450933,19.32158175588682,12.060526019553809,0.985881009775518,14.129322372974316,1
15.662743662937016,20.355800693026772,5.332600147764564,0.9882309981670081,11.961425938329354,1
44.884816784662505,17.88656575534947,14.983815150970125,0.7001199077767974,6.0948970841855665,1
1.9626672202910327,10.266127263557234,1.0847600706334677,0.14117464218060588,1.3979412921155758,0
1.2636363232652281,10.261915223487794,1.9021905884754484,0.12435790279815367,1.9398779286251027,0
25.96944838430158,16.622148606452477,9.227203227231541,0.9960460154692745,8.106627140682017,1
28.667057668883324,13.766934350284734,5.669642352899088,0.9363527728745432,11.759107318023446,1
0.5056600233997266,10.445208185287454,1.6926083521588962,0.11663178408693209,1.4568351781474866,0
2.5555238816978947,10.020954588670099,0.8273315534547381,0.1941591516882342,0.5151048766907917,0
3.8803348023275186,10.21950450582264,1.1848729042491293,0.17450579225516916,1.4990228567358592,0
21.86104092552536,17.98240577051546,11.658968168422533,0.7513687581009659,5.566948289706243,1
3.073082000714157,9.867125887817535,0.9484924130047774,0.25793917327414767,0.5444516708067357,0
1.179733884463784,9.803238965679398,1.906463392728436,0.08620278547312682,0.9750548424414207,0
3.9879267624540877,9.651957739947996,0.43297054717164607,0.1267289597826891,1.2826354650872585,0
39.455392413263255,16.93916118366482,9.11824352533944,0.8055046659228291,11.036130998069535,1
3.0794629014830126,9.831902765668106,1.3642602669702246,0.24344733711232822,1.2890150088194725,0
39.64101509501249,20.279728506562968,10.315260755250067,0.7549593004546385,6.2362965260541845,1
42.85521191046048,17.057549897588782,5.795071620173955,0.8273278784579386,8.005023005338513,1
0.28863979401166084,9.170011777022228,0.30729160997667804,0.29696478413079996,0.6889900337262449,0
44.63199836633602,13.157735908472276,8.898931417777447,0.820857005958517,9.958256551566834,1
43.017274130829456,14.994151118497605,9.858497309165374,0.837517256859655,8.485204443423207,1
32.12851914632512,12.145074243836739,11.757334502639704,0.9566761921392208,12.067415182393043,1
22.635840457052545,13.338001255659545,11.17808462821108,0.7521503424934142,5.749320858546198,1
16.330618431326933,23.870154028354705,14.00302702633374,0.7323333548589865,10.566935655500531,1
15.945644631381999,24.562879523927194,8.413305217349663,0.9085472531469412,13.103628725474499,1
2.656118189869028,9.60360939985984,1.9098419881063287,0.25483186839333477,1.1701699498398406,0
22.595016808243937,22.140269831600907,6.941310250557528,0.9094779589918619,13.555304049829036,1
1.6907149357440887,9.040003806029734,0.2534647645297987,0.13642705504177813,1.7963798420715607,0
3.249116221557463,9.686944974074915,1.1339448879335832,0.12492275631815658,1.0495239080424996,0
42.69552929322489,20.801623026217037,5.915331822540359,0.9001279480850348,14.315514848843751,1
16.98946961443598,16.318313702412986,5.9435990826063945,0.7255953472737494,11.583895591724373,1
34.49543819205286,19.710113165626428,8.329118437718094,0.7377835893352825,11.827323334218322,1
3.997973104146017,9.965382414512828,0.3340268341978405,0.20109301130011978,0.7830983952316206,0
24.107211770525275,19.289754492637012,9.557704300579363,0.9403172516006568,9.280924878621658,1
30.87338697169052,19.761799557975475,9.075032920375987,0.8171998554034553,13.203785138943969,1
1.8999062588656468,9.570656271410256,1.6928448367197833,0.03062782826788628,1.3337939067005251,0
0.9946506106251635,9.33214060179026,1.692382753169607,0.27097732240218547,0.445611535925335,0
4.965136911359584,9.688682011455828,1.7339150125004212,0.03670186290888151,0.8507686772285228,0
35.44489759081003,23.57290047500842,5.904303795656576,0.9084172382909743,14.267908456554052,1
4.36758793286131,10.24454334785817,1.5319950880776128,0.011767059337224816,1.0329341531670801,0
2.5120016974560584,9.7919043787903,0.46386084921364534,0.202501041212588,0.5328367418735538,0
29.15729852700276,12.682018516483344,11.280825293828007,0.8856540706877601,14.664145052470047,1
0.5421233705785505,9.311392468254688,1.2141205358467086,0.21965045126225644,1.3206068939382454,0
1.2617226709587337,9.00175221963607,0.22090134275073492,0.21116674542819266,1.3649911867512854,0
3.488885479904943,9.327074460283425,0.6315925975280461,0.009061760103328553,1.225516481684227,0
0.8693566071056041,10.04252511275183,1.926009354261179,0.19518351123938923,0.7019482872022182,0
27.16693132441425,20.30082360775482,9.957968749403278,0.7345282791703787,5.873453751365899,1
4.987882418780294,9.334587460444412,1.40077794836347,0.008412960049822093,1.939650559495622,0
2.3967288568167,9.853492521603437,1.203539380743622,0.2903478704530741,0.4459466149351585,0
2.4318903333402604,9.629105124527948,0.6970326982295838,0.025838750104395736,0.4096497053584296,0
0.8933160266560192,9.497222610601293,1.9025283387892202,0.20499565166415867,0.015138201590283895,0
4.824807234494445,9.461016830595604,1.4470062772843508,0.22366561217759257,0.8097190668222793,0
2.5895647135394095,10.207058142312203,1.4096073024681521,0.07313285329079613,1.060516549655033,0
36.63441628808609,17.053361835550547,12.140075581026752,0.8857108688675926,11.166141928006347,1
47.09303622593283,20.919247890585225,11.896173157844707,0.8716991841427364,11.893108081610592,1
3.2616308474972966,9.649521898990782,0.824878027432099,0.03529617157792029,1.2472964802090616,0
4.511332127117425,9.008194986362817,0.5963828899921897,0.04017730536047882,0.9079723957803136,0
28.258951522086868,14.789943765139611,9.91859423143936,0.8572918083978252,8.493277443771017,1
27.853235316784925,20.089090859515967,11.053350704632532,0.723408733601543,13.462586121909482,1
34.64954901818248,15.985559353822936,5.41710790588846,0.7884616425129356,14.048701885969027,1
4.790614722808855,10.275747597839109,1.642407702002299,0.14080814420307344,0.4240621207558555,0
0.11575090596635584,9.259561012853844,0.403155883267458,0.049794074191328516,0.18219441887464072,0
17.851889664622888,13.83882329469354,12.456486835123112,0.7985708585445492,10.076494284020391,1
16.6516377873059,18.71160712220665,9.506688125311872,0.9786335824232226,11.637647728743618,1
0.7451996099770519,9.557932930990912,1.7405559919352813,0.2832669424680963,0.9081395218993686,0
0.027081491712348527,10.297701909016482,0.7941837644422607,0.19363428017619633,0.7935366419438368,0
19.28783560379774,23.561628084868346,11.199738232811148,0.8791755190804016,14.872789983842841,1
2.580052164530722,9.636026750723909,0.9085800981540901,0.1860314514857203,1.2302432732076785,0
22.92692773193639,21.09552353969932,5.296338192366933,0.9071891417648358,9.571778861233001,1
38.819665586187114,16.127654229889355,13.364290545484792,0.9198554738966516,6.987476875258531,1
3.418803873787783,9.681328810177368,1.6442752510594005,0.2368848209150994,1.6004203657518747,0
2.7614329689132306,10.230769349791558,1.2657277736914196,0.2008800481656314,0.5073411685121818,0
40.97389759690012,14.8422222508271,6.130075480902714,0.8937901765071826,14.838980363600175,1
3.843026633972576,9.495471580637627,0.6544246194116539,0.20660535464243088,0.5057379535455886,0
29.587667910995407,23.184459795081644,14.6972834375999,0.7387544922608703,10.78170965473878,1
40.56472520282029,14.76850935309798,8.753458533825711,0.9731927631872774,6.14550883689029,1
4.9613832944067235,9.954698001561743,1.7458545966221493,0.24233055391114303,1.3045451087880482,0
1.5557059752627644,10.249488413003643,0.4620299725324435,0.15383415882830231,1.3622994746063937,0
24.703506399932394,15.72655814430301,11.019461625727633,0.9917640641319359,14.540675511821481,1
3.138063449593083,10.374044940278626,0.49818111060284953,0.10857231803538081,0.4646679150425155,0
1.182482397839718,9.398691710233258,0.44169963301750736,0.10503107027237361,1.6095187971810894,0
4.738603338075463,9.506850662637849,0.8913024255295556,0.05026360056100974,1.7307004780918465,0
3.9049106843703623,10.270681839247077,1.5365651992568325,0.02232061731854722,1.524443254339732,0
35.236145658014394,16.831665104077604,12.949752992104514,0.9195663291576176,6.8541902809982655,1
20.36620625209257,14.939908181974417,7.856751882586868,0.7371017912364575,7.876448863592307,1
17.153675544627394,23.0975728471553,13.913269599491134,0.8029277443653399,6.64172324630753,1
39.8323859207722,18.718305142197874,5.07278663975058,0.9766971539755225,5.659960030018517,1
46.15568247426561,12.299890317192162,11.729397068520985,0.8654271867254216,14.50800784474451,1
1.1937250516895814,10.166320975597788,1.7825196598449882,0.15873560431589387,0.7066867927251907,0
0.9770483032680494,10.288519489896817,0.9112267651410952,0.2505256481450462,0.52897711821973,0
0.05981074850861967,9.166386058659521,1.3984038584918883,0.01910139991973656,1.7319261296859805,0
3.110005374575647,9.317634140250355,0.25790911204259426,0.27288245403760675,0.9195915223076692,0
0.10706197802412942,9.994047806309144,0.7315473779268891,0.21421127091843892,1.2563422919050944,0
0.9164732244943347,9.328163273235687,0.5770127090621877,0.26326067311300533,0.8412050622639373,0
42.28051946046846,21.894409742810083,7.462983670855234,0.9588045738094434,10.890032577906283,1
2.048464529868077,10.278865159110067,0.7574685162405783,0.2725815812269177,1.7348952063853638,0
49.770258297655865,21.315002283717877,10.468708875016045,0.859909865481723,5.437650822581944,1
41.967198941753935,21.6695861210768,13.433557756171497,0.8997368683096034,9.230961887829716,1
33.18524697854266,14.701450368525812,11.958005615441982,0.8635689657908167,5.176581770426555,1
44.990891379185065,12.192442951526541,11.24548549615185,0.9722239293276214,6.032223255322674,1
4.938644914615086,9.918006508757795,0.8454603323719814,0.02898642133840171,1.3982961283020336,0
26.154157628043208,12.888473990240064,14.014221633620313,0.8904568179795264,7.071544982912679,1
24.797037618779083,15.292162754285329,5.720126584593025,0.9916679793914367,5.599740866468938,1
25.392516828221453,13.8713074243536,10.103965552062345,0.8445531174676774,10.167704090773599,1
32.28568030118276,17.952829716406967,10.852925765649275,0.9315877928982286,8.773546148602058,1
4.324721947314177,10.358358044170112,0.7500942690205856,0.1578455278969825,0.5620413412770544,0
47.02364487037649,13.78675153614332,10.031581534692997,0.7278610851184519,14.609759589063998,1
4.223163358771412,10.44760263214505,0.9653612370468758,0.16560267291433867,1.6442324686200176,0
32.004946368923584,22.615866222800847,10.724771837082452,0.7397784564185004,6.718877495032278,1
2.00330020960529,10.409811199149155,0.22763628323469343,0.2018827100079184,0.2642450478241314,0
26.53960629388483,20.772250857607567,6.725055571952297,0.7365219655780999,12.836401112590298,1
19.57185021334074,16.493147269312633,13.942765462442336,0.73980507905299,8.49317098324776,1
43.660118066899116,15.71718475583522,14.394625693234346,0.974335873851101,5.432631736287879,1
47.78678965517254,17.74005725084641,10.320204754162223,0.889242480493303,11.645349660947897,1
35.13841779439733,14.218558827434777,5.223376543810371,0.8713673165085289,10.174152599623188,1
0.8223213870012036,10.142394940154475,1.7318912365953418,0.08561330439530937,1.7556803618468744,0
38.629635036112646,18.779434862147607,11.893048702412157,0.7970751439708458,6.488083031910792,1
4.551521921351046,9.698611629638625,1.1887601687255906,0.28075545983880656,0.9329768806464842,0
0.14726854462929428,10.484523742395131,1.4326209478771426,0.1276163345396288,0.3826600605804886,0
16.94147432987887,12.517431453767589,10.165805088689808,0.7873720430879765,10.818498849341502,1
3.358526083420006,9.967755104031795,1.7265311669839472,0.06562722932103457,1.273492326394271,0
44.394220033121954,14.21847860210731,5.286732183116473,0.9915404835157687,14.80632475221104,1
0.7420452687648171,9.65175929642376,1.8654661424229038,0.15123267830988027,1.450267423666574,0
21.632646226377062,20.012970513379752,10.636710655584293,0.9153210381119848,13.851274032904454,1
1.6124912034748218,9.597798737862657,1.6580808069423074,0.12655867662892123,1.8518577808064876,0
34.42314689848882,13.945413065426251,9.43158607124516,0.7685291507848488,6.3548249433293,1
1.8085245277199546,9.526347113748516,1.3754185054188712,0.13909180757899073,1.5041876895429,0
1.4963482376509674,10.25759193444268,1.567350789174624,0.2916953171823724,1.3121342242620773,0
1.9565025082247134,10.391688142830807,0.247398117453133,0.07618507255948079,0.5244452917437927,0
2.0592896420781805,10.478327036796555,0.7952241097268677,0.09992149047347422,1.7419727535011609,0
2.535041901130129,9.740502991087968,0.13499249059845964,0.19176613406506074,0.8626405171786615,0
3.500375099347956,9.434585011820287,0.42086680255879894,0.24045784128880326,1.8924937283473942,0
38.72920666710927,19.497634651384896,12.576291323847537,0.922182341663157,13.531828692061508,1
34.481650606373215,13.742246238911154,8.308401050984973,0.7134905713673808,7.108385428363505,1
46.98442597487248,17.30143917025613,7.124868982308284,0.9076040171706736,7.446446782104786,1
4.886604970977344,9.752792354650506,0.6292213550991554,0.0790393348200148,0.17483898843709733,0
3.939591797073931,10.272748528091281,0.20376165587527195,0.2772194031099199,1.2486014577505606,0
25.67899882015054,17.83229711371675,9.740338892456524,0.9501075284725715,11.657833434322702,1
2.045005705402864,9.227599759650314,1.9584596317368281,0.27032532726320435,1.7870874268065076,0
1.5943167988948943,9.65346993120476,1.0084918455197487,0.2554236596090337,0.035912571566229845,0
3.739263132624267,10.390972438612684,1.106166902795984,0.13429270041526659,1.9358948043325575,0
33.20499533747401,17.081749445571063,12.541420283639894,0.7969547116460628,6.279617520023548,1
33.00970294256692,15.901440369128027,11.438456761362232,0.9725286685784089,5.069125911696673,1
3.8743136495267283,9.313851791507066,0.463661412339623,0.01494385142278991,0.3756914225639889,0
31.16065140057388,22.300457853586714,6.6094226747522455,0.8144014348951965,9.662742405342238,1
3.069720915380329,9.504831881203932,1.4680214702782568,0.16716133505589523,1.1085372536762121,0
0.9124867742143195,9.519960560976337,0.12984057639387037,0.1671313034479818,1.2225017762818555,0
24.53704754761651,15.736005341335485,11.989574070047862,0.7012843426080417,5.952904222083385,1
38.56290349025751,12.553420241442112,6.367792550450946,0.8457400195302867,7.078288042931198,1
16.872101836372902,14.22129764381214,5.291035433324094,0.8558560138703795,14.430943100855023,1
40.09395161562561,16.82232500919217,10.049436306178354,0.95190519114161,6.4868176182246025,1
43.178120718854984,23.402967394414034,11.982260124296713,0.7301152452911585,14.842468433298002,1
17.26687135477803,21.420102912461967,11.403421529040735,0.9684807792677976,10.196549558006451,1
0.8938079218200529,9.819843284674707,1.8776798104779786,0.270489921189947,0.12779184040447178,0
1.6782942513909693,10.415194099560694,1.6096855973262958,0.2807868735615576,1.9972191802260009,0
28.393304034676895,20.505314896107123,6.942251688326478,0.7308184060433474,7.425884642109223,1
19.705368707473934,17.465921403380893,8.869948098085782,0.8055065508596349,13.872986699241999,1
37.1516076775279,14.211070784235066,6.513733114718945,0.7488231030435432,11.67062876391748,1
21.54964973932931,20.50475000721589,13.819576685277326,0.7418440419500955,6.270816122732899,1
26.48814291253988,23.00866306899783,8.437221845859217,0.9607288305770456,8.05267711483053,1
4.309646135579081,9.9780371871195,0.23873413983080183,0.1720732722142335,0.7872573684231017,0
49.58437547943444,12.207991697509726,9.11060316432323,0.9575029174995022,9.330172797739914,1
26.137807633887185,24.713198063097458,14.780289729531695,0.7958603422999104,8.521131161454548,1
0.06394268867772113,9.716250783351446,1.7918489524783516,0.17903040945707702,0.8813112624543382,0
1.9184076116389988,10.050314840784408,1.335598941779301,0.1526438267763002,1.4094799814216616,0
3.749223467563774,10.069234049120242,1.15506433317055,0.17139232023782042,0.18065616058381218,0
1.8369511341580917,9.140284944490496,1.6399162414511606,0.20509628533907245,0.9044484742554018,0
1.6289273333454835,9.147307795938561,1.1824015212840697,0.10456487056999353,0.5107786740162852,0
4.80842997611128,9.95567486214692,0.8799294603117367,0.21491189188167253,1.649155838037413,0
4.246715824001742,9.631379759102222,1.5818684224788695,0.255069230389638,0.919076420385293,0
36.17506004548638,19.923078058347855,12.814348635982906,0.9468897520532269,5.272293162060607,1
2.496411233537467,9.45905205645147,1.9767962204470582,0.26334239253715314,1.384833178550581,0
4.090898248608703,10.401010711942655,0.45893584114386954,0.17375848210583852,1.6086604791011674,0
27.403836709716572,16.97536572995026,13.221459517172413,0.9373436952529307,14.831151047561281,1
3.8290458074497833,9.64637233901829,1.987504291850782,0.23123607476179767,1.157360010559971,0
3.714135025002,10.043141973926504,1.6255852217032747,0.09334355710543918,0.4327127833471882,0
1.254389895519742,9.76853927546263,1.1555635234239476,0.07335792943765367,1.8452024873069575,0
40.0305880489028,19.18500189977362,12.160849799072093,0.8119399500244886,7.953690761103795,1
37.486111706390304,19.89663626661046,10.844868253845268,0.8577136606034752,6.814398334313281,1
15.95249972005622,24.61782285765895,9.67289383947767,0.7485273619083819,12.578111595507295,1
38.20538512229085,17.50341961807514,6.253708926226419,0.9023400639960951,7.075787308543732,1
33.1600230613096,16.624578968524716,11.485051380715374,0.8753287846295204,14.06490124460262,1
1.593625899691577,9.9668897445165,0.6334540874126504,0.0332024937351747,1.2550944653685856,0
30.482257946131845,17.320066207202487,13.870779544778049,0.8830327102879204,13.029091403998184,1
24.076132954664025,16.91449275983968,9.42318856362375,0.9592026050687441,8.483328948332549,1
34.83565149805795,14.662997665132629,6.951936457189088,0.8301499495557917,9.829905738094238,1
26.728489387221828,23.833530227119542,6.358078150490427,0.916214271294804,11.90170749747103,1
2.5215740850351915,10.16291358018134,1.4985562160844383,0.1699332148285416,0.2614062039719667,0
0.1540433704905303,10.370265473112386,0.14710520772960778,0.2099382846292415,1.4603220096866234,0
21.126260342953195,21.19082226923434,6.692533888125637,0.7406006732856869,14.77841886456428,1
4.514192392133481,9.245072711649573,0.631514621347907,0.14963083546653919,1.5517011142961956,0
36.53767539095201,13.600253104232728,9.957326077220559,0.9008238743627537,6.48507032834031,1
30.01981568343477,20.62017151642409,9.275589435972377,0.9838987029816384,7.609688479815359,1
37.64086851029268,23.391721320602826,9.332720518982978,0.8823969573500907,13.451695231534469,1
31.705332442104037,17.02660928928394,6.783173600671594,0.8349640136253285,9.218439682587391,1
3.9631652135844355,10.227210275614716,0.7722450153020144,0.0772624163504997,1.1965183479637604,0
0.5893074618912675,9.077727192701866,1.06445686151386,0.18682398428856795,0.8070469038643153,0
1.3177861156575172,9.178967188885515,0.9401023259445276,0.10832424325864534,1.9497222941339567,0
15.666756836089542,24.123948562264665,8.039516586881755,0.8657290500914376,8.18069632878742,1
41.815275775885326,13.030321904754317,14.552055941180805,0.8822645425162192,13.986943033195438,1
33.64481731346518,12.45841923536691,13.400990156676928,0.7134524124992719,14.06232274103479,1
19.032653725864968,24.97900694513467,13.759122565014994,0.817767631199396,7.531183307577651,1
19.13020632648771,19.762850534280904,5.89226999013963,0.9298024191412231,14.192235143305581,1
1.6808982233671936,9.41322474805559,0.8881885870860495,0.02741354310218126,1.7786978604641643,0
2.6889508115164236,10.308080739160022,1.6033487096987553,0.0829645049819785,1.2602045657648833,0
3.876375049205196,9.2223034862946,0.1490138014721325,0.24725902096641586,0.21929580947852756,0
3.6599080463680362,10.159818808022262,1.4715503840350577,0.08674951829632042,1.3721353934584442,0
27.58949917486342,22.899571240027175,5.843705628682494,0.8315869143546007,7.5981635816451965,1
30.33054327873749,14.426761768544633,6.386025519036897,0.7626006905916115,10.536473288669729,1
34.47695282412299,22.41468921455967,10.6248646649823,0.9533626176940114,5.4931802980911755,1
1.8892402132113095,9.7356633787792,1.0667785679408217,0.23462033853914135,1.1278118788297673,0
0.9069315390284061,9.261686369081302,0.06564534904901653,0.29680115287668674,0.6960410151113416,0
2.952988969523844,9.778341352552415,0.024458358047117823,0.23425921691532453,0.39613002848250023,0
2.3079645639608892,9.16317298780777,1.0854069444990078,0.029082432916521038,1.2718709151190253,0
0.787543190534632,9.721587294293053,0.5673759192334178,0.297986392718177,1.1599375867308779,0
3.2058082230713074,10.405633230604487,1.8438213039037286,0.21749880856840886,1.5411714811795836,0
3.7598291669660515,9.557543999894213,1.9775144802296911,0.05133648667638654,0.0030477877666625908,0
3.6008846369740812,9.609178568948664,0.28533560165350913,0.137825150505782,1.9263756410701116,0
15.227712375800445,14.169858766891384,13.145615561026164,0.9681721319732448,12.07160620868271,1
1.695224795126018,9.147775987673661,0.3570783091335701,0.10972475343043664,1.918268617890546,0
47.11691157847841,16.70133879302249,5.429633928076358,0.8087325743442875,11.71614763387235,1
0.348456122352665,9.449496256780971,0.4214208127567678,0.0010250006051676695,0.3135395754346484,0
27.237936918789188,21.735645393978228,9.384043341210083,0.7515143851920206,5.905583937989549,1
4.099127515618309,9.672091259577577,0.6174554607310154,0.1506907388905415,1.070257013276084,0
19.60032525584272,19.719258996659036,10.821671354103222,0.939998107580948,7.011969624670761,1
0.6951892412170008,9.431014786981144,0.7420982335225061,0.09856460533446461,0.7492107697288095,0
3.914369648895977,9.488264827830735,0.28902562561619294,0.07701598257399894,0.5129353819986422,0
33.39312696420766,19.48411335159976,10.605929344039001,0.8196325175686889,14.804832987864335,1
38.01203036721291,14.528012340519659,14.18008594820634,0.7598327761565203,12.369571316696987,1
2.0847549053684453,10.371935834610266,0.19701619244378765,0.1957304100846915,1.8744475551630493,0
29.07142866198235,12.722606288847146,11.876008830574404,0.928097522508164,13.547123947532588,1
21.272932529988132,13.44384420460399,10.51760054648486,0.8861875776792558,5.510562844564254,1
49.787570989671806,20.860516373055304,13.786411179892573,0.7091181381498566,13.717578985684373,1
0.6989900458885517,9.590226754833171,1.2480842956889655,0.22885189112076165,1.2138759891410609,0
4.597345521416622,9.66922617374139,1.873254190470482,0.13888794463350168,0.40850944883666895,0
42.89100676613609,19.866617607624935,13.871500355009214,0.8252959296295235,9.902017808375476,1
4.445580718012695,9.801013981015952,1.2648701030499099,0.27671733116715985,1.0256798362140584,0
26.848485815034543,22.84460535423699,5.5511616229127245,0.7113162258077327,6.017084245425931,1
0.9583575292540847,9.583265998269804,0.6256582335540128,0.02834786049974861,1.1695760459016824,0
16.885358613622074,23.80308280951067,13.70839543940974,0.762515309764192,5.715270527692072,1
4.925892820920357,10.314911603192789,0.680418242746335,0.16290127626843823,1.1054044445082734,0
1.5281402203359469,10.401479241882926,0.7652635578061793,0.06594412463235895,0.2919296930739588,0
31.665603901692897,23.954530592667552,9.876688292310797,0.719091050269935,7.292400198119392,1
0.8734075012751524,10.099205647673584,0.6097645361586401,0.14649287718953405,1.3096780197342028,0
3.4139922507939313,9.609883606313863,1.1755013609446572,0.06165953157616341,1.219407369523251,0
25.373788643316214,12.555034605536427,11.84805869022415,0.7787545831431911,14.589302063225768,1
35.79040239402794,12.161959354289763,8.423464139559513,0.9906777348141242,10.55450752268743,1
46.73621448611887,24.51704696095792,13.526707595416397,0.9633007684100694,10.98828915913163,1
19.450308260995648,19.982814818597014,13.102873605681962,0.9258947290397836,7.46162460032067,1
4.028049892479099,9.409968784683251,0.7224541651954846,0.0241599771918084,0.7031475627681392,0
21.889438546429755,14.35554869998949,5.877207750135152,0.9564034348484066,10.788068982045754,1
1.9314715209847328,9.522694999009149,0.8645340070270227,0.1203774548563496,0.5161016094957827,0
40.053956794508736,21.400855202101187,6.6945778564903735,0.7945259362806307,13.441785085044625,1
2.8474259853060873,9.056379933167467,0.3220743814076028,0.07743932465558907,1.440454115412586,0
27.144988789101898,17.40405351157934,8.782666216549211,0.8699292697400681,5.789402784981902,1
2.7038371911812957,9.345154768985584,0.27366241632815624,0.29565375445856074,0.03494643004400366,0
0.24741743573186148,9.14898159717265,0.6479850009312111,0.15116490764873564,1.986506142369588,0
0.7052887799086455,9.40475250067365,0.6406371471395189,0.26577670931702924,1.5334768374120384,0
1.381281728008843,10.402663479508261,1.2509012371179002,0.14510691937476314,1.1603118199215483,0
38.758635859257204,21.689209671637382,10.142483559214085,0.7236259443320325,5.346862352063569,1
45.09417182961843,16.872538208414507,14.928317948823985,0.9041504107920693,9.239986983579822,1
18.249372007390864,21.189954463029956,5.822288527776696,0.7000496489503434,6.202302261877474,1
20.421917912861304,18.998643038410084,12.666242722129128,0.9964913702772396,13.843972763852587,1
0.7086316588319885,9.76886352715624,0.6807465429496955,0.13942617818290218,1.270153807254385,0
4.287982653568935,9.162381744676978,0.27622295949002007,0.07376614502471575,1.145324818241282,0
39.55736890165497,22.19243709818808,14.388448533899291,0.9995037382824998,10.496169934714269,1
29.34715957034814,19.674363562816502,7.840195300334542,0.9537987566724377,14.812383510066343,1
1.4291930205322823,9.210494329666089,0.2747885762250821,0.02238029469507914,0.6357639639710071,0
47.080978611533055,20.564896804960107,5.406094903028907,0.7044430722142463,6.995680975302801,1
0.08642835484906408,9.259428417360478,0.6978996442976257,0.28471311265946303,0.15615879489984996,0
0.044826680164528065,10.43280230867718,0.2779917682729476,0.0863002434609741,0.2586066041928836,0
4.526522641337146,9.099253636978947,1.0553246504202025,0.1098712675773535,1.927623343034062,0
37.442915024404876,21.096082628192953,9.723363608957328,0.9722899088669217,9.095574508726095,1
3.683157849881396,10.074076334244317,1.0681121377547926,0.1478212423259108,1.939087794606305,0
2.163067486086489,9.914088139629492,0.2370598885382813,0.18917613644103867,1.7857442795042187,0
0.664975539670627,10.072943093922056,1.958166386067051,0.13877790817334099,1.4668208868520252,0
38.593135991409206,19.46699037468091,11.185471193498731,0.8701405521921778,12.980613653048902,1
19.593562482268975,21.211775100857263,5.390894889083419,0.9714595454731173,10.177736598708425,1
1.4094835614202466,10.402295811275314,0.051876712497377575,0.06522820345824877,0.9658413956240062,0
3.9366970073122425,10.279104801186048,1.4697440873167962,0.1930651084393264,1.0557493794613366,0
2.8100091854245566,9.9022402853137,1.0973239915231099,0.07372559129135628,1.5290994719380036,0
25.286759450602425,12.695235703974323,10.037090128639797,0.7545490626099857,6.611550325691531,1
32.74434240656011,16.506525399315745,14.942079899060504,0.807243276807444,11.270494173976454,1
1.7865513502782204,9.832994426405325,0.306256138819895,0.038417119897441655,1.3228031964239537,0
0.2521203918069098,10.327694861893992,1.1725844404912855,0.25466196637672445,0.020785405088417086,0
4.718692605202552,10.306488484753869,0.42135459805311837,0.005040524932158852,1.8733816836504598,0
20.718879147353462,18.689978937818175,7.7723047319454075,0.8681310528544037,12.38003283052844,1
42.51197280773286,20.763403557458425,7.877575628114302,0.8640890425883311,7.3696717262493685,1
21.388098144607646,13.401247403390693,10.416595491653656,0.8125715143380787,6.925470977683847,1
20.229864193730073,17.55493132607492,12.680760185554817,0.9865200480857597,13.91321174442565,1
49.24034634964088,23.550408175241067,13.070785808357407,0.7628103510139993,6.564351824959301,1
1.2889394394916198,10.287955673605339,0.4512688552135682,0.10840561348121142,0.8956181354439294,0
2.2279692726720954,9.681290515618926,0.4502343220565581,0.29599827147332275,0.9503865668148868,0
2.6131258613824575,9.764712603920735,0.43174529456123034,0.17768329874203256,1.9054514508802034,0
0.013798242526404936,9.855226668002526,0.7749600110456865,0.2696067057581791,0.08141434722504237,0
23.04213345800022,22.257827137756202,6.400396004480131,0.7803300883894724,7.95262357770474,1
4.013570413800512,9.510198316265177,1.336061834519704,0.15217491220074833,1.8094699796918121,0
38.67366011039368,13.508652986718584,13.103767513604529,0.7271835338889594,12.389262296454191,1
38.74141629136402,19.12266882208735,11.981630368036551,0.8918694341814022,12.76442055684268,1
4.021528602723502,10.03182354738891,0.548899776184463,0.045916963446941406,1.2639579726962917,0
39.829941615323,16.013977872376636,11.622139737909238,0.8102398958766814,14.444920461050499,1
2.500378958993339,9.474015028217574,0.8556224689842375,0.2298710311306907,0.36359376252420406,0
30.050986136080617,16.208052570147153,11.53924490067314,0.9798150292025752,6.260710064893668,1
19.148176211250615,17.979475053410894,12.234852276285395,0.8112510894206828,10.547472901676015,1
2.5717608057645824,9.037427826701576,0.21127835685564333,0.17601502357237012,0.2477172129326899,0
2.6992081393345106,9.921403759166882,1.059293163460087,0.2971132303157489,1.5832387238464485,0
44.15365004505277,21.3741389130713,13.059561278280402,0.9969237024723766,13.64431606155702,1
0.1827444996970956,10.047258066792152,0.2897033935574671,0.2711478248282793,1.5413627739390288,0
0.46376896328943373,10.169089276022564,0.06399703736389695,0.14938981821644706,1.7228729269665326,0
0.809447076832463,10.130075624131315,1.6000771357836685,0.28553838245349866,1.0988328596043175,0
4.374911707650468,10.104829964798986,0.3697783911770056,0.0907507847006702,0.9937103166160148,0
16.449651624086638,14.577443487573229,11.429920876642868,0.8188497755287815,11.06770248397003,1
39.28078808153503,19.483201571192325,12.411077970188847,0.7190309678965325,14.646975604442039,1
0.6001911806107463,9.806924607749671,1.6707323647311638,0.17729453463110975,0.8791383218270754,0
35.35284043523428,23.647029095500997,10.55436977712262,0.8810714056839015,8.460016512079894,1
3.6741654210394143,9.461894306037314,0.9216481611515943,0.20411106571508056,1.926467570132354,0
3.373172219775947,10.423433208271359,0.7245785552840525,0.2203299566243968,0.7017132868846703,0
43.43540841388064,18.037197475672915,5.398571286900867,0.9682633927833099,7.898780926985274,1
26.455865240586192,17.496068354816636,14.900554577748348,0.8107901036252279,8.66152007235867,1
0.4397854325149342,9.52893125154584,1.3377128455521203,0.2747796014710682,0.7948753691202852,0
28.087060952649836,16.501183725295924,7.448183472620325,0.8962862007713035,7.899900804136774,1
1.7797605508691383,9.010104375524705,0.013731200494856433,0.1614360053180159,1.1029717930649103,0
36.67159620867191,20.746253020886346,6.659999936086699,0.8846177154058219,14.820847400575781,1
0.704973991601574,9.576262769099753,1.1449133313597617,0.29994254435212947,0.25396324663626,0
0.4424393176637659,10.233344858198889,0.7571630890241885,0.043234860730203536,0.9863864183926956,0
1.1299354404993878,10.184700172610842,0.21456239713149428,0.0888355124472894,1.1250105419596979,0
21.86670228097293,16.696421025331954,6.818694324216663,0.9206170301607217,6.990252994330273,1
1.466610665604751,9.787606913488158,1.3465596816011511,0.2018267722951739,0.1757139514833812,0
2.078610358041146,10.232055903862548,1.4591969164705318,0.16219169835392436,1.754121365171994,0
2.516920251095272,9.310288254936573,1.8707219148575716,0.1345411025477729,1.9898025026934287,0
37.64956611741577,20.38290147305832,11.735240435180014,0.9037805875135044,6.092814187135041,1
29.824710503734163,12.52665646602393,11.478125584337983,0.8902004371395169,5.714280321562512,1
2.7923232121823647,9.751122028901849,0.5327943079533799,0.12250297305154755,0.06996255611330615,0
39.654823901671506,20.385050173836213,10.961255719044537,0.941705044195555,11.571069734837103,1
39.801948571830934,23.119579107065867,6.381727852631017,0.81572430878212,6.587368405902048,1
3.461533287471851,9.89266671949107,1.179509843560541,0.14355519038024842,1.0862492536663304,0
4.4893489441368,9.307626336999457,0.2358087340215862,0.2107560152737309,0.7428166617252716,0
1.2724127498001074,9.044058695437208,0.8211156066143239,0.008108758850667863,0.000781711693966125,0
1.561941702476577,9.80249121674433,0.04635216739402348,0.23751923500751781,1.240675549643952,0
27.92095901472917,14.738149921688496,6.378063826004423,0.9287256051934876,9.530367573638538,1
39.29218021919513,23.557535157138503,5.435154776535384,0.8251589913468044,10.935201185448099,1
37.328377110389894,23.552109179924123,14.520981614428067,0.9805342403850669,8.49007335643395,1
0.7987108171173879,9.499516679013109,0.6596074867520421,0.24594069947693503,0.38931880905826666,0
35.8126185268368,20.55899599033979,7.489875008655048,0.9210191956896955,8.81536787920047,1
40.97581094850443,21.1580987397805,5.673353988850072,0.7129794641954649,11.953652977015796,1
3.2391489212857154,10.085780872011284,0.8445916406062584,0.16077503555548073,0.4795638572832479,0
3.559854377463463,10.01303695754101,1.893418113438641,0.11015370997936694,0.079315077911567,0
0.20765014590692188,9.117895141586494,0.41062821258909143,0.2957407600659312,1.6005361054899578,0
26.622034419500544,22.325353067071248,5.698298629737257,0.8965728996012783,11.771380805787961,1
1.9699001568217152,10.015815540289696,1.5768740882553878,0.08672197079948192,1.891486398109977,0
33.4901756096385,15.428603064090188,14.856016678008684,0.7165410205483816,8.586204176168103,1
18.05497056639127,24.758660040276737,6.83997261286064,0.7826278558007851,14.544391365598058,1
44.91690692270729,18.782751280508695,8.11352843428315,0.8348049396903662,9.243810789782035,1
4.441867928565991,9.420478778181083,1.3901210328340612,0.1185417688438426,0.5242375342035019,0
39.93131238242023,24.83071620594339,8.77101079484485,0.8387917642268851,6.641101569480976,1
2.720852633075135,9.272695197359527,0.5554567155548042,0.2351118975349699,0.8349631997741682,0
36.82800163990192,24.44853190862588,14.045404349276255,0.7453411590469726,5.425527746072146,1
2.401919123607854,9.723692899743885,1.1964361836628208,0.2365556004453095,0.31717190216274194,0
4.254299630277002,10.421616207102268,0.23137004043594334,0.06393671056473348,0.17972576946982066,0
40.395651746949596,12.37689182462808,12.256555579869733,0.9734393254578181,5.563817657713872,1
38.88613425257244,18.557077582310114,14.510015816762412,0.7299680375564496,12.986055122750631,1
32.61906182925529,23.78617827754306,9.742903555138193,0.7427636557434516,7.892922146309954,1
3.7538962107939944,9.481467908975587,1.5138608663644957,0.23535622806594048,1.0668006413010256,0
44.52900444410911,13.317966301898668,5.336410055845636,0.736393691155826,11.935971886978223,1
1.1706282045928966,10.075426117975073,0.3730678436723167,0.02791473389643877,1.1490860241004552,0
38.20192639709313,19.47144447821767,14.862697758262694,0.759410185055946,6.729039910694727,1
45.635038168570105,21.99536141248675,13.429923545469949,0.752807562160361,8.038531488749417,1
4.585876306236845,9.193911319453006,0.8085795668099491,0.0008901176131472898,1.6149073199314206,0
4.376899889595434,9.209032887391036,0.7979608091226047,0.08494535102289529,0.019362170559299008,0
1.5695856280469611,10.00098374216504,0.37540196726452635,0.2855353147905454,0.3775753683814653,0
39.63926027037918,21.480637839934346,13.34471442969435,0.8456621799600947,14.686587973345098,1
3.6270496827122427,9.675071155037193,0.5146995783304338,0.005673036823409483,1.340927713587202,0
4.687720727430404,9.891348187861865,1.9857121877854598,0.2561457815589871,1.9071958716299062,0
39.922155218025736,24.04167125641806,11.201391949221275,0.9762097072857222,7.350243759508777,1
2.9098667902070305,9.16428771735251,1.0035671951404175,0.27934140025160353,1.0129150908904576,0
30.88169668623693,21.406718905754822,5.334473099323912,0.9258492711920911,8.612025777824961,1
37.63276767104141,23.91139579621185,6.767696505333429,0.8211082630068129,6.562902809818412,1
37.75484441902317,21.75192445721214,14.373285801151033,0.9112784770882649,10.438723555599344,1
26.249175006165554,20.76413029657867,12.571618488220965,0.7991584704061028,6.643411855306445,1
0.518219633281295,9.84744132607947,0.3850118662926749,0.21244346537177192,0.5569226124357833,0
21.83610936901757,24.2127559436887,12.944314345690218,0.9426076468567427,8.897648751959286,1
44.52735763614923,18.774201275907096,14.221455443580206,0.7613833771900355,6.022737987642167,1
47.81238283764913,19.707536256638214,6.867506132549059,0.9455244498110469,10.48587614549599,1
1.737348206892912,9.760131687895164,1.4046836585852716,0.28896758589851324,0.28799968877612736,0
25.38244521738887,14.678001380482025,13.970868560191548,0.7446146706700314,11.865194587244616,1
3.8441540512385126,9.235972452344962,0.4508053126539182,0.2284169084764234,1.053975807604688,0
1.956995445183785,9.645592990311474,1.262093897992363,0.12217792745835572,0.19407202274432644,0
42.82061192812597,12.076321843674469,6.123672533536116,0.8661906366421186,8.499541737155742,1
20.20024676881019,14.166512751046275,6.976734382158951,0.8259880636678576,11.238992690441536,1
3.9339002594388113,9.847385677556966,1.2705680999584075,0.018676216819743872,1.171759357452189,0
3.323996383446985,9.252031123884146,1.634066054440672,0.04841031688631065,0.6519714016154992,0
21.594398884539366,22.627039047146063,5.335339389897586,0.9188731694705993,5.5650758685849055,1
45.53289847131481,19.68018580231032,10.723245754536013,0.733502554794799,7.002594523103034,1
1.2741329330278828,9.752654992766931,0.2689322003830277,0.13835868118567995,1.2494569486282598,0
0.8131662687444419,10.126721027539327,0.333001720809158,0.144760196863337,1.386827205322186,0
3.383623103649546,9.460016107894102,1.7246862657994428,0.10413242560871384,1.6976613961681504,0
26.526059708530727,18.348542318049,14.287618382249466,0.8413326592526658,14.96554061393389,1
48.0031892643324,21.015248197943283,10.005803396724524,0.7584901923517358,13.82392736376871,1
19.626272901611735,24.13023658953498,9.26635324645257,0.9730197536605207,7.944069943588227,1
2.2821731603345747,9.071248362926852,1.457732704955825,0.030263778683671392,0.47400815657986173,0
1.2211602983896435,10.04031103095565,1.4714267009645445,0.0821888757991848,0.05393975660105488,0
1.1540563048867936,9.308674379074057,0.44380518724806994,0.1144835622654406,1.0702063251537768,0
1.204463347058653,9.110888364837127,1.6042092717218333,0.16774857946601027,1.36325506157435,0
4.070135556512858,9.516171702867894,1.7940747558331012,0.2660639035413391,0.2834090415675077,0
30.319470136600447,14.82121330994498,6.710050166537823,0.9231765269677503,10.748891227939968,1
0.2129018490059953,10.3900957876776,1.645296353689081,0.26031075502522044,1.829653550571374,0
28.594834636096955,18.507308775732763,6.733575390543659,0.8180545187946664,8.854944433069235,1
32.356382831539,13.707357301988882,14.755133661847646,0.7389828998769192,9.448063436115085,1
4.570982680046504,9.602216973913439,1.6469568988414194,0.07497283480501812,0.28013701465852314,0
1.2056859337417036,10.291645214677128,1.7295573260330994,0.24805869477498035,0.6827955500786507,0
1.227900664328676,9.027863393647683,0.9793611027625433,0.13448737326145918,0.1201299796868609,0
18.945744021588794,24.276338540403245,11.561011811911932,0.740902219355015,13.1206420078965,1
30.66473192868711,24.82012043790732,11.338725263064763,0.8062089163785773,5.168680114678583,1
3.8967329340601706,10.074394892689817,1.3027334151120258,0.12999524980458715,0.7335405658018996,0
3.7750959902016734,9.878196141889413,1.6842524990172567,0.07794000469101488,1.3057241295608242,0
0.6943144757974856,10.27273196715719,1.8786367300984457,0.016742653371972192,1.4025041282006137,0
3.3887623013664125,9.5230121572614,1.7527938754888785,0.15276871981062934,1.2964936450921645,0
37.25567080710231,18.7251686008551,11.024257488154204,0.7054160148724076,5.040659299476641,1
4.125119765255915,9.549840711854419,0.3709022774104225,0.2026600929145413,0.1575218072712785,0
2.5880714537897074,10.076862680888656,0.3436884139062222,0.13724415964462988,0.29609575380691244,0
32.05005661188029,14.275095280868953,6.013939386272073,0.7939877044411009,9.652066796000124,1
0.9480958059895828,9.412864964951543,1.4050918923722495,0.0745034481090407,0.7950539789111382,0
44.48079976346256,22.199637266405965,14.83276088517724,0.8115792416016856,14.068326048570984,1
2.7373365838626795,9.841930316374162,1.7768944269548999,0.01631452655441653,1.2562826450200055,0
4.33226085863126,9.82764602780946,1.8084190960265287,0.0007894932064454241,1.259976227185993,0
18.521966954160234,18.278270771126884,10.130814107295254,0.8718934778978663,11.629583664462553,1
2.606828794720901,9.350458647092536,0.9680372693388308,0.13786752173314787,1.382888854830623,0
24.861329201881652,21.78282014186543,7.609996553175906,0.9442992736903514,13.19659146965964,1
26.98820785081095,13.330164907646722,8.36835844893233,0.7205453993333223,13.028202053414548,1
3.2295013747080286,9.597221634458466,1.0120384710732113,0.1156777490330573,0.8252220582588803,0
1.3314480729490703,9.932640822701645,0.5173073295807773,0.06753798814307363,0.042416101262830574,0
3.611022798342315,9.388769053060985,0.11414426721410686,0.01663267384566931,0.02262617154662583,0
22.09180686662438,23.538677312911734,7.8848841038295,0.7993678868270949,7.179771799519773,1
39.36197152431852,20.32445160919441,8.56532125619184,0.8130182244369936,13.455611905103043,1
18.67006550327748,17.92301620094807,7.29254872980115,0.9163646771668443,14.702378247258904,1
3.90696615112119,9.583987839333634,1.528645754286344,0.03576377043165332,0.08425603925459524,0
24.671442513969666,15.954635979295706,9.004535132348881,0.8214793283398888,12.714090118431809,1
17.97466811180801,12.86538873721404,14.05121852246986,0.9007321398422227,11.71118288131538,1
26.517079493542262,16.77057553107832,9.204600808345885,0.7968105612216807,10.574550522726264,1
28.81332366973322,18.248829191611506,12.77240703317156,0.9306189947541555,11.095866214277354,1
2.1760999343873593,9.353915285101998,1.5046592387745084,0.2211609754278759,0.04447989161620036,0
1.6418991954019835,9.174840922156276,0.04333483436833596,0.055389707148128874,0.3739326121274258,0
0.692250734424395,9.980548682018938,0.9519659889745191,0.22299930879468685,0.0602055826239809,0
3.0574903099510156,9.239590777168218,0.7801112633472129,0.02573034140503484,1.1590564085136847,0
29.285740031490125,13.78664373877357,11.30283655822188,0.9621238295225532,5.749533441947607,1
18.91115143168705,14.461641068391113,11.784899434420119,0.722324357960782,12.431636720944795,1
4.296114019508986,9.121314659690217,0.2105205233975187,0.25936063139383414,1.0065534397725262,0
3.1314326725213593,9.738796948206467,1.1254101945400727,0.08864860339149665,1.7106435639038269,0
25.107137579368985,23.23361044461022,11.148628486552154,0.7702488255021209,10.241618154622122,1
22.210493964323533,13.84558625157016,6.622828695337835,0.9968326024048588,11.522510548976943,1
20.227217292146555,14.888587398352486,13.790932903583894,0.9022963298294825,9.989187102566738,1
47.95459070763989,17.508502173917712,11.012372460612102,0.8451013776996972,13.8138539648782,1
2.3834367071380913,9.15834123192045,0.21299417409005716,0.2892332858238964,1.9587354674495372,0
0.6941073681784959,9.287017047283703,0.726986842109514,0.17753594509514864,0.6671073483474761,0
35.852105220072836,19.53969726008811,14.235086937027555,0.9370108941928822,13.568476646029737,1
37.66108451816949,18.366482580657724,10.528598741815461,0.8509137203658387,5.53792943727734,1
1.932839844815829,10.272507974946766,1.9211331856359668,0.1708187178412056,0.9131841244324366,0
42.87732754535551,17.934561436453194,6.806096125070575,0.8972860009939116,10.967269645343475,1
4.444259288622025,9.52718743146808,1.2676907157338348,0.19030034109777477,0.36866378522847243,0
4.223976541906852,10.494810408168451,1.915209236347297,0.11485420051131129,0.39640849966104863,0
4.473130944921867,9.150223707468706,1.2331149536815889,0.10193455693359543,1.6085457709420676,0
1.234523221414765,9.03619451057769,1.2523672441576568,0.23851132074993764,1.7782809881801651,0
3.4547632160650856,10.109654447463289,0.06418228915897184,0.00640894892908872,0.07222022396438565,0
48.368584620082316,22.63062895349127,5.117998964412646,0.780553898541537,7.051352510537229,1
1.8507496527363516,10.12242422513855,1.7325871058394695,0.22402053592241641,1.292950202191145,0
27.463536715860748,22.211274915819956,14.891894335735694,0.7551931164028809,8.415226688933034,1
4.796520622226126,9.871582078403446,1.8250530049445322,0.0042688112918842554,1.5889412934720115,0
27.815705441570163,16.040439718535488,6.477408080541565,0.8866624628913482,10.572977603652866,1
2.779181333463576,10.359725895744317,0.14473589151015398,0.1813171536632733,1.5396069459640491,0
2.956866365550819,9.879943631955921,1.7403673719448025,0.2567450103126037,1.6738840669198956,0
19.573416134869255,19.94110217006538,11.88125603584087,0.9108808680637134,10.323539761386062,1
2.557338471730529,10.256501934948911,0.46142393929951586,0.21927106055121828,0.811647992772977,0
26.899051606190458,13.385712360554852,11.826212498968077,0.740935697236564,7.937758070011121,1
3.109837311501895,9.26176232017086,1.5195702402776485,0.29347513021099514,1.5748522327842391,0
3.4364630821426942,9.656685181095112,1.7138623657675476,0.1177351541704423,0.9365440433131138,0
46.25888931296244,24.345549914226602,9.183623219078502,0.8638657610305277,10.768954210424889,1
4.476908110173655,9.740551045269031,0.21778701645345455,0.11060141505039646,1.100723770880226,0
49.889965143274146,22.33348556221175,5.248332372859766,0.8106262512342718,7.472106361330049,1
38.91448188012848,22.939887510713582,7.557276184671932,0.8867303308235339,5.606042153989654,1
0.009976140032422753,10.19082462632057,1.6865981151825318,0.2886545079694842,0.4367652229055583,0
1.080087889696077,10.189887769466067,0.5396939159377068,0.26308422658189995,0.19670901138029095,0
1.3423123106590085,9.729870336220907,0.9480730169721587,0.0906158109503989,0.5274623160807375,0
24.396359884612018,22.934796375171306,13.079533965459746,0.8737316202878006,11.465627536872702,1
21.463602169228675,18.545967164815472,7.214217867702533,0.8134209351010456,13.53454227409543,1
3.644458390648635,9.89714451071513,1.8262001376040387,0.04362227491675167,0.11949721064705199,0
3.040830567517397,9.316020993006068,1.7002725676592123,0.16466966380491607,1.467003365792274,0
1.8748691807438127,9.646700517375983,0.032064688852060375,0.025063736164861395,1.010096040022474,0
1.800077698333658,10.415531899122355,0.8491442367121522,0.2691150655639393,1.7156187796160314,0
0.17658304297441807,9.212513286579494,0.6476935089550393,0.09314414214292922,1.6007733931196784,0
0.10012195234815002,10.394985036446972,1.2547322755182158,0.24853692011078493,1.0814445460397466,0
15.237869966128,17.37781547454846,12.339878340943855,0.9485677896623064,5.622859486830977,1
2.231434780692261,9.270785742341692,0.7948009742662694,0.08461371025030316,0.8009294530303406,0
40.94416298948087,22.946880944837623,8.775686851477522,0.703992939169193,7.597359383744797,1
2.2105067481849816,9.194393203206813,0.8293275018937645,0.2454526249861648,1.1628712589291088,0
3.1152475004000637,9.658877592308096,1.615837403304986,0.20718336243866994,0.22293837239510927,0
1.6800031700169427,10.094861001748722,0.29444101143623924,0.04694793422968202,1.122628040657711,0
4.702806437363181,9.857001352233425,0.8481089034078948,0.0020384782197428006,0.2668272455481562,0
47.67267377886084,24.81868105925455,8.35430651331066,0.8773320458810385,12.729847545709518,1
34.90496933334455,18.857089070830995,9.775853915400994,0.8011191208035724,14.087636330396196,1
2.8415084827113475,9.509045503919697,0.9434317211457497,0.09018965538134008,0.521078743226935,0
38.001192754573836,22.03615685037799,13.740993907642146,0.8176661250858792,13.114298926822551,1
16.59000156903079,22.25568358104821,10.462340639533881,0.9485312188322017,7.130159833981281,1
16.08831148386325,20.19638653843441,8.165445383822648,0.9209128203142893,5.459151362696057,1
4.580230094790586,10.145954695150087,0.6135147382467787,0.0717326827216226,0.8801791114276585,0
3.605160423257315,9.330040045817578,1.755702421452168,0.11632749304490772,1.801804977978209,0
1.321670934879922,9.12382992934831,1.1778633672712435,0.14160276827179083,1.501254755779558,0
42.42234568434723,12.47782572017257,9.895266866866805,0.8591224370240689,11.88712060676124,1
0.5490331197398274,9.65044039118772,0.8615693042453878,0.29169140718806735,0.9319000677955349,0
19.43064356019374,14.200758677042575,11.692500643838276,0.8124585081467196,11.234214019228718,1
0.4844680796143286,9.32074291654356,0.004977278469880719,0.021589544947497874,1.2703935368682095,0
30.830636634289647,16.908505528113967,7.948827726609973,0.9982612635767045,12.335492939723778,1
0.4290563922011065,10.142392052222037,1.0323829333905041,0.1712847305827882,1.331053930872682,0
23.655033843660664,19.000247489625682,7.913133911551347,0.7441359052439152,14.946279185057321,1
15.1012661473858,19.956821289584468,14.526624749262835,0.7770879492374695,13.161933311721665,1
45.8700627275137,19.381360959867823,6.26800542853874,0.8100568001372517,9.45920951735377,1
21.556024462517286,17.50542736335552,13.478417974531032,0.9515175796520581,6.851403319739475,1
21.835490757335613,17.30589555232708,13.060918571559322,0.8835787485745685,13.25412505952615,1
19.776967996665903,23.167575416194026,6.117741059162033,0.7264542552088229,7.770751756167103,1
19.74366984098954,16.69596238166915,11.669038308661737,0.8675592382243082,10.489697589118197,1
16.548477359384087,13.545734585444674,10.151174169789623,0.9998826608476676,14.493656497813646,1
0.478031420696039,9.454510051151274,0.46173513160234547,0.06701690050092854,1.2770110517905358,0
3.1585605133758623,9.741900632764084,0.94205055943353,0.2487575252260184,0.16146869049586265,0
0.28491226755226196,9.160113026841653,0.5520961595425984,0.0659910012325964,1.7479712402976708,0
4.83030288728601,9.713420566877524,1.020578065345051,0.21209946148822076,1.368533595607181,0
3.006723349535405,9.23191986602975,0.3277166345374394,0.17515884093857584,0.6669370795696157,0
3.116716206507472,9.594122614821336,1.1649314613017545,0.14552694149057985,0.5478699569577681,0
39.705514986863655,16.974302584333753,14.765750318871623,0.9010609544669206,11.599183331425895,1
3.5316777972580797,10.050680013721667,0.9283097060104182,0.2852938238434184,1.744458339468292,0
18.506489151636455,20.103822720073143,9.68518163405075,0.8886096844977145,11.77960752615413,1
23.719224484942995,22.428535922471205,10.140399750447735,0.7747252557199846,10.272937788595542,1
24.92277673472669,18.86439396363725,11.823245786079914,0.73756777987997,8.542397241465354,1
0.12199186670624584,9.499920280575273,0.043306076983073316,0.042689277986799966,0.3601587523268228,0
45.30920609650305,17.10717275943729,12.066319259638561,0.9196523943310755,8.002741301269902,1
2.1127180332399593,10.03825339626366,1.9462333720187646,0.008668212706895094,0.6281699006480519,0
45.23101500793382,20.972981595617515,11.581546851527182,0.7662521116854154,9.078423113495825,1
3.097243522616516,9.757237087395726,1.7441237283626285,0.11957870120040615,0.025117359653823,0
3.683664729284965,10.115353695119511,0.9810866171432735,0.035079714678203276,0.5858068067456781,0
45.943821127235324,15.89438282206522,6.36933412141511,0.7506596252412768,14.345798638819616,1
4.996202901122199,10.429383215333159,1.43648469050707,0.2239322499066275,1.5184201952180347,0
39.21172423893579,16.776872886673956,5.731580213942443,0.9214298131923327,14.652012933777062,1
42.14058886972177,23.31707708171728,9.562107542826055,0.8090117878540388,14.833526147022265,1
3.214574911520065,9.888902716883354,0.3621497628041699,0.010323313771357378,0.977354262655777,0
0.8435522837847431,9.86956085864684,0.7470229815092577,0.1386702518545338,0.391726009651032,0
3.30613752136797,10.222358245507458,0.6665752269648604,0.2697825694853147,0.9698017457660528,0
33.53834207153303,24.578387665765216,14.046918080457035,0.8828177892961161,5.389034677630975,1
46.39432931794525,20.746466571349465,12.918763562297645,0.8403038453408251,13.51897738445768,1
2.0855517073280447,9.69083294321062,1.1802951620257005,0.059139816557415154,1.8546656816567226,0
1.7959061699666208,9.70626497003509,1.5095141562693024,0.08925405027761146,0.40326284710872273,0
3.357476276457954,9.854344110997374,1.3130212978947264,0.034657203692323335,0.9520360757682147,0
1.3160232444617381,9.267379582482844,1.3999793424948186,0.0630820600879092,1.560171916834953,0
4.124508038635668,9.113997366024615,1.1227100566870807,0.12003689780114013,1.6129051353908033,0
45.91624008044232,14.199966500398038,8.372108724538062,0.7436101362691413,11.036245213506163,1
3.522599468138217,9.660425570459974,1.7567753325052924,0.04130583951598251,0.5206771677980178,0
26.213973925611754,16.943595202594363,7.037662595319999,0.8083708709714255,7.3804567686031515,1
31.30912003974439,13.84806107863949,6.781076559584356,0.8132638163827381,7.100741950867814,1
41.54841243164399,12.202949066153408,6.1323043921065885,0.7088753374940493,6.354451162811285,1
2.455009851063809,9.14479883326784,1.8369388002027152,0.20059815706229137,0.49410163830390186,0
27.257106409786285,24.494898313727568,6.309787964364207,0.9971027571383241,5.1245169144781,1
36.48040111223915,13.039384986174934,5.6537357044630365,0.7915027712490176,9.302459965387463,1
2.936946662197257,9.050020294581815,0.6219841942808195,0.04491687068302347,1.9556932914900675,0
3.2540312168149397,10.44215396385017,0.3856476345266935,0.2727908493348463,1.2120958985480332,0
31.328332884738547,17.886043419896836,7.267898803820688,0.847014030190947,8.63893455335357,1
2.618981866861393,9.395466469917471,0.2831449827856267,0.048150938379724284,1.7338693078915974,0
22.91271275627831,17.971893938970343,10.529173528064463,0.7823289270945493,8.435542508695008,1
40.796916120610064,23.06200648025571,5.986722660266749,0.7759306765794688,6.354461955718282,1
3.9324091642457053,10.067877655875648,0.023559467944034074,0.0927651277511017,1.740466955755841,0
31.776377511380932,12.66453046046033,11.806128120674648,0.8623949144926161,11.474228989586328,1
36.29132672958899,16.77184097780054,5.603103840243988,0.7225744848990335,9.203825416277608,1
0.4702208975055272,10.284256956676881,1.5398140660233253,0.17714746014703428,1.8371902622018144,0
43.913050584741,15.483022596826874,8.018742152304124,0.965262183581201,11.500035802637596,1
15.244311355964447,23.34293743936817,5.563012521035699,0.8958294189615631,8.771841444231505,1
2.759473245526045,9.877944719935721,1.550095756954559,0.09203463185761813,1.0549395641090316,0
4.182853813031652,10.073775696443715,1.2799784500714828,0.06837741755659464,1.7056079665529444,0
0.9387833445248855,10.387892698998613,0.24810289694626664,0.1893548566735008,1.565385099385076,0
4.281224969729417,9.760924157488084,1.2492981180365144,0.25637154206879387,0.4646401203534307,0
4.44502423035548,9.188236377184982,0.9006153049444556,0.12695814195105393,0.6475904767878429,0
1.6330634013089713,9.422679930631018,1.1802775711244773,0.2656860792764236,1.2739556821447788,0
49.807925151522085,13.169108146552706,13.11346301577703,0.9801784538365897,14.121156319228172,1
3.694655907435571,9.864873554258464,0.28953500548112365,0.24098678919435124,0.6150850571054962,0
1.509750882072984,9.512741047116037,0.014626237934369124,0.08912365912849438,0.9446107483200168,0
20.5240157857199,20.021666221240768,10.987831189772535,0.8758516180398391,11.418898092248384,1
4.791314635930684,9.528680979054894,0.5679048089351428,0.19404946285114336,1.2718282210848098,0
3.2716965648069523,9.729870842535677,1.5166641736688675,0.1277032442971714,0.2551968136658762,0
18.894516363003078,15.568743291918487,14.934311455262963,0.8973880551649941,13.027823300425695,1
32.559798566734024,22.00605776266029,11.364155853388137,0.9524262075823999,9.864334585878938,1
29.967199883523826,22.5875735522639,10.17244215170084,0.947838837495799,14.921866035790416,1
3.1071681726281932,10.136745956150715,1.121667656223423,0.04775003192571801,0.6384309241568622,0
48.470065486698395,20.418217671554977,14.593627732679462,0.7816823530887826,14.465158139508883,1
44.26101992546945,20.024560290023707,6.76578972489464,0.9418914941749581,11.581294714872124,1
1.2661636760903994,10.357162112249675,0.17011776321017136,0.04619612733052667,0.6410210662636022,0
45.92221703192117,12.20579801389022,5.66923062523292,0.7484736945579444,5.300378130881455,1
0.05669529117194816,9.069127044202409,0.9384100012392764,0.17437481838245247,1.2489376210159273,0
3.467522643123708,9.878143242697618,0.6449737436101886,0.1299129593726369,0.17881176239841534,0
3.0682632235841996,9.549617390574364,1.5358248738611815,0.16092563980292013,0.42407833423357344,0
1.1319520172986686,9.824298685783837,0.14040162911590337,0.022341239660560706,1.1216272063207002,0
25.42316728829976,20.229043022846938,14.12792445029275,0.8873628308990844,8.037718374168552,1
48.40571803298901,23.18756893859513,11.776131352964558,0.7601575232767707,5.726214739789624,1
28.867314170469992,17.121584597754865,7.104329968932267,0.8210875385533364,11.337318202824207,1
4.533111825183973,9.782893932937954,1.8088771346754633,0.2704830168564966,0.3940681277742366,0
34.22331165307702,19.954082534273816,12.70457949520088,0.9375051444667747,10.18703179122621,1
3.44183830759613,10.483855241659063,1.3307625236419827,0.020632179849213794,1.176848699390381,0
1.297441610340132,9.724365327525444,1.5232031385020028,0.13171200332515884,1.903136840070494,0
40.653557313481876,12.211106895341308,5.1481213343339105,0.708794037264267,7.193584417825805,1
4.03142987220905,10.003019314101866,1.5186954044462675,0.25983823848290494,0.015821415109934733,0
46.42481418352017,21.091929471920217,12.902008240385598,0.7372504617018377,6.349869887075079,1
0.5487340635496807,10.117924692593153,0.7848972774021588,0.0072302241239689865,1.8782661340294764,0
0.9771767919563412,9.952869140180985,0.08620106891666235,0.2980416828772886,0.0535178129854581,0
47.87278809668615,13.286005249702406,12.985791285126597,0.9012355844794251,8.147207425384025,1
17.76077607692755,19.903558631029192,6.943584694494286,0.9082763689058576,12.853911750171772,1
1.4693433096185076,9.231259731078616,1.0712831459504581,0.1311119976015766,1.7861331271672305,0
2.5125012250919716,10.383570872758257,0.8800776110463717,0.25122528265229066,0.9916874423771145,0
37.532802821508966,15.24109589015532,9.946035012253727,0.9174885091787892,6.933747727438662,1
40.859992720901886,20.08159895911326,8.865392921383478,0.7650583398388004,14.256145840098307,1
35.56088851271939,24.958393774549315,11.225364311332253,0.9257703166919767,6.921209012146596,1
23.143457362522845,13.232916000552107,14.756201157158642,0.82776905924067,5.0222032201019555,1
46.080152851905765,22.032832734950983,7.999769593994477,0.9230452528189956,10.493910829733,1
0.16062574129736384,10.067661200745702,0.4517159256113732,0.05626580616169619,1.6006371371985006,0
0.8106506957337284,9.98419941636661,0.9481469214287523,0.1136767368096882,1.5891351279106318,0
2.3867585776224947,9.5933849113092,0.972344612257342,0.28200795660931655,1.3147778711271463,0
3.2395888929407564,9.7780601578211,1.4058736481017027,0.16543853715351461,1.1116275528967783,0
41.862823648388584,13.27998319123196,10.604533636006543,0.8870594959732334,7.068315810651454,1
3.831354067304437,9.875379018251474,1.1383584960958884,0.141097088701116,0.4626934631754096,0
28.36424477135169,15.101876541193121,5.710616748234872,0.7496082511541078,14.926829520836598,1
36.19635929505566,22.761310981343698,10.475613581043547,0.9194407484542991,8.472723818654734,1
35.789449933437595,23.94923470905193,14.496833729542507,0.9538022431335327,13.559344323601493,1
1.7098723806598448,10.150812470138206,0.27822573450780586,0.279043973667771,0.8368786761268578,0
2.867355338824989,10.035915534360925,0.4165606188488262,0.21575680428282676,1.1748657177687838,0
2.734289963021425,10.087656253821404,0.9738656971372648,0.14092894700072625,1.765413691669884,0
1.479468337729436,9.520866692493426,0.9797666769976403,0.2924459205333484,1.5271292440524127,0
37.333656793070844,15.931348151263645,13.201014861786712,0.9497341216825973,14.321906672536134,1
40.98564005861989,17.31771995706413,6.085171872139082,0.751916106335765,13.115700780746833,1
37.81774814614955,24.788151711834857,10.158124317052634,0.7459160166553577,6.755958806245421,1
1.361837163601397,9.89099353173995,1.5056509398113456,0.0823489330359591,1.741284074829929,0
34.336239824190514,20.702795077979893,13.19496185591406,0.8377791156354053,14.337987579698494,1
17.558048172459735,18.28818877569927,10.189793531448064,0.9796418894247513,9.211045930771688,1
29.723827197677878,12.056378709593737,7.645389378882719,0.9837715985123812,12.632232531675621,1
24.43703697869818,13.83369114667445,11.994903745971763,0.9465046467765705,5.640774931263467,1
1.3750012252544541,10.089382533508829,0.000820631674773642,0.08315223810444737,1.3585007289470232,0
32.69835071459634,22.62759991027256,10.466683024985755,0.9756240804398875,9.856485325039934,1
19.596988404226394,13.933019538655211,8.282052416279319,0.8205719272218491,9.985596505173874,1
3.6316823388939277,10.12563092312558,1.1829870543399508,0.13441934524785415,0.5215648877335155,0
0.464117838806955,9.237143305677833,1.6258410667131187,0.18827171899118098,1.0135618201730368,0
38.50509221585715,16.151300493104582,5.413638008193072,0.7521602548162047,7.59165352369326,1
42.19889292218059,19.799249835285842,10.070084289612891,0.8651775130745304,11.520850506917114,1
2.2335091897210013,10.391487198798593,0.5981261964333606,0.12018787797125192,0.7925667121349242,0
0.9108227709027855,10.45285897234222,1.3159747092959917,0.0202706169259383,1.059500143036895,0
2.956703166583401,10.197089162293704,0.5009334756309156,0.0113613028085778,1.6143573113014453,0
3.5850655688555393,9.611686024122351,0.1192641162764192,0.09118891494297891,0.6278048105364935,0
46.158550935694464,22.215829325668373,5.279977428206268,0.7196327506975161,10.25744605118544,1
1.7458554901567935,9.164822268724034,1.506569002490599,0.13410166760291017,1.2773259041348044,0
37.0439437486887,14.519984098470264,7.599392901342833,0.957630355409203,13.113362238603383,1
15.043548844621974,17.632843330299014,10.304280052251425,0.8348313422215092,14.254494465940414,1
28.768112457711233,14.0626195749631,8.908516806325096,0.7892275646088659,10.99160667067925,1
20.19310343783824,18.747495685949225,14.329561659655889,0.8607640536673935,6.229398376323967,1
38.53389071495138,24.358145116365108,8.715518670436525,0.7916313909136486,6.723934442136565,1
3.9774031379033166,9.335038514856766,0.9408371192855627,0.006002569551189496,1.0153318386097023,0
0.5046348751424229,10.390043124461995,1.7452483040444944,0.0925475150955457,0.49397563186373405,0
30.088339746460452,15.645529089924006,7.948549607098382,0.8900749106151405,12.183958813769143,1
22.66050002848045,23.991740720595143,5.170224241798293,0.8184339298189605,12.897447263329783,1
0.14831757089525166,9.888295749937933,1.908999079461466,0.20361530243704773,0.1838666238675155,0
43.265991718895464,14.00545585885597,5.055214784019908,0.8010325651017547,9.909739549950299,1
24.013898986123753,14.363170516682786,5.027081417032248,0.8463885478654847,14.286174719894419,1
1.9118066148228392,9.924654751499347,0.1311413207079457,0.0885976050203567,0.8128378895153061,0
2.37711926871844,9.243960429558141,0.1804037611697118,0.22469726332455123,0.4913335201191653,0
33.38800971616547,12.041735064826348,8.104779564461893,0.9599718931941976,8.335763945962917,1
2.1026686036414266,9.274524473533743,1.8762226332963277,0.2889772459201495,1.0227458236083817,0
3.956825021685724,9.992946027921178,0.8922121862476857,0.17325489392548182,1.5337175106404584,0
4.297816536773805,10.40887920522227,0.5765217743551272,0.20398582709031318,0.1367776246690966,0
21.088854407608427,22.50717625205933,10.45920451392471,0.8024974080961542,11.083444456294647,1
29.03197595778832,22.102783129058576,8.087843065277728,0.7147103956276711,6.807406943768791,1
30.173327666027568,17.49380803331002,11.324092887425428,0.8717396046863443,9.221060477765679,1
2.3133839525640982,9.463144941772269,0.32973275735306085,0.15544868629041825,1.8597791364651222,0
22.78820184757488,19.01047704788573,7.358817023438064,0.7103649343845069,9.022882761639462,1
39.12590376460276,17.716020959550487,13.923543709401347,0.9152189451368881,11.339708054462019,1
43.22134257209852,21.293024968847625,6.294861955670622,0.7659259356582359,12.473430084435304,1
49.61171116198579,15.43232576569476,6.666670232415792,0.8638999846401999,10.518903905114199,1
25.10825742725322,16.25673603486948,12.681972482230377,0.7519638849147844,8.81785780260938,1
39.887233294039454,18.304866652409316,12.006892058862217,0.8343418640938995,9.741928331925859,1
4.064480185914715,9.521677418248602,1.6246017002981392,0.13946430011143746,0.20228453509044986,0
2.597555836574539,9.341784603176299,0.2718212446196566,0.07147879501987577,1.8327461183903146,0
4.353079205015513,9.42712662048519,1.0035338415680075,0.06146598076842606,0.5939671369099468,0
1.6068724330355728,9.278482894902647,0.7916822109159185,0.037216086702396,0.9404336894801264,0
42.21557626805977,21.29660150600187,10.39843435981851,0.8150150532182066,9.075019812330176,1
17.482799270820568,16.135439612626904,9.15052787403876,0.7649415507185179,5.269106312020533,1
25.435706825837087,12.553118400518263,12.113031723789263,0.92030771349095,14.636226105275766,1
33.15491451245083,20.5254777662214,14.947985057432131,0.9325360187624352,10.403631110538516,1
41.62046817416584,13.651336662782825,11.955863480416035,0.8597029143560214,14.554881304672605,1
0.8847795535642183,9.189800017358834,1.9206840526938085,0.01945434717960911,1.0019455482806205,0
19.601026224070843,18.357419345069662,8.987036551758154,0.794725560441707,12.721889554985943,1
4.236412295948182,9.084873238462876,1.6155879781739009,0.031009826986305243,1.2511357558139513,0
36.01776111832962,13.838246941886618,6.17060623744776,0.8915872426415543,13.511076545842029,1
37.52814440958299,13.123875374741068,12.433658183977892,0.7626002832021224,8.884409458528744,1
19.07686910071208,19.092474768142758,13.621951380326188,0.905536591645159,13.187251375359647,1
4.965580399557153,9.950386565667083,0.7572448529667803,0.06559929431492592,0.39764240783240856,0
1.3012941551339647,9.85150182654698,0.15802054041369162,0.2790168583765526,0.5429269913970713,0
2.5584227678664604,9.723027236793278,1.2647472723208402,0.09310164434586367,1.2812446774489363,0
0.20505386725490238,10.392983467099981,0.6617738801207311,0.2739209587517381,0.21426296413507906,0
24.005294816773667,18.772285779241365,6.007607808645248,0.8711818887399208,8.902791516962639,1
2.5064104957300377,9.906312863690482,1.465047494575044,0.29740039026745374,0.5201874270155298,0
27.42757847115462,16.76417459927928,9.297715047882441,0.7275874383173668,5.0527778227486735,1
45.77840527003352,24.882705859668203,8.759457268344969,0.9844963959996119,12.610199623959115,1
3.025222012604221,9.32995687292312,1.0356047567539084,0.1737992420010944,0.3656480792813934,0
3.7096072723567963,9.211983359157305,1.643682787717389,0.23824829279121962,1.9451519414120968,0
3.646881241597719,9.428406518039509,1.0789863827237465,0.2294441755155736,0.06695866028821529,0
4.973816850590214,9.899938204582849,1.8534317300808145,0.0765084606254169,0.7968233236302993,0
36.6410400815425,17.666000140452923,6.178144643134143,0.9553154158865244,5.7151107304770274,1
2.3372124954132563,9.025837991051889,1.0863868156206722,0.18755556562836048,1.9624148374371233,0
2.060944308046138,9.218011100942135,0.8755781672745331,0.11704978334262223,0.7672854398424582,0
3.745870556475123,9.771298038892908,0.43642577033147445,0.1481375032803195,0.0017634538162414337,0
2.571881153161763,10.44472771890845,1.6876500042006959,0.27498399981898275,1.640003082989655,0
23.820661940630806,14.556668544919914,11.261121806334554,0.9467913241066233,8.620786709000297,1
4.047198113631066,9.2004790323171,0.07853043926286074,0.23687058784661325,1.2951841384477334,0
1.1733851200594203,9.665886799820445,0.09122392824727243,0.14993129150788156,1.857348812788163,0
15.488735378417894,12.136919363334407,7.167863869105342,0.8127748887200322,8.023460883150978,1
37.53660708025309,19.179046942977887,7.292949883919976,0.9494851922895244,12.355063521523434,1
2.3736327422172954,9.432154814656759,1.418441260982565,0.15720888179215425,0.1572055621778885,0
23.357104664379108,19.442101605142284,6.724638668518825,0.9177900842703857,5.608795743930517,1
33.040725562310044,24.61235837293764,6.6069663871089,0.7751774392596316,9.621030224740341,1
45.12211867428384,12.078099584397602,6.1786996377459324,0.8677061017884586,14.778688847941675,1
2.327552749743189,10.49243493168968,1.4609988205557418,0.19720252535362512,1.2793661313326685,0
0.15909645512455328,10.278266387192458,1.8831028713796114,0.26664493815924933,1.826053818793786,0
23.143678748776992,13.334491318185943,10.97217603544005,0.9100818489197094,6.955479863772224,1
0.22082194311988323,9.06011399526424,1.8865522015392764,0.24318198375871172,1.0596520888275867,0
1.0743097122294682,10.082070823851996,1.1818389261047433,0.07175893593953932,1.6473153775620073,0
48.769030753610174,18.1271022477634,9.184046597464501,0.9717247521824075,14.02580494916344,1
1.957345960693918,9.309640258672776,1.7487388438044498,0.03404635198584872,1.126258130769858,0
23.171666080740636,19.886331507933544,14.165923653643954,0.9850640822183581,5.044101339803103,1
1.5843163742638389,9.88790972757837,1.3175530255959738,0.16443962720034258,0.5440188712272973,0
27.564402830867493,17.920632458656833,11.527952026242662,0.8101477458660454,12.749882886977527,1
4.483882273819715,9.214039463158581,1.1691897455263918,0.23511319058724214,0.5473308727728787,0
1.2574956852811936,9.481528619148888,0.6056443023490266,0.051558346979559556,1.7364018950496647,0
33.09844414673415,23.510844607540523,9.213562096535759,0.8690924053175108,13.584129884358134,1
2.825858435496374,9.002804017694343,1.8661598071808383,0.0704683218384568,1.3770581061379132,0
19.760261113868513,17.949946691649508,12.108471090254177,0.8809887966035139,13.54725029417387,1
1.292475977675696,9.153513048257997,0.3131527657181712,0.15667551772218136,0.6156599211580183,0
2.3765608837890397,9.474234667564064,0.9849754108741151,0.15985382255602784,1.6924649435772317,0
1.8203523543246618,9.744357268825409,1.4592537130200585,0.21829746821168833,0.8490525291390083,0
28.011532294265454,20.77759570789314,11.369223940564291,0.799031354005531,14.86658723020724,1
2.614421458243638,10.439147604406473,0.7233207843521978,0.0884778439266273,1.2024159312095153,0
3.909112123993976,10.201812812935398,0.5118877229063727,0.0012390567415487164,0.8467009874939988,0
1.9137321271934427,9.368187417600675,0.6618446156671887,0.149503790157409,0.4953178020582021,0
17.58547168088133,14.114798281349064,11.254053570139048,0.7656397633258551,9.23378919040552,1
1.0568187322682443,9.01887370515231,0.7181705411840453,0.28859953869523,1.3798856152596346,0
27.84917518545589,23.977211229151084,11.023334638143313,0.8987956783674559,8.016926445082033,1
31.08267298193003,17.128807106823068,12.304569353928592,0.7929894645858229,10.354528826140516,1
3.197084383817894,10.423552120677435,1.4075614735860833,0.23388092548367265,0.6121339390701004,0
0.8521900807139848,10.131139737397293,0.8312363727373084,0.2741178026930062,1.2883185715867953,0
1.3320014279505998,10.230451022055878,0.8234935505098158,0.05263164559022765,0.9225069771395551,0
48.135876258605556,16.181516651426662,6.5223095675393425,0.9961603464805042,12.46246279123768,1
4.750117098387943,10.427626882766754,1.9375128908106865,0.09074666056584792,0.38322884109574606,0
4.585697575966421,10.260538761448306,0.6127344482023729,0.26665187468081103,0.08577537401465674,0
0.44612508027116804,10.332866603755015,0.005242531837125419,0.1565933619056726,0.6711276950022664,0
2.572539390392026,9.895159415754712,0.06562863324727286,0.12406546777046641,1.660774231287809,0
21.48458161146297,19.887641470232484,5.8643743594196085,0.9972710977459585,12.84384088171975,1
29.811045522755645,18.375493017072554,10.006352959482445,0.8549421604302114,7.249475406897615,1
21.913109472840624,16.86323977048213,11.935895904018846,0.9836094674443381,5.197823560802366,1
38.99498676340132,14.078661398992836,10.680920638997488,0.9464318894882158,5.387364886886625,1
3.838668256853628,10.442601847039066,0.534971898470074,0.03641172047741152,0.8051065463310976,0
25.48379780052295,19.869615669250784,7.466562402856798,0.8832531727072821,13.961666894849317,1
45.24699718256964,16.63885310957884,9.214962834427052,0.8257962100842783,13.599008903831615,1
38.08079852839074,24.70739592057121,13.198225877982829,0.9331480613823625,13.451015789810254,1
44.449379705799004,17.093632626071706,9.471713786004955,0.7358985331225197,14.378729837169388,1
1.0458770861641042,10.322559811502781,0.1182002753539344,0.06809649108263942,0.7025006607529725,0
28.63568491940442,16.01664521105484,8.452913256576284,0.9373180781426736,8.00027141592752,1
23.59243906942961,18.47887757529156,5.712045052564937,0.8152921038979849,8.556759681097436,1
16.944512353299704,17.289830453817288,7.374029307210458,0.8715035846077828,12.833898529023728,1
2.5256108616896924,9.90270620754983,1.6379210058872422,0.2656928248954184,1.2480360423109798,0
4.604193064617978,9.891345037722626,0.7065906333042622,0.012574077107329528,0.8269731055808034,0
16.541225343524044,24.584086530685937,14.180185405696786,0.7379738619737869,6.126911668437488,1
34.168539617186624,24.931473999978987,7.088148976592881,0.7391495149818571,10.94976986479507,1
1.7588597777566233,9.967478305260574,1.7712161984590078,0.16757751925669329,1.3752050216592713,0
43.08457046218303,21.890941612719416,7.576609580054445,0.7450792416536147,10.54353504758314,1
43.93165346786551,19.53151584706587,14.122434709742006,0.9659226079443934,14.276943997518352,1
1.521605205442869,9.842652223362302,0.4433371832047497,0.28408554255227597,1.6543953969301144,0
29.343998033903546,22.843193351981903,12.95365725161773,0.7634072832576752,6.838552764033031,1
4.721919877472329,10.037179331003195,0.7198311053591269,0.29996990529068734,0.6914858406627757,0
2.777697733952751,10.243432064238116,1.7455883423900052,0.08622281650155497,0.20830771319502506,0
0.8052140826545473,9.894201026810107,0.4982956114198831,0.050633255421558776,1.1189307429047626,0
3.343479647373618,9.884740603087495,1.1510565969908075,0.03309686280734146,0.704122339130707,0
39.17063862921218,12.985274191759036,8.614283883681766,0.8422394175137937,12.819636499714104,1
4.726499522242687,9.494321517218136,1.3164359871160978,0.17660137679672286,0.29924527300111503,0
3.349623230477898,10.25573151765201,0.3076281800122542,0.10213853485441461,1.3374968039915858,0
28.971369656556007,14.911117877755585,7.215615174045428,0.7356957531999042,11.49551183991466,1
1.0388060911295527,10.391296560965364,1.8443419657003701,0.2171651474830032,0.654094418057394,0
23.122873634641664,13.848664274040566,9.867034759262637,0.9503318884142284,14.545397256033182,1
3.9722518556996143,10.408050665534077,1.7521756498363332,0.21494801069057648,0.33099360749137396,0
3.2779651526440934,10.47329354256237,0.967311031369317,0.11855789998101862,0.49437095194090763,0
2.0112622251084917,9.460065230992765,0.30120918918353934,0.04308294738169869,1.0371473172513022,0
37.21128407684107,16.73549199367169,9.02250888316873,0.7069136811682133,10.890709285530576,1
24.824159685396925,17.151953379232673,10.90939874300679,0.7062791947198142,13.866109145985853,1
1.074522474689703,9.406467320938058,1.2426786199557476,0.22195853440917446,1.4793193703911542,0
17.94948846772605,15.030360186393464,5.976607962923849,0.768911975962376,12.033090268425275,1
2.0475346719462766,10.064997690855272,0.5132004469264719,0.09746156432003007,1.7933552983707812,0
0.13182318176900854,9.089380190968686,1.4252289411251122,0.0575498566833609,0.8513108704145373,0
49.61220015732584,23.360350984469058,11.32908914940507,0.9583289475872399,10.94169356352423,1
24.644314468459214,20.55878918237711,8.923160224635248,0.9113997662456969,12.592282133236665,1
19.5230255896605,13.677278447738336,7.244024155915973,0.8655751921366897,7.517234782599131,1
45.54284647531354,24.375205618002628,10.605166426124532,0.7919080309123077,9.660642481797776,1
41.027520193788405,21.107105265676665,9.905593748143612,0.7716586185003775,10.10718277912865,1
20.88796735627334,19.259350494034784,12.76383258536333,0.7640165448066818,7.964444469677204,1
46.71665860740985,14.285824711104024,8.94282714011566,0.9136232536214444,13.15421660016061,1
16.9349651138464,17.861655417990967,9.344030426365766,0.7438245200319467,9.20372809087282,1
19.614883061483248,23.873033278222344,5.2975660641771505,0.8320006383627253,14.803214925030867,1
21.166369113619425,22.311943679297478,13.515926000764415,0.7633642040505699,12.135999924047855,1
45.80481150058645,12.32708636852115,12.251748640905012,0.9996513283764205,11.396424685733493,1
1.1448574391901756,10.370348694408452,0.7191946022129183,0.21796255541096402,1.6960206335528356,0
1.0657249410267378,9.118145360980124,0.21337552476644595,0.004621648076421591,0.8423299580283059,0
19.113784767310158,22.896682245660486,7.034221557764484,0.9958010989927233,14.164334405650841,1
2.3747573293749276,9.961843913796617,1.564457720385551,0.02450461987787802,1.4169293774911,0
35.181690413981876,22.702818518773835,10.140710438727183,0.7921074766726155,5.917594766297198,1
31.122397041351444,13.440732361789756,6.828924848573648,0.7291996265354027,7.424778276679844,1
20.56011981202405,16.124110234842284,8.010287786679122,0.7198243114767194,6.534715095692069,1
25.67951120895571,22.9724205467826,11.23923901665791,0.7880314974367172,12.136122925865822,1
17.612080913256452,23.734459086539168,7.404465846836147,0.9457226505812838,11.599988663245172,1
33.91003465311882,17.97978926478752,12.831595623439362,0.7183278098445984,11.271223040686639,1
16.232050966658214,15.11227419502142,9.247021916866675,0.9138822965614625,7.993130676108403,1
29.756301245017102,19.285356456017368,7.28385036726862,0.8236639942110614,8.367898077704915,1
3.4734645852706936,9.08672280028429,1.000151800992557,0.29725668708461206,0.6157405237318829,0
23.642042039492246,14.238829788785075,8.35545537639463,0.9036441907132641,9.993933169168267,1
1.4221963365654955,10.378654051917149,0.2540471453942741,0.1296092373936555,1.533967256444257,0
28.552894090506904,24.226616746494777,8.904734738529894,0.7612275036221983,6.192063306827111,1
48.19544930848045,16.94088434083111,10.423936502500712,0.7946269398496472,8.680167616713504,1
19.651954714266523,12.937892456362626,13.277833519095669,0.827401232387598,10.18254912104532,1
45.025766507907576,19.078794202067627,14.371574856798816,0.7090510579170971,5.100960098285377,1
3.9125350884295145,9.17314916951147,0.12792554408790324,0.04765828924303549,1.5440242537774571,0
1.924430211684398,9.800649684268855,0.6083493930888464,0.1553513218207995,1.4933218174294782,0
1.0139949030753908,9.875651845838004,1.5147314412510824,0.07674861136411186,1.055441602738906,0
4.836608142613449,9.00942692499149,1.0644668178645067,0.10107577766254781,0.5824477394935199,0
3.6395365166032434,9.383551695192331,0.337035611676189,0.11445870532145537,1.0596996183334781,0
3.4203335110748734,9.906879712067713,1.9782632126192607,0.2958895323889144,1.219782870010596,0
2.332747042870888,9.382344405844966,1.488224181422793,0.27953916058561906,0.31706740979487913,0
0.27988677156201125,9.771457810216491,0.8167946548127796,0.1582454523856856,1.7204532661830956,0
2.4633791954675335,10.427231207492685,0.9521137804366346,0.259079856576436,0.11752954865056187,0
31.835867848721072,18.279916694306994,14.492340622512762,0.9833093519010379,14.13608046685267,1
2.1661571054752207,9.375787109888288,1.9306348248552838,0.0917174952219275,1.306549824128446,0
42.06385630260081,14.706415735577071,10.997992454427937,0.8598994845674981,10.735470220107427,1
27.110664980434425,21.580552879215425,11.59106520995876,0.9335042222853176,5.734702922042091,1
2.1445983250502,10.41686789439509,0.9593124999751934,0.03647753681973596,1.3613859611031778,0
38.050272362631745,19.08999866965468,14.860666583399055,0.9667169250864622,11.780727815617116,1
3.954071822088516,9.70273743065719,0.9088980791768588,0.2659088860212604,1.07764872088826,0
0.5153681832576329,9.499029687359439,0.3222983885767263,0.23454984492765069,1.4010239793141803,0
34.90671073457963,17.64451112124146,12.129695616466126,0.7950713109473405,12.145027467002219,1
46.04838623550634,17.49646346783326,13.553935802337854,0.9348999514654591,13.162269652808597,1
1.680651782034282,10.231681857638518,0.10230207749357723,0.002164594162691702,0.22652410253753597,0
17.150382874013964,18.521021535421287,5.282062131330778,0.8417737298845778,13.98840907120012,1
3.2154517972452905,9.607020246535317,0.06426040129491395,0.19528309625069673,0.7828025891455976,0
34.4976540354501,12.470419696186248,7.332561352149831,0.9114318337731993,12.729280245402997,1
3.753328817741164,10.21157983398159,1.5908259614711524,0.20852485512162658,1.0836246292096,0
0.3280117345373168,9.249735998487497,1.162188882377507,0.06972902223876477,1.8688013960282566,0
0.313579487550687,10.416912294992448,1.0951589912093787,0.15083713626285575,0.5816696530934826,0
25.044118889745413,13.857352371656223,11.753115917857457,0.8350973764439977,7.351697010699809,1
29.383627402162446,16.112127165735878,10.25196479885928,0.7194959776143934,13.504506735736294,1
1.6920784554755464,10.117323430199933,1.3202870392941586,0.08115708807117375,0.24427000309386626,0
2.9839866920528997,10.058216617351121,1.4969775246805719,0.12028666787827899,1.434006623114194,0
42.64254780827736,15.217244237234379,10.435082483597519,0.7271117566150129,9.645110051365247,1
0.4765468169447612,9.310604770110865,1.98379642905813,0.10129729303118533,0.5680815341319587,0
19.1534903967343,15.648991060311303,10.053557765301381,0.9608235336085369,14.682546148133305,1
2.8247264903294473,10.492282208354624,0.05722545588359429,0.274491648283914,1.6837815231646085,0
1.3349435061568897,9.112838383561684,0.8402823044263499,0.18545235602870033,1.5775898876212422,0
35.167748441812066,14.327809223091784,6.40827927687293,0.8962183695764271,14.474766165355849,1
1.3317925779442352,9.1040584799092,0.6275176205368393,0.2951783487192783,1.7988823956491726,0
0.4858215852183101,10.172371320792523,0.8799000429243455,0.12167430086466335,1.8407391938783562,0
21.94368330205573,23.20349809753685,11.159539610767439,0.9967068154936107,6.346696762791485,1
3.475458596319458,10.03006469696908,0.5723759421005326,0.2659438051733248,0.08888079438856056,0
42.13903439272155,15.090142691465086,5.683202722322195,0.830532619807269,8.914581239615346,1
45.58143626657065,24.422632728928654,7.023124550867415,0.9526698181762792,14.732864517349547,1
48.349371637977576,13.109995243758117,13.160148267428822,0.9676156459956482,8.778677414508854,1
3.0867674081540746,10.026766069635391,1.4161830809709006,0.20584326721109475,0.6844824741541662,0
3.434808009433245,9.202358586427014,1.0214626630883072,0.18386607495377832,0.3234638733530959,0
4.691492661638047,9.120642312846208,0.3182192130065109,0.26030340388100087,1.102957081027223,0
0.8707226414572328,9.158967297082839,0.4792347152644796,0.09416412383710772,1.0962040376443989,0
1.3724568644945552,10.412149021612088,0.12613822526653906,0.09538268975908767,0.7925232214297233,0
3.494970427395143,9.729287053157876,0.3859223970637162,0.17777983160694574,1.0892243036380722,0
33.79233719717299,16.371584906973045,5.285964704048216,0.8653302029240627,5.82181514797505,1
41.48550847991107,23.853064198595362,9.41867123801647,0.7733866234634853,8.991767021976997,1
22.13413566383256,14.593515392064571,10.98970614690532,0.7790906597906143,6.441949808780071,1
38.30037548705242,12.953275856600154,11.600547410790771,0.9791724668727348,5.745024690181832,1
2.37552425747491,9.685982584965114,0.8397526178734085,0.11349107436031236,0.993506920102939,0
4.781223276193983,10.151375201314243,1.9264089643955002,0.18149862724111282,1.858197721383834,0
23.817084966681648,14.415886157010917,6.507432596055062,0.7878947985099535,8.975126298325442,1
33.115514691503705,16.137273147303976,5.435313617880179,0.9940913136184478,11.664660954899928,1
49.010904431103846,21.881271363016722,13.47568260541089,0.7702490996954241,9.010859840749733,1
36.21282721257551,18.141495568422823,8.872520148456823,0.7504817690377384,9.41859623810624,1
21.52206335422897,22.521997083796073,9.017625479448292,0.8733271049711209,7.697087807579375,1
25.94579425897744,13.470372964483213,10.314912988645139,0.974883102168862,14.086448711192034,1
2.6683881029359875,9.96089815009703,1.1148634274579852,0.16782239936174234,1.4845802818053428,0
3.9913092698006905,10.396608258078992,0.00866663296556447,0.06987474888029394,0.8791066921524546,0
3.8325722856783404,10.315951688869486,1.4753445034797503,0.030037317255261563,0.9295419869316788,0
22.09281199505311,24.54724021325862,5.05839915733998,0.8709311511723704,5.883972469216277,1
4.374491670538989,9.3171909267783,0.6211300609345654,0.12174014432727032,0.4490935392874382,0
4.446266214674358,10.21666111952053,0.32010463541370004,0.24795335526235468,1.9452890318209635,0
0.48062664575149183,10.177319868727704,1.7046660384913543,0.2224222801833148,1.0784581086754792,0
4.647453060448756,9.926862814801204,0.42796336745433816,0.21753296200256542,0.6017566357217639,0
4.162717103651785,9.85217481864985,0.014675020711729658,0.15578015044107535,0.6205589588507099,0
24.02482778322574,21.70603571123713,10.671705022781353,0.8272432521338506,14.70669226196462,1
25.493422135793047,13.499346898492043,5.8431259022247195,0.9730058280125817,14.02765801243179,1
33.786391266147746,23.70207619247271,9.862205132075559,0.8699521192563326,8.821528471975455,1
4.989910435639379,10.063082159148442,0.46301563033947724,0.1663228782519147,0.2187609837242266,0
0.21658009727507865,9.480066779640401,0.7964584849358485,0.02835469322086388,1.0982619907336593,0
4.843352614008884,9.72619951862061,0.42522388129461164,0.13898400689285426,1.204167441852752,0
3.887734318251856,9.97550119280389,0.32382878941312354,0.07600799180506021,1.5004807745850366,0
40.48061687853189,15.496334140972142,12.20562060393825,0.7235091189383609,7.073930493388491,1
3.683586624090246,9.864563476513524,1.3465186144935537,0.1455334387541633,0.45379648623524504,0
2.5560352032118523,10.057663909282368,0.8619579224304692,0.2629500411115937,0.7642655459986774,0
0.16978631008733092,9.594221307067265,1.8745865601017784,0.08649197771280276,1.998537370392632,0
4.426327294413529,9.92864547500889,0.04340228818882852,0.2611180632157783,1.679568985390234,0
23.057989920563664,16.99262657189837,12.212294268820626,0.7893090138088941,13.796062020611812,1
0.8638807484695721,9.309143734852581,1.3526967630413,0.013193462715257875,1.641372323023956,0
18.301529464158385,14.769028494014748,7.71616799078002,0.8857389053416611,12.453456964078526,1
30.59602644519701,23.373426515415726,10.758218365217513,0.974338795656684,7.918220637679737,1
3.9872209873061495,9.515821193150028,0.4600245442132025,0.09302855237028387,0.8792958342463317,0
24.776975745446933,15.429777476897236,7.378385409374544,0.9938894885331429,8.992195412283298,1
41.1813518006085,16.77175557989905,11.041534706653618,0.9189528580953974,7.45463258019441,1
4.382133450574281,10.298977151375416,1.8895017368477232,0.03773145713345583,0.08194056868302746,0
45.28451417405887,16.62646629832347,12.685961475313459,0.9028102219948708,11.386640771596788,1
34.095128145038785,13.0277294745966,12.99872166136102,0.9768566644293082,8.873452007292798,1
4.392957037271362,9.30461707229922,0.6384581337541011,0.09456630404121928,0.2183334917561135,0
16.408042160913205,22.870479499419176,14.703061936456477,0.7250505735829393,7.466979307243476,1
43.88732744911917,19.743081811800025,13.877463379147532,0.8490110447073564,14.88322618487465,1
0.4076913673125465,10.492341182843477,0.36056041092643243,0.014634545279615807,0.8213071948333313,0
45.20094233941785,14.279952518271806,6.970359297529693,0.7048499528540791,6.318424577922728,1
3.246465650239431,10.363965203714752,0.2290729099199702,0.17677618969947662,0.16987898283596992,0
0.5553329329679124,10.16483742701405,1.5162530643991097,0.09226847750418588,0.6571561556008039,0
0.8983527799636004,9.410742700997815,1.5197122336797078,0.13062877410386972,0.15649937349339305,0
0.2513442558730655,9.06841722266778,0.374272279616654,0.030159759696966635,1.112215345844886,0
1.8590217994505824,10.448687269472337,1.3208630183205268,0.23465494807407644,0.25666410119617855,0
43.336945710363594,23.93022570894999,8.159383472231951,0.7051196249698204,13.99154186648505,1
37.200300297015346,18.26502174932089,9.979667724401114,0.7304856731775329,10.139811852170688,1
22.586025064434132,23.19501000964563,5.686442697250367,0.7781910541941921,14.73128879145641,1
3.327730414756126,9.77557832587944,0.45351003285945635,0.18804805375067016,0.9465245503697564,0
3.1766425329847974,10.066119560668044,1.7624775676547915,0.1622734577877318,0.7868355735219508,0
23.509026018094982,12.69221704013347,8.303802304374353,0.7262407056183415,10.79741822928569,1
2.6483705935041972,9.94773121104725,0.3276978935529151,0.016004110177495423,1.735527828230627,0
4.520848787232273,9.781237347665217,1.3558945917332277,0.15957669797279375,0.8696110638089245,0
2.3473975578881507,10.345437239261587,1.0392418757926507,0.28288049222224965,0.7065059883598133,0
39.74120662086105,17.64224704798626,8.020850371845807,0.8863332935629562,14.394144622441535,1
2.9031567558452225,9.602381378203981,1.2721099228243287,0.2199700193702833,0.04580102511693185,0
4.988540340009534,9.210776357709621,0.7776784662453895,0.18924364999752466,1.1809509448870872,0
15.611722593321167,18.283704088372478,14.966285954246219,0.8047062986964757,14.612545187673149,1
23.574744657117783,22.421154397827287,5.496136061937545,0.7438492441887895,6.044537712898727,1
1.2554243803051728,10.024243755659613,1.2152024732675122,0.2584605087576393,0.8602078012197654,0
27.61281777245189,17.871260169635846,9.205383659499226,0.9013453757172629,8.399121710365101,1
3.8291944394548776,9.484915383702242,0.47816772639262783,0.19456740434011233,0.0928105779219992,0
4.737986006141835,9.370999802152811,0.044329097079721214,0.1470149474782236,0.44786239208042633,0
3.9899638599570135,9.620766302696094,1.17234236963137,0.04907382279519525,0.13942272693715219,0
3.439634044892065,10.464258227687372,0.9124225061787343,0.015077512058104602,0.7880538069644973,0
38.87012194586819,13.375299182289973,14.579958210562276,0.9727408861383783,7.362201268314545,1
38.11834386981185,23.529413080878335,14.082199272930845,0.8154750113305916,14.27847311844053,1
2.6808358267905796,9.36539093408582,0.9049330575376293,0.20039081015232924,1.7541491633212376,0
2.2874551226671453,9.245899864174847,1.8785295910208906,0.09974324296239297,0.20232304725361705,0
3.3141203376009982,9.763074210925152,0.6250772660006576,0.2906727262855966,1.6017953153328355,0
4.682681045186653,10.29657261572259,1.5582417248181146,0.046967932460401096,0.933861179886208,0
0.6268535279396009,10.428309381377781,1.4906778248861268,0.10397886877911104,0.6092636445924677,0
26.221545269882302,23.924900777236946,7.502968070376152,0.8707479451753903,9.878819802967147,1
2.963653156666094,10.274527253491016,1.6818853041957127,0.27575845768486085,0.13520406255820916,0
1.9676547299471714,9.598516618727249,0.3926662424193412,0.09030366280108694,0.6598964828019276,0
31.196287857042243,14.608873057714113,7.517166159247347,0.8981260250031625,6.169359382506619,1
3.7027551057947634,10.336713642371144,0.7217523027498571,0.14521868272875157,1.8604794121704513,0
27.172163676644377,16.523887099045396,14.365154492640036,0.707752341721607,10.802955130852709,1
1.237254246618117,9.116558923778129,1.7130750470731793,0.08780396157018872,0.09922559069541803,0
4.836358111720883,10.33618853060506,1.3341060065400892,0.2570170715013066,0.1704088617828725,0
2.185807563852239,9.039823563890222,1.2049188856853927,0.12829939101389412,0.2830472682830736,0
3.3206905350428335,9.155732407884303,1.3297209818267597,0.13630401521075727,1.3028804631636468,0
39.35260061436897,24.40162621820644,10.352129977839965,0.8071311745355043,14.628401204632585,1
1.8713932862842704,10.104591780979213,1.412819027936131,0.2726576054193999,1.264111184566395,0
18.843038919663897,22.56914699421055,10.364372372142464,0.7342181133048492,6.600108752588286,1
0.890766656230646,10.138133892652721,1.540289388142576,0.23723438064126456,0.5866502488342313,0
37.45957423220116,15.988718746912301,14.360264368996432,0.7633198706349651,13.4977956942763,1
39.882767418318224,20.975990080956393,8.124911332868603,0.9207459307139279,10.504545534313277,1
27.82131167401495,22.2542458289728,14.130592138836418,0.9259950364429466,12.252493595439311,1
15.078856901746404,24.961226474710152,7.106822338503709,0.8966149446611181,14.269220045749938,1
3.4761697351571397,10.138617619608027,1.7761678823882852,0.08477764328845756,0.44864048605714624,0
2.412322245819798,10.262739252285817,1.7067092203012806,0.2537564767075091,1.194448805500022,0
37.31535848898315,18.87825167956718,8.466555831170474,0.7433266303174159,13.033942306762777,1
4.21740612423522,9.07837673568393,1.8552406629148772,0.000408576731551924,1.8783382296508122,0
2.3096220605866096,10.087909337216928,0.03297160410667099,0.022350949283106956,0.3516953690552398,0
4.896813600946469,9.361051235569507,1.6408989138453762,0.08857113280415298,0.8526751999803199,0
3.488245623037656,9.804203208592783,0.7404848233377761,0.20268237243285936,1.1072085444963005,0
3.186806955879544,9.87567842770574,0.5860636591845938,0.2842212947807236,0.7839396474821987,0
15.35251494055951,23.81489848148877,10.054782555418727,0.8048581390299141,13.190455796195407,1
2.535105466927991,9.612732456869871,1.8618025591646237,0.026860529136851607,1.2311404015556981,0
0.20738221968797543,9.912173366700237,0.6364414487471164,0.05607598057749179,1.6335299848355176,0
4.784252106086521,10.192644093555405,0.6911941586676913,0.041462293908482495,0.9301288678259572,0
41.616610467513304,13.522511347146963,7.959005639745641,0.9170320245968937,7.321775474444743,1
3.9677113783349665,9.766911309983547,0.7307092860302826,0.13444974827991824,1.8037623506102207,0
16.71180898873078,14.50941963670014,9.089430266661346,0.8139886740601747,6.986943798269914,1
15.099977598601384,19.274104093682062,7.444878705598381,0.889379300803253,7.811692814520472,1
1.0365897232685843,9.420449300458495,0.026003799626082458,0.28301414353706433,0.890727662885936,0
2.6317675470507673,9.198851308293987,0.3941712929700647,0.04253731242871502,1.3865911644394917,0
4.527288691321579,9.074220811557089,0.23864917942575592,0.008288489806890453,1.163460494196528,0
41.05414293387892,21.037501782602668,13.02379629296882,0.965342787404966,12.580282672954187,1
1.8592750409861876,10.41809076081966,1.3343174449250224,0.17864716331938177,0.704713367648383,0
27.829557484542605,23.258019893364406,8.234111324273663,0.7460905248683333,11.3949267500548,1
31.29624909362619,18.83975775912128,8.303429059327854,0.7164087018325526,11.524811979817201,1
4.079081503825595,10.481464978488095,1.0615282230228753,0.17075986564169146,1.6723336305409569,0
42.241772221291065,15.240627929507172,7.872874860291146,0.8031184906159993,6.527525608852557,1
3.7286089763166426,10.011839506333128,0.9608904770003577,0.0404803753009411,1.5708864578705168,0
41.9158006067388,16.627980789318386,7.620146920599833,0.8483048304169031,12.877190754746666,1
16.975150826052182,19.27196826218876,7.7720418565694285,0.810843258395331,9.59585155850029,1
1.4370336570936892,9.74654203438774,0.3218426451380869,0.07410409198672822,1.4234726167975493,0
1.30496907704114,10.13588816271678,0.68509452901818,0.015419901881733554,0.6873545717899616,0
4.519006640240013,9.102865922770686,1.7126852534148158,0.1672721060265264,1.3301425173747432,0
0.6481499508544469,9.941529651669171,1.0197666282180127,0.20331045493324237,0.4742663129101392,0
4.620834786150431,9.253609923247081,1.9833279277567537,0.2150457135032239,0.19675582723848528,0
2.747637879508598,9.095870963629585,0.3517531815759747,0.03390759061606866,0.693450707766853,0
4.634751857311252,9.352111126024509,1.9248100681064537,0.06306776539276193,0.7685675574459239,0
25.318826560750885,19.836583512697903,12.76056568006644,0.8042658817228336,10.253538399331118,1
4.207505100356295,10.371161386162429,1.8221415772993987,0.23114974933617272,1.1648473288602401,0
3.6411676188155835,9.877946831910725,1.3986467901867137,0.2129779700086208,1.526671760585965,0
4.93623939949391,9.315410226156528,1.4469307224537378,0.16426013055279623,1.8636136891867738,0
0.8924883998720939,9.457540115831781,1.278341643834308,0.173797397267164,1.7375709263464478,0
17.43989984539439,19.40376127335066,7.6021691187074305,0.700573603497087,14.878491374849709,1
3.5936082101311717,9.750384314060963,0.5464137764614576,0.26316472618062176,1.55331088447461,0
1.836361145257552,9.612580377401555,0.5114103917015349,0.13442552277077427,1.97300040562282,0
1.4244635712764313,10.029643750898646,0.1556284123051268,0.12287198159062834,0.9733382155037702,0
46.430136160694275,12.875630813722923,11.048467273096657,0.9355732157396858,9.038078809431733,1
49.49383746109156,23.385066934410318,7.964028288666166,0.8523838692997145,7.308406132472443,1
16.48056513754004,22.284220234392393,12.707520043113618,0.796882810280649,9.722873418748595,1
15.895702753732612,22.80947856427702,12.919630482545475,0.7398557536120096,8.353056350834066,1
19.04654453058466,19.233714462940835,10.363133095614344,0.9546441743374121,14.965515842521398,1
37.83309342913733,19.911038707195164,7.642764544088915,0.8689938713603009,12.085617642859816,1
32.91104043987526,23.34248417115974,10.898675682607958,0.9617990950860593,14.594946279169905,1
0.1164266033346878,9.570473056871466,0.3609501046102217,0.166682858098216,0.4864101887472254,0
2.19196404821671,9.665553803118517,1.617079185853565,0.26067558350121345,1.3139008486460433,0
30.21042722356605,14.872603531765964,9.253148680511472,0.769390021923399,11.65927440634181,1
3.179340764435397,9.875712614276202,0.44054513432972153,0.07891107706619051,1.5460023721229124,0
33.26774837268861,14.25501245213326,7.72765659210029,0.724870589237218,5.278159955977334,1
36.02858213185744,21.33538799382042,9.717479807982699,0.9264117646081284,9.808057942686336,1
22.823808512054683,24.605278647016995,13.025765987457657,0.8891862674335995,11.971210372237522,1
19.75073576541438,20.388164969717756,14.89485949761168,0.745005863904819,6.419448752522553,1
41.1860827542331,13.414123493023979,14.449022747551718,0.8653475241731934,11.495555210212153,1
39.933916692689785,21.60524431849788,12.297324505698912,0.7195439002146318,12.867631087403756,1
22.710450713603457,24.10428468477708,12.366212893800615,0.7056702181994252,7.398431487383384,1
4.171435109631063,10.208045244604309,0.010088327679192766,0.14366398938752825,0.08449221917562655,0
37.2249586741202,23.974220836704077,13.129824268971879,0.7664870977880622,12.986768663103605,1
26.729159353794348,20.800560375474934,9.950576724484026,0.8196541790414614,7.29555597706833,1
42.6653335891189,21.55074339890148,10.293513727531618,0.8952892966211186,11.999321856531138,1
17.83050839490424,24.561998337527996,6.868580156034158,0.8071170691919468,9.809549600517729,1
3.4371819988839656,9.293078196922263,0.9620025074275378,0.06306156488413779,0.047067429156984586,0
2.8590716579867004,9.686002330018015,1.5310952992559397,0.11341728854299614,1.9743454158828726,0
46.204090749906854,21.57972500081327,6.7207203353327145,0.8416575958910664,14.888500815082725,1
45.997375618354866,18.123325496534623,10.361436118796696,0.9593702393820807,12.972785079193333,1
17.87845401510571,16.08248473038682,7.984381268851149,0.9988144374757055,10.592271166913996,1
30.122279896670204,13.37605437930972,7.208897194756987,0.9362449532265649,9.948795471723843,1
43.13039240606305,15.325619483453343,11.936043419218791,0.8215475213200107,5.314394229745471,1
31.267613688489476,13.394152156806744,5.170395760529719,0.7385133418400499,11.226563330198058,1
2.2037026900168133,9.691240483984084,0.28015208740551123,0.05435837258103442,1.6963307869589885,0
42.38368714829535,22.647054355150942,10.414508131760112,0.7471284018444366,7.635290461062555,1
32.20072308859176,12.069580821234451,7.636602189395537,0.8223090557647809,8.141947534489251,1
2.8738394721102676,10.44872210205645,1.5711532595579232,0.2169254416848679,1.6607291667734616,0
0.42044825893347293,10.056105051850507,0.9651439073535515,0.04015616797129662,0.5294211278937686,0
0.6391553342430734,9.035147323333543,0.2764005866960195,0.25722813959495844,1.5117083897045187,0
3.0267599327976487,10.01756595338992,1.7312782412375867,0.2621473330384533,1.721438696718348,0
4.1794305015753626,10.022801337789655,0.2885718697121633,0.2961465421281806,1.5412814660035108,0
49.14000665829737,16.510047821454968,9.189140682959614,0.701920426557189,12.194148797901986,1
22.41131863452421,23.798353199595493,13.543436510669679,0.839473410828747,6.9065742163265,1
2.037400422585689,10.077800310438672,0.4124157947709022,0.209136164235636,0.028158184375205675,0
21.892020701498254,23.265946344712415,5.22259827419861,0.8596395072105343,12.766509549439444,1
0.5019333849680818,9.271517869690818,1.2265667414343902,0.19745631373879177,0.05180045642055253,0
36.99518011863798,19.675046718853054,13.191612691668634,0.773391412928353,7.324879535560729,1
21.503083762225934,16.138685370878243,13.98444744991303,0.7991959918179918,10.313474405855944,1
46.73948566966939,15.706018781098031,13.515507775127958,0.8334857308732463,12.181566959237305,1
2.7248681539534485,9.427596654305152,1.2455788950063467,0.17945774455433172,1.6773027965585956,0
4.000844604442399,9.526880071804262,0.9701562000926283,0.056387315311976494,0.9713967760097413,0
40.68642178015001,24.25876718977272,8.318833209935661,0.8099009327235894,5.835496771908547,1
29.102291683374162,14.946627345118634,5.714945774690213,0.7703092563806873,13.845229216450424,1
2.7286704308532106,9.678870052352636,1.7522743090641548,0.1196090457204417,1.3108862504691234,0
4.7554290060759,9.401432813184968,0.01235365899526375,0.2832826750611612,1.1570263725698229,0
43.79373938664622,17.387351448849124,7.811598747334693,0.838628940422546,7.379904804240212,1
37.83893569526453,13.91849815956509,9.884327427497238,0.9891639788900389,13.364884465003247,1
23.21160173506088,13.439483643513707,14.490805599945391,0.8867410349054858,5.600259494356658,1
41.76288948524203,24.608348615629033,11.405141507713108,0.8809310672230619,9.06161948509834,1
35.0203783668356,17.724230175921793,7.501554119203661,0.7401094126905613,9.02631684110681,1
49.181852688676855,23.122132740041053,6.719817460165375,0.7465039575295911,8.93312201239551,1
2.9239110155401566,9.725332898101488,1.3334140694695598,0.16280343818744178,0.796355569294138,0
3.9853250989698292,10.385344712522205,1.9277054684441715,0.10535836019219827,1.7116955636609392,0
0.7123037313020009,10.403715523158727,1.777009384782809,0.12447152126000954,0.01194968145187314,0
1.6800165877079887,9.508096890614235,1.502000673356536,0.20359795893899485,1.458960182537002,0
42.931218377924466,17.784323717535848,10.640462659186179,0.7959517029429289,6.594693453208245,1
20.194032639628272,17.548603523777313,7.609485750249476,0.9681596425651251,11.89139636851098,1
2.9374292643223137,9.37030536979671,1.694973714661566,0.1099809501337665,1.1632274396397724,0
38.92314591592939,13.575241969958718,5.573491532072346,0.8325601998014835,12.380263700085683,1
16.563632268990848,13.176268879993128,9.855250268103509,0.9397539796602928,11.280091789157193,1
4.203606429977055,9.748438908727284,0.13309273607964545,0.03961253154877824,0.8677865638185611,0
47.97083190204378,18.613730928333567,14.599658137120642,0.7598027651590618,8.4553675769568,1
46.826132554012354,19.380757425117363,10.10070538964953,0.9250388220754553,6.476135450309898,1
31.062375457712925,18.07214066328125,9.061614932042417,0.8860635399111461,9.066639292329935,1
3.6481072048295142,9.078354834666166,0.7644210163464977,0.28888102346390615,0.515871710260285,0
24.202419341653293,17.276035705227898,6.174473815938834,0.7392720810542122,13.006579087251154,1
47.83266669995226,22.07560860128161,7.6792382902883976,0.8396338940710486,13.780345058027573,1
1.349934137667204,9.995518754034793,0.742714853045644,0.06568587030364814,0.8172580274385663,0
21.485274558162402,22.880304365591968,6.464274066080794,0.8428484079576516,12.25773300478238,1
28.114080725441312,19.965086311246544,5.57974446057913,0.9073969481702792,12.822876053772468,1
2.4419942935785595,9.991172310286967,1.6721167808360695,0.1623469574801476,1.7710354397280452,0
28.52244325801358,14.273502347317015,10.083686684607041,0.8378780568222214,11.241476228698323,1
38.90781449163234,20.293151174384995,12.285379298194664,0.9214879328881348,9.929833868391054,1
22.841387516445618,19.48190971064732,13.57201346872908,0.9676343929505411,13.319099622549274,1
40.31614231862702,13.650792767764518,6.1172426534257145,0.9839068429535944,12.725566814587289,1
1.1637518644174982,9.775028484055666,1.7719115759221291,0.26008275190372937,1.8796745625149618,0
23.50687220223131,19.660253432804655,9.005976350364131,0.95367354983526,8.771130198234427,1
1.4049197064141188,9.073627968400785,0.041242153053808295,0.27940838057319545,0.5041520172883378,0
49.77180665932726,22.378984049541657,11.933731517092088,0.940995540213442,7.627472586050529,1
18.328075743073775,23.06920195943198,7.894215433645895,0.9036010600337309,10.089243353286617,1
27.85249202045582,24.9676950119206,11.351512547374691,0.9086417604748225,7.3834715208705015,1
38.10658455634761,12.673554982051987,9.848098978706268,0.914498734386815,9.29946058956773,1
36.13202901278993,21.829601209315715,9.974984994837776,0.7557697078707575,5.579644635828032,1
41.08126147246895,23.72809452156481,10.51197187991821,0.9586542375848996,10.416969395880553,1
38.96877378656305,14.474283023873724,10.371888395659866,0.8262216180058901,12.039476766227631,1
41.16244696637027,20.363014435485184,8.479086734872446,0.7508845583435135,7.245516016426898,1
32.311947223334116,24.290991593557656,8.236314972408962,0.8773640977409118,14.561461831310918,1
1.4602561470848896,9.676314541166597,0.5282041086420219,0.10191981160350873,1.8151095586984853,0
1.5946059594123825,9.802626914819706,0.6999200632801346,0.05292916108173488,1.1099394052487026,0
0.04309363799450183,9.1030923023586,1.5052791189046377,0.1339583368755583,0.8110155834870811,0
1.7169943137958121,9.380454336826716,0.716610324815171,0.058013450860982835,1.357515816317913,0
4.663504083339151,9.93594358649284,1.5932842389035764,0.0009848760864646256,0.900639201750721,0
2.8477018079993606,10.21421452678611,0.47104741122834115,0.23746923465777564,0.5838914480046007,0
0.5626339515639944,10.091871144857912,1.9819366735581887,0.28739442954352884,1.6004834861140094,0
23.97829729034647,16.747905049215323,13.897212595373505,0.8501086118125161,11.002518206615681,1
0.03267270071454553,10.363358476160245,0.9793254264501556,0.07733012268153651,0.7876423391951985,0
45.5233676169198,24.147335510783307,14.93790267243688,0.9288871480037878,5.7501011778043765,1
3.8972606094791318,9.334267030178935,1.0620899359499165,0.09580578463524275,0.18902468995302968,0
2.2105353376444974,10.086189716475827,1.3351012931142776,0.23399755188100896,0.9530454812690177,0
4.519482550609456,9.93956489448827,1.9711756817630026,0.009297773982250445,1.4082922732902379,0
46.973975230218585,16.634315326929485,9.276903317221088,0.8139251209263609,12.651969057254869,1
40.322938133124886,23.760064943511125,6.835824437000349,0.9762109003610802,6.401821092045438,1
30.820032831881793,15.528028442828516,14.226788836351785,0.8652751922699604,10.787444590663743,1
41.35989086961218,20.59545612322227,14.686869644628192,0.7556438510069267,10.432608693258802,1
43.823878669440475,15.886150301531329,7.561613842038094,0.9387426543527864,12.18718570661095,1
27.601839453200043,23.082846706041487,10.619879451183827,0.8988432808749294,11.489047080606765,1
4.248259107619188,10.208432277378137,1.1155954493539917,0.13150521408527394,0.9935968161917179,0
1.7685197904873902,9.891370723460435,1.2909853847228752,0.21200502232760168,1.6446762690141425,0
1.906345968847885,9.34140229684309,1.6771690675683364,0.03149983857679276,0.7212468986068512,0
35.06704152679978,16.220661627941706,14.844620049479493,0.7313360364146149,5.473028660035217,1
26.400123034347438,20.266728122006985,12.163393386122834,0.8111816816406155,6.525320491849862,1
1.168685473971594,9.276220597177076,1.4913336743120968,0.23398391490039422,1.5540280261236394,0
1.0557506562858054,9.252509554823542,0.3078266891082526,0.29753659423239937,1.6417834700826592,0
25.303953345895835,19.338032360297177,14.921494226961263,0.9548410180457086,7.812797160595416,1
47.69536144548039,21.370525613465684,5.814052439897664,0.8079870400202335,6.329626294952152,1
38.43912175715904,15.968649269405201,11.746126264918757,0.9740676082570731,9.987792479895184,1
36.08755001614685,18.496451233800457,5.697727506029332,0.8546642406050444,6.30259276053075,1
1.6864310669179483,10.143861183645491,1.5540739638793906,0.21774656720374988,0.07822497612213675,0
4.334663522847611,9.460756045745255,0.9404440682909774,0.15594250746588242,0.3565815186689161,0
1.7582802792258978,9.248565730607439,1.7683408397856297,0.2965613272885536,0.09994345688565831,0
0.9927138783523282,9.726470397774728,1.2323109410118027,0.029984977203523985,1.1136910250711949,0
2.7076169079748516,10.286999146770633,0.9408088518491284,0.25367986024334416,0.7268536560751508,0
2.1535687690778587,10.17670327236901,1.424177281236398,0.270095805395388,0.7114829654198727,0
4.442220358794015,9.771278242373914,0.4494301657640085,0.038848752078825786,1.7367256418892418,0
30.541951575251936,23.7368188338545,12.769708068947061,0.766494376657789,14.296676741531098,1
2.5779308344580216,9.59063920693594,1.5472903649117962,0.24898698652386694,1.3699348727724108,0
48.891935851910716,16.38006043443451,13.44371120197096,0.9113426350570288,11.041383811534311,1
4.877986277989565,10.347196434576755,1.9964694471221622,0.2606726531704432,1.4087150352401636,0
1.2640363332985727,10.47738943483636,1.2860731816403088,0.15039498542807056,1.562757627219791,0
4.766544316336086,9.859152491582185,0.49040109185633085,0.08771979408716271,1.9613127452597192,0
34.96009558233551,13.631546068921619,7.3196575864069215,0.9426167780347677,9.052705436401645,1
32.920141275411076,16.668991486944734,10.661139525113645,0.7218027848311517,14.439911714315464,1
2.1072180595911587,9.303874926673297,0.7023779317062184,0.26553291271315027,1.5714450242631741,0
3.690254469677604,9.40852252118256,0.8718532438832878,0.2786271863664709,0.5916434786519509,0
3.3995496540448396,9.096973413731773,1.2712805786155592,0.0895967540907165,0.35457064066869126,0
0.25376145561738894,9.89590884921576,1.2084587922990397,0.019807778255834307,1.4651284297417826,0
0.4460291088772328,9.551652932467963,1.6772740978434584,0.11905896324921968,0.9113502541297789,0
22.052971223281723,12.007731854554546,14.636315120798374,0.8322785407988944,5.13069773058874,1
2.8636759999525756,9.920858491367895,1.140132149674216,0.02547571077109537,1.3337206399329242,0
3.34690697037275,10.360261934164328,0.8187731666045586,0.25103112908277975,0.05853092227149426,0
2.002553681388497,9.431993810517037,0.8943580818528882,0.02171786826694123,0.7839686694852861,0
2.8074228316615946,9.397327413873978,1.2864620053219333,0.13186249472290842,0.010673121838091992,0
4.848392741798905,10.10131447405238,0.5201885345780899,0.17452598658024943,1.7998710596279437,0
30.087596480477835,24.536323811558724,13.841892277997825,0.8232464268574758,8.498462680241555,1
18.129225084421172,24.705942257247983,6.528454642018925,0.8564840435056689,9.682434038260528,1
27.278868473195082,13.867143627467446,10.955334756056793,0.8939515021618544,9.24573569245604,1
2.3918060118959055,9.346397580017094,0.7378146872266844,0.08552868692198569,1.1124416146498386,0
38.81415283586044,15.063241441656238,7.705202916876532,0.7273905119820196,6.923922635931793,1
0.9541172688972249,9.836779530284167,1.8580191010668803,0.1698927913696889,0.3295481139095626,0
27.23363893076789,20.37089771147235,9.220465757204304,0.9434791712396386,9.315590711710836,1
46.133245089930014,17.57536760086218,12.52892700245486,0.991376613967868,11.325875764789588,1
3.070521874101495,10.414727473816512,0.2652860480532031,0.23973498550366812,1.0859835456161813,0
1.0730397686989657,9.511896970933767,1.5642232422607811,0.2711704340155659,0.9035730995215976,0
3.4724513572905478,10.384765356666005,1.6824601912201511,0.05950908187202539,0.6337782381243005,0
3.5392787520439657,9.905846862425813,0.19391124293226492,0.20663966631628067,0.04349486127968749,0
44.37230851201119,24.128087494643005,8.082611189026917,0.9578784869711738,11.660117912761864,1
1.2017712098387685,9.103470596704685,0.5128108218952037,0.15864670633169434,1.4842776779019209,0
40.44638452276747,17.035019574746048,12.17767334701974,0.9403286729292444,12.532856797906042,1
37.114040603113125,18.756390225710675,9.503415858618515,0.9920376948153286,14.42013834470435,1
3.041136281176496,10.491082781054624,0.18717557956181086,0.08289488553010586,1.3121588779380513,0
0.34080029823445324,9.602865981600935,1.4605293956302687,0.2527107732807075,1.6267389999458577,0
17.66204317747963,19.229689134812887,6.732681963759896,0.9571345450075319,10.773140264564999,1
41.5486574585039,24.76792850354604,8.772529910169418,0.7047390085008218,10.212896981042794,1
27.251258967719743,16.366347212107243,13.197568413126987,0.7956269568750309,5.779583441403923,1
37.77871909147507,24.84022639790778,6.785570325315899,0.7153518256995868,13.510499383313068,1
38.61371699790375,14.408975348127539,5.49790422921604,0.9474690421626398,8.254003827236257,1
2.2146766943448757,9.982427288916679,0.5383501154744392,0.21533381919096864,0.9565278960649084,0
19.48197741553792,12.797503328636553,8.184410179596586,0.7260492490412248,10.355094403470854,1
1.1522788347215691,9.147551125047285,1.2847393955032236,0.04285629468046291,1.676608031257447,0
26.94689605200753,24.879759526913524,12.188147227262862,0.8541585135550154,10.793756509975795,1
41.16305996373399,14.73693434181392,14.791490707486073,0.9342650593023051,6.613733698088231,1
25.412963611806916,13.693684465478071,14.163138422263213,0.7608776177659344,6.436911973940525,1
4.870408532094654,9.746776348828515,0.9242968773238083,0.2867336298536568,1.009271990936958,0
1.099610924128337,9.594793954246851,1.9156507698558984,0.05699571035581355,0.5875471900837341,0
26.81647878674673,24.420476231782054,9.85503308821227,0.7069043550372536,7.216911342939888,1
0.10360608534479121,10.129434848896075,1.5911780275390937,0.12342414072550886,1.9693319587485387,0
2.8565746822849563,9.417247074011346,1.9158117299890163,0.02305540132160424,0.7940605168984853,0
39.026250303523305,21.710233632623307,8.05169171809549,0.8425027007716889,5.975390935807241,1
26.06176959093636,22.34405790479594,9.449948119019187,0.842575745842128,5.647820945246876,1
24.121397978283497,12.773156105684544,13.849530527508367,0.843657423558416,12.373219894423212,1
1.4258997696689857,9.222578760151446,0.8792152260293256,0.1492729420416194,1.6732953863278277,0
1.6659012149556545,10.208697725861098,0.8938469037003329,0.0010493869104903908,1.888895264076651,0
32.97862719051646,18.548822385172542,14.556358394203627,0.7460995945498407,14.385555985584778,1
1.7727583644423102,10.09646826505443,0.47413894022071523,0.03513837922269299,1.0142471018700179,0
31.714726341173144,20.821720532095362,11.148829959020729,0.8221260991217468,13.207976164140288,1
2.8488337310824807,9.540143036131987,1.9242247140032844,0.13208385702444714,1.9194278662671134,0
3.8532359420680944,9.325449267308008,1.1627882636096794,0.2473997701552842,0.8224770768528142,0
46.65784789434633,22.32629851844976,13.013958543250439,0.8299460786348308,5.7108894824421705,1
38.113957443121635,19.448741557565285,14.194798974718037,0.7839425589412334,5.323264643677751,1
3.461069629635922,9.852206369736543,1.0280843523105225,0.06835892250178238,0.47181368884236874,0
2.2705634317804044,9.83272178224001,1.8653599847376157,0.15946615249564344,0.6104529797631733,0
38.22195977881365,17.35934352746178,9.750859085606944,0.7612646282954523,5.99234323991481,1
3.4929149897953526,10.446321859155965,0.5521734568424941,0.22198379461789203,0.8758936212643655,0
0.6931561383102802,9.355324753094495,1.8370609035715695,0.011860677946407537,1.3122312681197172,0
16.494737926229124,16.265163906560396,10.461847026267495,0.7222405534199968,12.031567710009774,1
2.5617520571994525,9.614618134500045,1.1487449950903672,0.2762517558281387,1.8342040354756732,0
4.77439181142094,9.696016466193669,0.36728690457031665,0.21544927373051073,1.2157959110990932,0
4.013203903887298,9.769460209215438,0.23951096444302422,0.13135461283280897,1.2610480865572635,0
40.049571898485084,17.734436694900314,8.56773714008514,0.9089374275510713,14.880894041075571,1
16.65152452717909,12.548978404909702,11.434045293390623,0.8644138462489843,6.55339050517714,1
1.8844620873960605,9.314159661131727,0.35266854538233794,0.15488600990369725,0.75487442631755,0
29.501425078941963,18.860982593541017,10.045398920507555,0.9762917407633458,7.926681072466758,1
0.09938031123493618,9.571238695275795,1.5267826822255248,0.15467903881719322,1.3140908327084848,0
33.73439545700093,17.820662985130227,10.836384795176468,0.9912424479751414,13.179445987564405,1
27.60631708885804,14.517958096670267,13.298140368662335,0.8128903478173168,11.550109940832629,1
37.459338549180885,21.588474637979353,6.22820248074299,0.7771989880550306,6.9408187896629405,1
2.5811589762569436,10.30425885078436,0.8258765760966502,0.009569126479583977,1.853180675411121,0
17.68824486342705,18.619045960036058,12.067479035762553,0.7622479560414537,8.27126231971364,1
2.690520688680023,10.164710657599302,0.6015358640681212,0.0024346957301071503,0.37079920215292406,0
47.30750374644676,16.13141456853678,10.674656607699006,0.7446339206566919,9.342433920990471,1
2.4932184068659407,9.923804678340463,0.6210949145852109,0.07793666865181516,0.9677698213941122,0
3.2225439714115884,9.74423508674184,1.536919456531261,0.21039098534924433,0.5026174478504926,0
45.363960524359086,16.471284723125937,12.262709954952278,0.7822925458467337,6.752964898600869,1
46.71580990596655,19.804660243127007,10.211911273373403,0.8068775021233308,13.828633305944454,1
0.19208947097892726,9.75615044538766,0.8023508422784373,0.21620066162621188,1.9080689773827137,0
23.988635167397447,23.1402771498135,11.575253278355284,0.9574563441130919,7.7604349098037675,1
0.20295756735554837,9.692107417248993,1.0560938538945335,0.03812811747754091,0.11879325799524398,0
36.474896462324566,18.93996020950226,11.300484869194495,0.750168057106981,11.847814818023757,1
38.7794780047378,15.411675328987998,5.11104184939982,0.8351939774041679,8.771241518731673,1
31.920227017407736,16.201909758846842,9.879418789253844,0.9066410992211547,8.467007167257956,1
4.1025090427264495,9.700272552229567,0.8037190170449711,0.289112549588961,0.7377161883206662,0
0.24171453219028527,9.875223790064252,0.351818731995049,0.11321843769901284,0.5384456307967451,0
16.273513024763,21.057619402057778,6.299260001071164,0.9866034939939166,8.335487546771066,1
19.29956313367419,13.234054067623575,5.98197165748784,0.7781451145589644,10.320522603832051,1
4.653809515204886,9.462509794394562,0.3616400207824162,0.17864727983437487,0.9833495445758469,0
4.018670377207448,10.35315879690369,1.0558883353196173,0.236366721232702,0.10257375868530483,0
2.5510163649369866,9.112503468038017,1.6631761351402006,0.029446739182210368,1.8676600445868135,0
18.758740364129736,23.306831883429858,12.892707880622863,0.7120845965596463,5.2184739688962996,1
3.523935750021614,9.166587239639798,0.7727244542542908,0.08679276418606018,1.4167790768728552,0
40.69625855667552,16.434725784610986,6.477970613752607,0.9241322225750651,9.580156182451045,1
4.259686983751218,9.717375583037487,0.0404161585773426,0.29714076669516376,0.11766429998528483,0
37.69470517959748,23.27735108974918,11.135143681111254,0.8978801493562825,11.138560694206747,1
4.56743147864835,9.419715087887022,1.3177295281456256,0.2565700011524769,0.71959621319367,0
3.7963464206527897,9.008353290935492,1.357988960490677,0.14676795314700458,0.7535251624927042,0
1.5311285172729006,9.312115054587856,0.2515710203560959,0.007165685528775122,0.16251283395738358,0
30.87498567980517,22.35169595490356,11.397379973783744,0.7568791238482268,7.771731727705134,1
3.7500558773324544,9.39897169418503,0.695797623467389,0.21690017038749757,1.09267619193199,0
41.149997648115445,18.393558521618743,7.411029889066349,0.7837111225243887,12.362379546713607,1
39.771890591861805,22.441812698336935,14.221222768267122,0.8077649954961897,14.326142306665984,1
0.2836379181442611,9.8038015241246,0.568285235459052,0.08497491282437038,0.1744431855008235,0
40.11277615320553,13.005523931084943,7.893928280219344,0.9885083027548105,6.552131051230514,1
4.356252772075659,9.897033281672938,1.6973396886687722,0.1407803773461757,1.001302080323655,0
49.04630984045002,15.575294385707206,12.856888320077896,0.7862843050065288,7.753724094284936,1
15.244866491677035,23.06284212161284,8.64325423366153,0.7944897818919499,13.00731122942382,1
27.46525649861677,14.602065058499687,8.578775107218197,0.8062919998751548,8.54279770753725,1
49.951002238238104,18.650291792796416,13.225248183419499,0.7139894928332152,7.85824749754968,1
47.1596667106698,13.606271431178728,12.530298479498978,0.8798137186402356,10.88590125044273,1
1.1253338290728843,10.095132767153975,1.4906777859997307,0.14165336479425253,1.8938349397308467,0
38.296745843958504,24.42756809161309,10.168753368273999,0.9820239509796543,11.428872356802387,1
19.584387261762956,24.089183642216277,5.947805078454117,0.7012238820548213,8.89030491584902,1
44.36032023434547,15.956299565695343,5.146479270042953,0.8653653705689419,9.892841692197269,1
1.130973124224931,9.446948792130504,0.20195434096800957,0.133935027333409,1.2233832450673185,0
0.8085814393711521,10.180919752155212,1.0334121630787694,0.27558855612939587,0.3788524709188297,0
4.661314682710185,9.058204539786578,1.208701272608043,0.1929675317175885,0.5901303204330071,0
2.314886014580259,9.217080822772663,1.2387478572747952,0.06707021964299836,0.24385733789249442,0
30.402685596017047,17.331944210743586,11.258621301085,0.724334401375337,12.567329468165218,1
0.30263351179755593,9.825676604610287,0.5907110807201132,0.05776366150804559,0.6230772722414872,0
38.32208701986773,17.613738100432112,5.2477117563314835,0.9184897946895428,14.64866011601045,1
46.73801501759814,19.92474503629187,9.55840533438602,0.9212990947083171,14.162226385415472,1
4.431814298391609,9.811946900413064,0.2447575323512159,0.20154173838408637,0.2756913259266267,0
33.13582221625037,13.456119430496166,8.498420142983594,0.7491488825477467,11.735733583565512,1
49.94658564160544,15.347541271156743,5.618010927795804,0.8329009795446534,5.834033349665708,1
22.16709353704381,23.799143133295335,10.461375046024283,0.8862548927431659,9.557661453650795,1
1.3401211890999332,10.30806477281324,0.3221972952928438,0.07617054150186432,0.31398883006550604,0
2.020770791134953,9.055095571404612,1.6793398666757944,0.09552103227671015,1.8928034698348264,0
47.486166866027325,22.979902271562242,5.6898639242023785,0.9535607605837653,9.518235152806971,1
4.653633746221211,10.035139683077572,1.710186780901782,0.18312878780382205,1.8583487451599243,0
1.9006806141349941,10.310734524394874,1.0915983680246788,0.020236994385127882,1.0160971002734767,0
4.859557208749673,10.30980381183575,0.9668348795926729,0.28826982362049525,0.3712110915512441,0
40.54602772780063,22.217174596842852,5.906934241933348,0.8744609677809891,8.759151931853081,1
42.24571579765405,16.672845007144556,14.867375579587303,0.9426238260695754,11.462235620980959,1
16.702062737009868,18.008059840111663,12.659298421692087,0.7066457898246699,6.125514504798961,1
4.35724759823013,10.428161498702105,1.4300699715331786,0.008227219739039471,1.863004080651269,0
36.36056909626,13.197994423610872,7.050315833598213,0.9320073644830924,7.239084411887785,1
22.7756720103481,21.0742551619051,7.874630660406793,0.7039392812959228,14.31766387076656,1
32.28208721990295,24.014152348763012,10.338817248797403,0.8851900607241576,7.669693919387446,1
25.077125622726108,12.421282732814163,5.1640335011370695,0.854085837164307,5.577949088824693,1
3.5884395585882345,9.030497164460145,0.8117788775382859,0.2493790799227241,0.5004014355588717,0
16.61739023311691,14.410713752321413,8.878834401380908,0.8082982705609273,7.885257348054391,1
1.2503385643906455,9.615346850455838,1.6610143059987816,0.05965460525475493,1.438599873962866,0
28.988984463166588,17.355563079182105,6.097374967110215,0.9458481369569459,14.563596676725338,1
26.153594965520178,14.947624556802209,14.646851724430052,0.8297846173658734,5.015908265157737,1
3.6603123545521554,9.437272613889261,0.6465294365605665,0.04225339358631317,1.292675657985912,0
4.667455850178062,9.466505229453178,1.6718619856414334,0.1325535969771287,1.308689498273189,0
20.702610522948508,19.562787583612895,13.490822692298469,0.9590959462658573,9.833893276056237,1
4.881268919880649,10.448508225374987,1.6553266849690622,0.06975181532882607,0.8832042810836451,0
28.846465003073686,21.311697420354513,10.810925031790685,0.9166581066090136,6.54152734591951,1
3.4565357142239077,9.529105509965301,1.2942727644249263,0.06991110196772943,0.5305001299132648,0
47.563208996470316,13.728543838404025,13.82941429039696,0.914268173725457,11.363677552717732,1
1.1774064649324567,9.967507006609928,1.0534578889115607,0.216389743771666,0.43988687466597165,0
3.398377808947472,10.473745544793314,0.7220308072314443,0.1850140489019889,1.7288138530671908,0
36.90621337300995,14.395450674835775,10.978878106197417,0.9124443985331836,8.888972027901715,1
1.5789881974079745,9.19764443424595,1.8763700735257887,0.26805883049967805,1.232063792474835,0
3.766844784888637,9.28607631281974,0.5164328358027528,0.16299382172925636,0.9634670557843983,0
24.83779785119866,18.175986471338348,12.546355032196033,0.8476049687413609,13.471973294689379,1
2.3076405405014593,9.05065190352688,0.46898310799299825,0.007726917522173393,0.9137490439820874,0
17.20106579036068,17.80003421970124,8.36596457851461,0.9853188429052753,11.741743818453513,1
1.334348237313776,9.840974201769788,0.78583612263882,0.05140257345681891,0.14522686273680807,0
0.45142021393921705,10.271260239757632,0.6683137852172325,0.19147228932851426,1.4808089058241036,0
40.85711075709388,15.728915593429349,14.207645196329374,0.9665396676609732,6.03754355729678,1
17.895293490410197,12.93368602867555,12.135249407759726,0.8195584722993448,9.816312612509396,1
25.269353758602968,24.177398829707204,12.946619250543034,0.894878135240033,7.8450384751352855,1
2.25227420364202,10.161177434447755,0.3905376420681861,0.05610303391967237,0.6205046886653598,0
4.328369411772223,9.531702733041392,0.8989460204073418,0.14112012589335846,0.6484481687447587,0
46.98589003289894,23.238457485149986,10.309238333278206,0.7893255447117162,12.057671782732655,1
1.8619216895814605,9.52038981038546,0.8142636497250204,0.05507732109133263,1.9564453400529787,0
3.3091841881218835,9.987560000416664,0.07413435588718986,0.28430966580476624,0.7237060723010396,0
32.43270706705898,19.80487501981613,10.835113447943,0.8892141010363339,13.445476825537906,1
15.182733690766696,16.011635944442816,9.885375943876236,0.9196449673490183,11.610483803727014,1
33.11036749906734,15.258038658366598,12.56351139498876,0.9633580536148867,11.651876008899379,1
33.53897524442647,24.23007880636569,8.891581276292817,0.9267121993382992,8.34676546165826,1
3.8333515050512403,9.502056729406172,0.1523355384015781,0.24573581366519956,0.2836736589700455,0
49.410258716001316,13.311319355821741,5.704114799378955,0.9303429414266732,8.501846006205058,1
44.69110469563104,19.320002235617125,10.78650728415231,0.8301920103981402,8.728139719210397,1
17.68145853854464,20.715050887063917,14.773368834977175,0.8136743456189636,7.972649205951672,1
1.7696204492131329,9.886172010954159,1.8219809732463301,0.2363592750593283,1.6844822781514028,0
0.29211956711591713,10.395872725938311,1.598377383625001,0.08346662607460689,1.2775843796413688,0
37.82992780957647,17.22343978413066,11.163303059172037,0.8146838091183424,8.11128182724423,1
3.4964715243785474,10.383203382801835,0.9893749054371972,0.24079217798856545,1.8194827956822603,0
1.2118816754703792,10.010863667182718,1.4532920546238715,0.1392527939375877,0.4598442648213814,0
4.890746334710316,9.827435373589378,1.032359371019665,0.2838222882716305,0.8161942245920104,0
3.5836164169256044,10.06168992036263,1.1942644630171497,0.1842903075537664,1.2077380056512461,0
31.655676534842733,15.973626078893393,10.526980163181417,0.871765583787176,13.983911360076261,1
27.718432686675918,19.907412305464526,5.226644745219241,0.9610601593683605,11.103091184681755,1
0.7328971218766706,9.578942885238694,1.3078014291538567,0.16109324769156108,1.358428657450638,0
27.520923519020695,13.614881795911908,5.223636746470818,0.9577807810104522,7.741373136428532,1
22.449145997161548,20.615885001476293,11.15420838779705,0.8143374900332618,6.287175195345052,1
2.936151641317049,9.020201358632175,0.8725718896206431,0.08665081454334485,0.6388359698755057,0
39.78486976587856,23.890894150141776,5.751716239192495,0.9247865624713655,9.946066796594991,1
36.27681907082115,21.908575371413015,9.487352943628757,0.8113825421213464,13.23133907482185,1
2.845256445475171,9.183072751864719,0.7396692884511116,0.2352750735363336,0.9888259310960295,0
2.600548863585654,9.968186125975128,0.35648549618070735,0.07933040698662819,0.24200243336240468,0
3.21066455887246,9.168021740395162,1.6654167105812343,0.043330278048955485,1.4665650881025354,0
36.76894425674516,17.462078665766427,14.8435386681707,0.9339279656235079,13.083628192733695,1
4.865174396999007,9.647079283683896,0.7948455897837261,0.015094375865358632,1.7888069387019254,0
0.667217647114981,9.68533752211672,0.07388937190332623,0.012299804447889239,1.3154762615481397,0
2.1436573482078654,9.467767042694492,1.8926061698179055,0.23906304324795338,0.348705919949595,0
4.879052519670132,9.597991599661745,1.6868145837452901,0.21154273168457907,1.2108573184321325,0
1.22619767600341,9.770095036792267,1.9745933691370927,0.24067985762304356,0.22010200092859766,0
1.044582084211384,10.129321501563451,0.025577788504177468,0.2742576232208649,0.03683597623040602,0
1.326068028984515,9.59606674587441,1.0888750325790502,0.17397730988062246,1.0634990432759055,0
42.365179852478775,13.501783477729468,5.498986374574423,0.7085585526789335,6.472059854735928,1
2.940105143711781,9.957226359310585,1.4098943202455392,0.055860179737872696,1.50648802352693,0
47.75000911099867,23.982479014859234,13.183050442007625,0.9064707635793676,14.136778940274636,1
3.176000898850569,10.441168014237155,1.2138015765196395,0.23938529615642248,0.23625756966766343,0
1.0745563486864733,10.27823892587237,1.012233909693032,0.294845317048571,0.23506221900994206,0
3.5840267811668824,10.097347414301359,1.1378461216902407,0.2633907452113095,0.3165024519159776,0
18.113615182354877,12.455829837527375,13.645991463982773,0.7939876759478967,8.670634418763644,1
42.655162399453324,19.53719701755167,8.605928504364062,0.7859632425423632,10.63138156860266,1
3.213932106485038,9.391685202701284,1.0397288575732346,0.2924941426744303,1.0561530931355818,0
2.2639229663992504,10.241388693083453,0.8461011606293398,0.25187424947434556,0.8497264270790563,0
2.7974231888178718,9.535117797783471,0.48040305170789965,0.26866568580423134,0.7663116175252269,0
30.906725917832656,21.932442930083745,14.613284151666223,0.8253342441903363,11.884811365640493,1
4.160235687836391,10.057942826909462,0.6291433213941913,0.14867070338116475,1.8889915226943597,0
1.8013569263492457,10.006832870674994,0.2496069250258346,0.23111927039673463,0.26687954455243035,0
4.959899121430839,10.304803714837718,1.0421119372644547,0.21453095356712756,1.1131907258470153,0
15.58901257490204,21.15546902288702,8.668699149768633,0.7689223236624473,10.088721512141884,1
3.4134468954808233,10.346452516116235,1.6922241019741753,0.17461891910356922,1.787310720123778,0
43.228807436488,21.419685521368336,7.820895771275733,0.735496855465677,13.523749381942483,1
29.7022959603432,24.229408228546973,14.585060696191366,0.8507743926441367,10.390618903656813,1
4.5591697267169105,9.53853096652886,0.9265032819951946,0.2095855990151745,1.6388376540687843,0
4.164582598905038,9.920473794630242,0.4726032206307309,0.19561174325061126,0.4672190525811215,0
32.057191615405124,18.265669428433405,11.185231898492773,0.9302317938090511,11.65617385795704,1
19.1043577939905,12.756910414926395,7.421132408326333,0.8155739622031706,14.275483801093047,1
2.6878392087469005,9.39306778163637,1.0118696436595034,0.23319750953697,0.8679853891145857,0
0.9822247632958614,10.101088351453704,0.05407766671336822,0.08770044752189367,0.7123630783367574,0
0.5628259360741533,9.979413577833082,1.1030061631549017,0.014001854350669108,0.5903465505431837,0
47.688994301414446,24.426099801393754,10.81850884094466,0.7215072640886295,9.911275642559357,1
16.45534129375598,15.411036830025024,12.630672656286897,0.9735625455091055,12.603437152006034,1
21.838156130167345,20.58853236864019,14.169623507294894,0.7743658941952187,14.3429689903713,1
2.7804071441490503,10.448438778199597,0.20026067179560503,0.16225471533332914,0.26491323401661226,0
1.132203101655408,9.126189756035098,0.3130738929963559,0.18966569047413237,0.8985054601035729,0
2.4374710519610647,9.283898915744848,1.4162624336760123,0.035509119323497894,1.6188145980443789,0
46.06386097405009,22.341502491243943,9.898170878669138,0.780892408391506,5.13451529304715,1
38.499314462000626,21.84634055551288,10.002120105778634,0.7660878011483282,13.155220501191037,1
24.21384946244754,19.608947951989713,6.487744785839984,0.7364805531665063,12.858558362591179,1
42.600064477901995,16.008094549045037,5.494035476045205,0.7155604268605521,7.971197580548894,1
27.333275195707593,13.370643209443811,7.86768960565526,0.7544344042641649,9.906697186917143,1
42.736345019008894,16.99624488470917,6.693578503409093,0.9855964741783005,8.15859998480969,1
49.67936945115577,14.436376818726938,10.23256014895508,0.9390116496210392,5.006488695772243,1
1.30144518861543,9.645566662807688,0.2011796127884753,0.27104139395091625,0.1385926439156422,0
22.48140597622959,13.521348050539778,8.641526045144676,0.8777009440300221,13.671446285811207,1
3.1305757444781572,9.68361125438296,0.2888579687823656,0.05068251879668617,0.9687094032172392,0
33.86724370184245,22.999145400543327,8.226058508551038,0.711907257204943,9.237082690910333,1
4.261644176973958,9.291594174136655,0.8317747991484239,0.06322303370763989,1.2369056100363736,0
1.7336977040139578,9.892716379558296,1.061198836881525,0.1969881732504789,1.1472829300800933,0
42.76134974511906,20.519284590582433,8.48320377344329,0.9757306183466329,6.769456206455933,1
0.038455179886559554,9.467831104782928,0.10969391385333749,0.14468523992623653,1.643602905516417,0
46.67406514042165,18.064028264279195,9.724341267739408,0.7749993241829318,11.015865143513665,1
3.2739546013745935,9.21407172709216,0.785022732031132,0.1699782810714581,0.10074834284788348,0
3.649075825527639,9.794493013571799,1.0421287396324768,0.03210094165937547,0.8688294939319929,0
31.65216826980632,15.845121227861794,11.257477787208709,0.776980730432791,12.723504211132433,1
46.52878145143889,16.85491490476568,6.76543389031615,0.9275885760901809,10.884308517810483,1
1.0035077108718626,9.608564293323528,0.39982806758659484,0.17324733628190334,1.4246497878525135,0
15.594335888656909,13.757900535740852,7.478702709707756,0.931396961179717,11.284542028680486,1
24.319053817946543,13.642337338484175,9.856843258695324,0.7288485110892765,7.701465968981037,1
3.043130075841978,10.369331314755376,0.5002105346879397,0.13439897013288027,0.6206426898414086,0
4.377279009538201,10.365296071194829,1.280050096430426,0.06053783868236413,0.18216154554136343,0
3.9116053303907106,9.646985854535066,1.0311052722776197,0.29840110843325407,1.5728634581999816,0
25.049234820528223,12.370562385967478,14.935899972265185,0.7934179542452545,13.767649074853729,1
46.89554671354149,22.62821215491125,6.140840165531286,0.9562339021063995,11.637779396108082,1
17.13308943456862,15.570761057563017,13.931088765498787,0.8440107872521851,11.0008411190417,1
3.3740255263048224,9.724411402095914,1.0046619018590606,0.05574662820585706,0.08256565601100174,0
38.873260975324236,15.071950401945376,12.330713701675183,0.837472654648981,13.56609805287391,1
25.084150821967324,15.160408301740501,7.611453333968376,0.7091555425789996,14.00624072504847,1
3.177882686872875,9.662588835648403,0.499781017809116,0.22926029065552928,0.3608620689801141,0
4.697289248940201,9.419369468148057,0.6476359728611836,0.2996474732145806,1.9563495278712948,0
22.754313566997673,13.767917460866016,7.391553989305585,0.9602195417614758,6.059423874798242,1
45.10920126121451,13.267151717521964,10.653058875837324,0.8829215070619232,10.79797760724914,1
39.4372973758319,13.395539810023415,8.526114938744335,0.9195779072520981,8.45973226163067,1
16.48757945047253,15.374349019405955,5.733656593805402,0.7234723751443806,7.144593448281178,1
39.25030543373512,21.992114988547872,10.67888304127429,0.9192326083549446,11.522696690251003,1
1.8870121755715619,9.167190670311436,1.5549294944396315,0.03590673130289779,0.21184490915088117,0
2.2394958121889372,9.74480623512391,1.5159401049213233,0.20033313939669578,1.0296288588557903,0
0.7895846301338388,9.467177060730405,0.7757359774653945,0.18599292410107507,0.7006647007759399,0
0.5723041796235073,9.053486465755054,1.8204656203070235,0.1813676273075436,0.7239238724582966,0
34.90044129574952,18.618076190807272,7.9133817171337295,0.7894521959303172,7.232058440034278,1
18.817684311002903,20.61132808058609,7.486208217869978,0.835049999215362,8.53430298289883,1
1.2840490027654998,9.360524217785365,0.5558578086586026,0.1500117678061843,1.9528889579828632,0
42.080755960329796,13.96504270187897,6.322741377775437,0.9672272502685613,13.978194918410608,1
4.661778057745017,9.896033145496164,0.008158865347649646,0.0933336414298883,0.04309728944391966,0
3.8697433446546654,10.477876087043624,1.0927566531320232,0.19675932423446782,1.4921851362672733,0
22.403889609575597,12.81282393157613,6.901466667248927,0.8054560248192233,10.199911166295674,1
31.48110802547261,21.769940845661253,5.873849995046243,0.8538680374978536,6.44379703365725,1
49.03580141718534,18.895774879159898,6.659339282622817,0.9813786864313575,14.802343934087817,1
2.3266169753542605,10.314112623157808,0.13786612234820583,0.0982714398649936,1.3063263379382264,0
42.04057348876327,20.591643328338762,7.880581231486751,0.8762559428096656,13.893734517677068,1
2.8464190881753466,9.157955149540273,1.3607930583120118,0.002367667802415285,0.029483251414746503,0
23.139109817186267,23.63991598015548,14.500457939359578,0.7166117965845326,11.223487568006131,1
34.631567250254754,19.2689347703739,9.523806905326133,0.9774100474791987,12.540339091241604,1
25.57114228185214,20.71431942765532,5.503815225319839,0.8148197158401729,5.422991670282019,1
19.42257287402756,14.348724666351984,7.0365333436494835,0.7726785427631632,7.554600289634944,1
32.63300447043077,23.990962118025344,10.411586382038625,0.731288226440116,14.331030606290469,1
4.6211891621042165,9.244702671863708,0.855748967431269,0.12996312051438264,0.7089445008767084,0
21.10513123541343,17.425511676447623,11.761862709781571,0.7363420049241747,11.22625183910206,1
20.41122462095591,18.70010862811221,7.611087408578089,0.7756967573629208,13.295292493824855,1
3.7985204328121167,10.269948652121776,1.7779264761178288,0.0971044255672794,0.5402368989320945,0
2.126072846333376,10.244661962136139,1.8857801226713853,0.13960075857408322,0.9122941019967994,0
0.5380678073735545,9.720923218891699,0.7692685160463295,0.1804631353852794,1.0375437132903058,0
24.13744159067965,20.301756900977693,13.284380027437223,0.7900830251641558,11.354334136569287,1
1.088505423438975,10.16978933727173,1.0833881860699455,0.05702306524698265,0.03195674405219817,0
19.239498097534742,17.730503660117297,7.997115695434523,0.793603214708002,12.787879160652508,1
37.2216938154245,17.48704369764909,5.658900804919171,0.8420393503313104,8.541385556269834,1
2.1361736627443535,10.454604123431144,1.7623736528717044,0.1390577727298326,1.8861260142218448,0
36.82523039384294,24.425555578460575,12.005031694297049,0.7370446701908844,8.972200981677814,1
4.8260848833032925,9.500419648146096,0.8797990191667109,0.23757112775784459,1.3297926111449954,0
29.52662962690056,21.434055848812655,7.179061325765314,0.8165109339268327,12.445457184618023,1
25.54125511691756,18.015444677759938,7.19397768485278,0.9318363417614381,5.605115613411471,1
0.059329583456367296,9.637057509738163,1.853739423356497,0.2770203496986371,0.7442057073014821,0
40.62107420335599,20.515967629015453,12.308568708146115,0.9286845053733573,10.89151530564611,1
4.676436455664864,10.373945048856399,0.05476684823520239,0.2934284724838944,0.7590040432261038,0
22.788806449075096,20.718675497833466,6.729333699583307,0.9340366819182964,14.230302398747135,1
4.688203037132528,9.336600400039787,0.18783805877259985,0.0641571098954608,0.42463969312966565,0
3.5002273728975455,10.435028238991574,0.32828278722278514,0.0383199845780862,0.9446941065237571,0
49.89127102492952,15.878590397260275,12.218298190783496,0.8932026466161728,5.6455414544672875,1
49.03107500301664,23.610928719202207,7.1509605031374335,0.927918057823805,5.4856523156011665,1
2.2330367416723353,10.377526558445032,1.8873575770859785,0.2937962674740294,0.9626425230580788,0
31.947246656154206,23.43341582429994,13.144451422960564,0.9893110079055336,11.180841171113407,1
38.91354956387529,13.457299313679668,5.955251729136198,0.8225889256438795,7.927005985446547,1
45.649651560125335,17.133677228435033,8.082712493685502,0.8526532728417454,9.422734924096153,1
0.9952645178234926,9.902001346766971,1.134162870683753,0.15099403112847248,0.5921131171013625,0
1.252306844681793,9.358222615519768,0.11541339243051962,0.02318791155422546,1.8299661903655249,0
1.447417344314748,10.329728953891863,0.2754698671453413,0.2813419666244185,1.630912608471195,0
23.801806825482213,15.32570016956582,8.03839307486676,0.8761348643255402,5.165774716855882,1
1.1613382468681832,9.409317265828534,1.8386290160228185,0.23817805245838042,1.027001458342224,0
43.350549476332574,17.39217199696803,6.776946888494024,0.9283735607164698,12.620110976152809,1
22.06894589463475,24.858180127206996,14.695918211530502,0.8262481327020978,10.152615318197965,1
3.9401948722390703,9.79004780686888,1.888899138191507,0.17679244335774608,1.0457981674765078,0
41.20455559512307,12.620947718946924,14.000379665991364,0.9783875139396916,8.332689762866949,1
3.1379288316532588,10.43858891050757,0.47627447088818653,0.1634507229023829,0.8175916366851912,0
2.5618708606383978,9.166369842340195,0.16085096634632556,0.005512985768651679,0.8558467737285382,0
39.728303710614604,23.445948818869308,9.258565518099255,0.7185007397844153,9.61461129021687,1
2.130587721148387,9.467607088913748,0.17216210624570238,0.27721388805548003,1.2318525314832691,0
4.802786119507959,10.49419102203942,1.1110059030636261,0.07168675498364517,1.822198073617315,0
47.21422687104203,24.073508404767587,10.200290834508998,0.7936465764532362,14.207456551240368,1
45.65393966100303,17.64716423935583,8.281546194764253,0.8932371760432306,13.06987948255525,1
33.69024769623654,21.03877718008789,8.922922928817933,0.7407224567027407,7.718817949490237,1
19.064731583485646,14.434861620246979,11.804702621773714,0.8166959762414203,10.632928672710307,1
18.005346858256466,22.950467731612328,10.363113081462402,0.8980970402239935,6.297657200956638,1
44.470530904414204,22.990823198331544,7.995057189994564,0.7481860622266128,5.700917782002666,1
39.04139640331256,23.84336093699733,12.334899580339073,0.9530859953477697,13.058176627498902,1
28.239824245519614,23.72950457411951,5.369253688461308,0.7338270963764222,9.122055625184434,1
29.568465695777142,17.099759737973272,10.434456565037245,0.8888132316331866,14.469563702738627,1
35.57628678761018,24.293083544493484,12.641710266545935,0.8314819798440296,9.768796149560194,1
34.42546030139158,12.080751405302143,8.964115404429773,0.7122570062690589,11.532839332321569,1
19.57657201175719,14.847293780009384,11.789729120057064,0.8841844170080556,11.883149972964361,1
3.686530809881394,9.917795000058826,1.8766636626975688,0.29676775250317444,1.6945680972826072,0
38.15399540707931,24.282571503485286,10.415073863404434,0.7921848836700315,8.150928559665413,1
0.3049410359947424,9.708411907102358,0.6292917115058225,0.17644474452740574,1.2003020684931225,0
15.279365742023893,24.61740061604928,13.243132831429444,0.8846678754055987,13.305422539034614,1
32.750270125379984,19.24018861367464,8.14852934739383,0.7925442869185537,7.608615231910006,1
4.925635346412499,10.183626371896803,0.9082419662966736,0.14897002527430728,0.870733865975714,0
1.1612379747551453,9.46602307692295,1.6023363767845489,0.2657406056464839,1.399647786131003,0
3.6213573033000177,9.4349143752959,0.44410523634920485,0.29870263012870685,1.5442527101080714,0
44.03093477607203,13.70563203886088,8.159601338432465,0.8139378388702813,13.072859401623711,1
38.77414629290217,18.258364771882484,14.426559327703732,0.9038915098172473,13.934195606199092,1
4.929471399510127,9.107323778098674,1.7492569134321807,0.0925888314212374,0.9314328724571501,0
41.613522409284684,18.773627416178442,12.80779798792245,0.866046085364116,5.035085046714434,1
41.2416030910784,14.203943837096755,12.637849763281164,0.7928613579432869,11.105511309476773,1
20.11224402274434,21.36426791728349,9.226748209616094,0.8060043577615976,13.07231291680353,1
2.818339443892261,9.895457042882086,1.5100611801184955,0.12183158589676085,0.6560326889782948,0
1.0400354872750361,9.919227282166625,0.5706470525399225,0.04414653965285854,0.173058742795559,0
1.3719287416545538,9.896081237174561,1.3860778937000162,0.03537943498078345,1.0409415611769695,0
1.1517702995746477,9.93414317095236,1.7744219860833936,0.01226810478062441,1.9704513354508122,0
3.8440745607637656,10.128917988665732,1.6350041891675275,0.09232354535444531,1.9342263306705847,0
1.7580039233416351,9.920882779400255,0.6738460323196716,0.29101963297700123,1.8002794656514007,0
1.4845202781734523,9.41121080416836,1.3538714385569133,0.27845530937496243,0.5084104311721966,0
42.00569741950295,16.92807277733977,12.089796397081916,0.8208979267035214,6.1107486464450425,1
20.970150598637545,17.01227252500324,13.624566460622338,0.753001864266178,9.12963443448606,1
3.0592900011080597,9.896610117386867,0.29418810279372476,0.12122477998837898,1.510271419541968,0
38.79653256493192,13.446242905749147,13.798007647212213,0.8444021369460156,10.728141339853511,1
4.231104852992372,10.263456878330455,0.6494028709224142,0.14738742676356723,1.2761101929972873,0
3.923979250557594,10.080529437580054,1.301951592726444,0.28960542732574124,1.1635488438350952,0
0.19630398693554263,10.02750361845041,0.7700059362102083,0.22934274264903173,0.137089223053511,0
4.5454472763585,9.452921141754164,0.9320988688941316,0.02732127485710084,0.7632266107034318,0
4.576952677322348,10.083908690498667,0.8584568230659073,0.17159576242281993,1.3793798943049878,0
25.214769811183878,17.127628789116464,14.848812878929905,0.927919640720184,9.371800627383553,1
4.072961867816089,10.316807141514575,1.8496337892356518,0.1527479440555342,1.310185390248621,0
49.07673943823147,13.188365155097685,11.010223922305258,0.9878807333895027,8.749316170633131,1
16.994796458209336,17.226374949683333,11.960422221945601,0.7088982230692843,7.358137917528012,1
3.2065964911051377,10.087538134880813,0.06346195311227065,0.03530701237871784,0.630220842877399,0
49.11703766523345,21.79580099805124,9.373697740845715,0.9839849318769622,9.266332784533118,1
4.953780749745515,10.172429712272889,1.6167800563230148,0.07829176192957633,0.2900676498151935,0
46.441456315653404,12.611567638872696,12.838686941138514,0.8362653274703017,8.765183510496712,1
28.48079200576375,14.607895067602708,13.95666799902525,0.7416520137148853,8.038043739850355,1
3.659722678561193,9.496021178334715,1.1746276290530953,0.20004470250470835,0.046998743780926056,0
2.3715258014439855,10.032465215443706,1.5894913276172289,0.17334502916788466,1.0274963559133052,0
2.0082070448260376,9.289898535911414,0.27037236410705634,0.10921898532808767,1.2139993852915867,0
3.0032922716566643,9.704932295173029,0.30949208538806805,0.2594802421110845,0.1050679167994164,0
2.2786009352544974,9.487149921508529,1.6670856683019215,0.15148409789895792,0.18305998416819835,0
3.135794698198857,10.323140591125682,0.5993358530800288,0.09275351502128568,0.492737449641349,0
2.4073245908342327,9.615206530903526,1.058714454987906,0.06965861355546024,0.22985868308737434,0
45.38957132131554,15.451261861553345,14.416199155510569,0.9841880323839858,9.789215571729583,1
44.858822643734904,17.934392028983368,10.833120140679902,0.8329168860819788,5.812495816695529,1
2.2614716521963842,9.094382029996327,1.1107765673966963,0.09283626752317904,0.1430950642901716,0
3.905347684526062,9.056891137288101,1.2933641961102775,0.2849120838621972,0.34238491634601353,0
21.971394793260238,17.334770425076826,10.300709874956137,0.8623641418012176,12.183373134471783,1
18.11655259385595,21.677761030302875,7.386239495219048,0.954235093830017,12.430272438218404,1
0.2239848375771608,10.47095485357932,1.9122110544813014,0.23212853776624873,0.11070647925635058,0
23.73631331579338,16.890726910936372,6.833771545881663,0.8635876292519047,9.780024793583102,1
49.930278234862094,19.740761783910393,14.406123112380062,0.9995615443558891,9.347819279166902,1
2.220576972261634,9.294487176190836,0.025932521796398378,0.04527886218387582,0.08566920299707848,0
45.04401160686008,16.056840557351105,9.569530437100669,0.8480830912396642,10.207011232068153,1
31.775987834684972,12.805584792208702,5.17510481414908,0.7639693498832617,9.249675112208537,1
47.134437534739696,20.767269168282553,6.912790171058402,0.8769341594320159,14.117619831612092,1
44.11234046047386,23.227560641391783,5.800502652529831,0.745350428193609,6.343724265610822,1
0.4882783192288581,9.488587560097317,1.553723428427609,0.13805798123230414,1.765372942028772,0
0.4846255106835856,9.540419988542887,0.590852613688442,0.2541902592388264,1.0290025552509199,0
49.597823355467625,21.20431851652218,9.2952629419008,0.8546132133308921,13.774695616560145,1
2.5432443080800127,9.761302888100783,0.23449884711690383,0.11708266692693875,1.704929877763071,0
2.1041836186313674,10.25170020759824,0.943975171759126,0.19226366701684539,0.18021367714549008,0
22.611915259820584,15.723309551866747,8.848461181744145,0.9746565984978954,8.67569024965157,1
4.054862155095717,9.393096078961788,1.8281922721904642,0.18109307983496958,1.0815673015592464,0
4.453254220709184,9.989266908516745,1.843624812313054,0.16943453847992176,1.6538743034305337,0
48.02049355980789,15.638944364517418,14.810016763629877,0.8231581760604159,5.385323477022602,1
1.6873975898937255,9.433920200589508,1.2022044970984698,0.2989380043257853,0.105018110971137,0
0.21738145977228562,9.444279559178296,1.881920049169314,0.28481798143680814,1.6932929929539338,0
1.7080689232097368,9.253125306334615,1.8130151386058342,0.08110812972543677,0.889425782812205,0
23.76872710399644,17.332533256166037,13.244283640865266,0.9275750535613321,6.3261803673492825,1
23.060999579952792,24.876965644415122,7.783166604117949,0.9349920963942854,8.129690601552259,1
0.9283574336716133,9.067847287951736,1.283669639301782,0.04934880841164607,0.4666759554545088,0
23.788260497241048,18.553084929553318,8.859230365555621,0.722647084306588,10.360285828958611,1
0.9501699944673164,9.949359755678552,1.0035591289274424,0.2003634158249624,1.9631286785854796,0
2.6079758877261403,9.778649901974322,0.6506376558152769,0.09736650427207573,1.2636890132849516,0
16.884676706846886,15.620670806018108,14.281573024118416,0.8610795487851431,10.793055386348584,1
17.86438786705981,13.166351149683308,6.666878681945927,0.7057518715159261,7.662354075241843,1
1.8835258482106494,9.724158413615314,0.06733039300216492,0.07424805211953556,0.5014120115623826,0
20.207451680819855,18.552512306056492,8.993897048050743,0.7973868673149617,13.226051708097753,1
22.337883595944426,22.057928472013366,13.158347896358183,0.8500480306249393,11.948828070719497,1
4.481466071662632,10.41394619456748,1.4536225154012745,0.10435272958053717,0.9793359793370107,0
23.083722658473263,16.713089693734943,6.5858887408262206,0.9444482984048436,12.57193223017735,1
4.62133930218568,9.13217851999424,1.1598615813710895,0.2614955643716465,0.8417304990300143,0
0.2433432938089991,10.407975890411207,0.6576928110740143,0.14310978209456535,1.6264584723465667,0
34.080853686277464,19.72795275988632,6.512293767312425,0.8235943618445589,5.284632216835659,1
47.760634220606775,19.087101597015693,9.559597979950487,0.9424483457705809,11.809291569366149,1
4.6032496441383595,9.58149408495811,0.2996219528652091,0.22739113760422727,1.1356016008786578,0
28.51743178411201,21.635636917948695,5.837490062477784,0.7966643363893273,14.322238378405713,1
4.483618709068679,10.19299619432299,0.05704239440842862,0.26437809788046973,0.9046496577651066,0
3.913291236475555,9.223570585133958,0.6721143313246729,0.06419130599793435,0.08559823761316987,0
18.268789984230583,22.212970678479223,9.70674576666411,0.834092925045676,5.01853956481521,1
20.037357004354128,16.398111736168183,5.073879343374436,0.8309234590744194,8.548005697628888,1
35.15068851438147,17.98750831560944,6.816388898779744,0.7897829523040935,8.00200557647633,1
28.63197122824862,14.162868288661292,7.607812868255164,0.8974080050464822,14.45492986171422,1
34.21111722235081,19.74395956441265,10.905556004103396,0.7103499167233132,13.188424328979528,1
38.47169388258438,14.467861274291455,6.453055871060242,0.7528898796073897,11.99224574530841,1
37.868944190025516,13.354062247452225,8.014997758510052,0.8521795478770364,8.049450314313637,1
16.92213513287469,15.579228950449732,14.228976767154043,0.7562812069766499,7.0396287461771525,1
15.132500677133887,16.943406338151256,7.904874991943305,0.765372586511769,7.515893940708449,1
3.2721761050193403,10.43016850778135,0.33166703901018413,0.13818108776451002,1.4860927893041012,0
32.349664002386376,23.63697762906137,5.630288528712749,0.9749306566528924,9.15445316342223,1
43.70045497207637,24.09677777707379,10.888587314439917,0.7901783503305821,12.772221840696549,1
1.6070099582892217,9.226940693543085,0.7850628293564295,0.06616969816758773,0.9883064471961915,0
4.366690429304927,10.483049360319244,0.9513999986491191,0.09496128549536371,0.9194125573392289,0
1.3891727293750866,9.968253332757799,1.5410192442942054,0.29524582959520485,1.9383285212556125,0
32.44815845218282,24.76298552875746,5.590435012018025,0.9959671914963197,14.677066147047938,1
15.08852888781676,14.346966863430005,9.74757123396256,0.8179972933280247,8.692965649266391,1
2.361480879597228,9.626908130233344,1.2791892207464737,0.11273975656679944,1.073119135539003,0
3.36013697842573,10.262611632707486,0.3674787285235126,0.26362582335376084,1.0525524033906661,0
18.316682074220598,23.476911915545802,9.092960285260046,0.9061886341852915,13.578463702260553,1
34.43983136977375,15.666534641412897,14.286417633825497,0.771333711413158,7.527360069326161,1
26.0999757894041,16.521098260575013,7.491143992705572,0.8255404620832149,6.621299220867178,1
21.041004152788265,22.248601077519695,12.48337149226019,0.7697850983431677,8.253498308876159,1
4.715306059956293,9.685017398091258,1.1139303848664874,0.05555843237175529,0.6666179757567745,0
2.229538676290564,9.910762830493512,1.352553571664136,0.2988587737124487,1.3653839206334415,0
16.971665357356482,15.209962485646349,14.635448982897168,0.724312238903379,13.259405594964669,1
18.38441298114696,15.983835649206277,11.743544874076441,0.964184489105989,5.943244766565542,1
0.3851725271387235,9.498618796475151,0.9445033900358004,0.06968735291073692,1.4817824816358667,0
2.350186374700707,9.289139333026064,1.0735634173284914,0.2560738032200529,1.822633055572117,0
0.27337002798097254,9.701085417872385,0.9506231249318262,0.1710367192072549,0.39518839298802955,0
0.08805561681474228,9.530696495051924,0.7587599792499149,0.02316605123168175,1.628365292968942,0
3.7093974087358865,9.50055671033962,0.47204058634499835,0.04698570989086787,0.4698780910101936,0
48.968536025730224,17.54741101981773,14.900338587684592,0.7884867135168043,5.0697593528506015,1
36.210588039794914,16.43828065456385,6.95592671066589,0.7728372964079919,11.75098688175267,1
42.191855333451656,22.97199606655095,14.053016651825711,0.863108220239908,12.034120705280959,1
22.507678375410755,15.756895902818716,14.114314507511201,0.9559675726574557,6.300574019262568,1
1.6878039021107822,9.132403155666823,1.5300739300072552,0.06414731336084824,1.0653867192374114,0
4.485414461019779,10.17884680938729,1.934137668053876,0.16229964989692294,1.0211198921671218,0
25.74804258585919,17.675994824387608,9.98117020372801,0.9972156230120418,5.688914007191832,1
39.93600348135516,22.770882725851454,8.748044143246982,0.9086667588126472,9.372811373585314,1
1.2019271778563985,10.142311383944136,1.6569508800464332,0.1292488191643429,1.1439129454959307,0
34.03459157523168,21.62350282656439,9.972302739662965,0.8231207649057317,5.425180049563111,1
35.59280953188446,24.79887197436521,14.471806498263312,0.9497321184287333,6.062140931306853,1
1.4726888987994995,9.06523742775889,1.581767032657097,0.17447123420951566,0.9616035537768566,0
4.582190716447123,10.380306422128493,0.026928812462635676,0.27009573649901825,1.8936358364803125,0
27.422872076152423,19.739726281541564,13.646050121552532,0.8444795059241427,5.510497119881545,1
48.48025834631598,24.93490412896159,8.168188707062466,0.8526402259619521,10.577058403000075,1
30.223227203617355,24.974758067413532,11.956776757133046,0.9848803433172748,7.793521277702692,1
1.4018750331025354,9.115234474816567,1.2470593990887058,0.022592145378385584,0.14010587933804852,0
18.1446109391662,12.342315499031578,7.180277068948584,0.9197462307716198,7.215524133048142,1
3.6892235521839374,9.424200071343291,0.8655605671676205,0.23782280530828948,1.8451127809211374,0
1.784799377531966,9.318808699259897,1.7330626626179433,0.09542948276262485,0.08872848510652043,0
1.5576626427267253,9.244274534133053,0.7579491229842032,0.08652191497482034,1.901561449629819,0
26.68412485228653,13.557509457269518,6.602677709346905,0.9391848294293866,5.97990657680565,1
35.82875823558887,16.259747652852983,9.96233996921005,0.7596493559291819,10.742741202254855,1
30.662762222618525,21.1931051716547,13.354738685772972,0.7118498107616044,11.479628318784385,1
20.487831184719838,22.273090713954126,7.73418779139547,0.9054090786785368,5.974269699772021,1
2.5613574306751823,10.189911630455676,1.2799226269949986,0.2143877650261938,0.18496015510242803,0
0.04967018848439808,9.980188981745755,1.3047365456070656,0.11471550248938592,0.4386672842340291,0
4.702369637804631,10.042267598950525,0.8184240991446992,0.2713452398184849,1.1797856877036066,0
2.5286883276551797,10.34679225941965,1.2361838380746617,0.23658318832659705,1.201367558525762,0
41.749358587967365,14.481155142469415,7.473672516788469,0.9753669266814917,9.715676644814424,1
26.066615705772143,15.006099662789413,5.73834964115555,0.9154524946007645,7.892752631703708,1
27.68197102246795,24.01624525609475,7.696838237127517,0.7527476246646313,7.209511716375544,1
34.34470449261639,18.62975917323188,7.380788423518807,0.7347313104383743,7.11261606494968,1
25.709819940082582,18.199595734215286,5.3123809696802695,0.7861215245661625,6.305599700598247,1
38.33040777668066,14.03252360675723,7.748058674219754,0.8531330269086776,13.811434342268406,1
3.6742957497730835,9.376144398573922,0.5262692936781446,0.2195705442775819,1.114337053071308,0
0.6926600263031335,9.249862925192023,0.9401298433835812,0.2994109373937222,0.7120936713135269,0
48.54172006350484,15.92040262407892,13.902832401854704,0.8265127254719321,10.618086584185589,1
31.628145759245676,19.95313664885199,5.539716364949962,0.9669897053249699,7.4385676941971335,1
30.877468235274172,13.587269097719364,11.657850469450207,0.7061484366161451,6.263833066704847,1
48.203181799314464,14.030913737901512,8.892221315223434,0.7415486752441907,5.022404730736961,1
4.923055398732811,10.30396683126329,0.26431589963515556,0.25774576888316447,0.690085563415983,0
3.3506212064185847,9.597828169747132,1.6636851260884546,0.15145823351271948,1.3073028394648583,0
16.26573497307234,23.985505834156907,8.760882271326292,0.8249947511791347,7.89809529391203,1
2.296292310378878,10.141074223528609,0.41276492924328423,0.13104363482034054,0.36149086611477244,0
37.82161500067308,15.954915940394715,12.197623099699465,0.9006171620750258,11.807548014226098,1
1.4340304269012933,9.328892065822977,0.8950980690978874,0.2981651083731362,0.8253360416343107,0
3.917905499947923,9.763572440139033,0.2945861621334982,0.27642625671957355,0.2121648616068943,0
4.106401935613952,10.25437029449997,1.3353068551557616,0.12114932078173797,1.3345737081276743,0
23.999010453168196,24.24873220812234,12.908436830618024,0.9331173357768731,13.99186045322149,1
3.8948540950841997,9.208277937675303,0.26567731356819757,0.059297741806831505,1.1538548699449966,0
35.617000258588504,20.519518704052555,14.687041926920575,0.9259474184785571,6.764326883676785,1
45.326315155166824,22.121355729427194,14.532368029110623,0.7193105215065746,5.2872713365393285,1
4.879676734249473,10.091802439900842,1.3545163486318663,0.29922612126032494,1.5835948561073032,0
4.64554997901962,10.094548251466364,1.5196956658745926,0.09611341324915139,0.9340703905490784,0
4.850701644492675,9.917464912134456,0.024710685986978342,0.021627717553467773,0.4694144447209081,0
35.34868847192417,18.97302901543495,14.426908265470539,0.9084278920130189,7.93972617345426,1
3.1818167436694065,9.364703518818589,1.8623545118193252,0.07785527087407619,1.7406867907562307,0
0.28529191840913515,9.565527284574621,0.7231005950914353,0.2021394338906719,1.2644008182023234,0
4.9232393077798,9.989895081109358,0.7481211498383484,0.22900919319867166,1.019794599921861,0
49.99616976209874,18.74450531616711,14.0990487390897,0.9902069003956624,10.816427399022654,1
3.313240877291031,10.146677709344504,0.14560302777876144,0.2312729225640653,1.2783233890878463,0
47.29695904178846,24.886888022822497,6.9138267875923765,0.9611796978205105,6.462505616306441,1
31.07857338864148,19.874269027077617,14.405114479027446,0.9211796434203772,6.392471736742058,1
1.1761876373722269,10.021188490499378,1.7915820051537632,0.2264825908843031,1.6695830760330845,0
4.939937628028827,9.260798812931085,1.0916711570356565,0.032965859304961084,1.0485516536544166,0
4.978999313314291,9.56500893015022,0.5855875116944598,0.07176479565267346,1.3170293041167396,0
26.6571569694176,22.89592651893247,5.490759931162045,0.959018640323131,12.036320361943357,1
2.0948967783811883,9.554409585336332,0.5460398428724405,0.012223151351759465,0.6011627472112848,0
20.80244876710869,19.77614519581258,10.131095968543896,0.927283034967864,13.348375730387321,1
3.153986599330973,10.484181770587673,0.08235279550761132,0.0506210267092106,0.3582150905780481,0
26.517545256388594,17.570371763466152,7.355759734580275,0.8535995491107495,12.107249600063179,1
41.63128202388377,14.008428504339596,5.775590025265421,0.8892335611787916,5.099509090495077,1
3.511216568457065,10.041278517145898,0.7330468854327157,0.2089823713347561,0.12117155050546158,0
0.8781138320927806,10.282025357902512,1.4115605833040479,0.05942941476452933,1.432241594261989,0
43.87245342076106,22.872668609695346,13.623625328008345,0.7110112088466645,14.934887058866039,1
0.4580024954947465,9.262968945187867,1.6999087261333798,0.2457900972316185,0.610867583713975,0
1.6704672717563702,9.310150008763939,0.36500203648364726,0.16777926844564758,0.2089496343444608,0
1.3961386765276396,9.215922447472336,1.8822622168877752,0.036395600124364755,1.3479634328497554,0
1.0326093868847808,10.07361113520037,0.1658002670677532,0.23166500443618449,0.9806935566816839,0
2.773390470090443,10.424854373941567,0.10767608393389994,0.22813455620844575,0.4650128448134667,0
46.32046742830566,20.514213865944356,9.917691111878995,0.9562676908792711,13.998440748125581,1
28.057159803695875,13.35068964013935,12.623168099769336,0.9360841084652276,13.35894997779968,1
4.984633606196896,9.132710027648722,1.423988009321063,0.2552506941062886,1.992895289820081,0
4.840897484872283,10.357807697726344,0.7201782760286639,0.11039173660621772,1.7053463280874315,0
48.03211364636297,12.791107294223778,11.314928444724426,0.7824388889508409,12.655920643125889,1
45.28977434378265,17.124726929167483,11.539258118677655,0.8397715546012416,10.927378061710563,1
1.5153760634778124,9.821825316807157,1.8879328145491976,0.19552906941043666,1.7629977958071823,0
45.942678585158916,17.245005608789576,11.945267322606563,0.7260168184021892,7.0015408356882265,1
37.61714659952747,14.108896237543677,11.53300331463135,0.9975524594663918,7.711636909540371,1
2.8228768344856503,9.126197681956537,0.7304375083147356,0.04686565823415042,1.0518629887218856,0
1.6432705040897033,9.914845033119747,1.8169497321274848,0.07055944480007968,1.3549164136286327,0
44.648143452862804,13.896225306023899,11.272560783386824,0.703925765152843,7.456693284542427,1
44.908885441529904,12.53304674786436,7.3600468531669705,0.8847129037259206,7.180126479328046,1
38.95603725997462,18.997788298070297,5.145868242588277,0.9010983385856324,11.20092040752278,1
48.55788242938505,15.032443566525867,11.053611129876023,0.7800621946737685,13.70918516780872,1
47.2041555216583,21.647877532165218,8.019243544911992,0.7354398902692577,13.531840720807809,1
4.004277518961951,10.307844144055224,1.0304151730517244,0.28254731235485187,1.257906469362136,0
38.38741508451094,15.626008681060075,7.60617027968804,0.7973553802271027,10.203963665168542,1
45.44488815555372,16.235447025854548,9.536588108835689,0.9950493240097685,14.235308825752993,1
3.9219087896092786,9.380320215231515,0.39659036504055933,0.26241016844867915,1.1177425871206486,0
4.417419690297265,9.583113730128922,0.557244156929203,0.08180744791765793,0.7508099475698313,0
27.366064228994517,13.862626062659448,10.522697633696723,0.887553749402572,13.602223650589737,1
30.97707489579441,22.116001529301066,7.525899774918176,0.7928925365072842,5.142759578840518,1
4.580258156566208,10.21578867654703,1.2754077149557312,0.21108234842102558,1.8418102319299525,0
2.8179876733518783,9.75826750314276,1.3098150960694017,0.089278512753921,1.515682925298775,0
30.118972207497073,20.609209355899832,6.491510936017556,0.705212789098377,8.969244032327296,1
3.439122640357615,10.247285283333298,0.39598701457804575,0.17099350764034413,1.4807267960798565,0
36.646740298992775,20.54849126962354,9.83622683877835,0.763828232386648,5.285552608365304,1
1.164763363345358,10.08503119410501,1.4792249627970728,0.0536699617198137,0.8223607807773954,0
49.76734882429035,21.31593487307898,12.285990316014068,0.9728609504649492,8.3814412841691,1
1.9876038650787349,10.487926645097897,0.0830647168409464,0.1484267588238965,1.0201100319253902,0
2.7063652336115913,9.809873289094016,0.4404320186885009,0.03529168016828804,1.0871446098852509,0
47.99071600372422,14.636962349855029,14.915172808387585,0.982094938021918,6.12653200163801,1
2.0507790358579876,10.494963961231967,0.04241827049307845,0.0913023252611768,0.5573463052940009,0
3.183795967347761,9.697155478569822,0.7328958251726196,0.07521298417242774,0.8830158619739901,0
37.374803569471794,18.687215078279912,6.834218523697305,0.9430134936803523,9.721951983405571,1
0.9566616701662478,9.550322869386171,0.6845137134640391,0.29577299842207416,1.9167571262431369,0
2.3026101839853803,9.954725305707065,1.758564634859029,0.1667603603036186,0.5534705895475003,0
23.577538290179717,24.62635260412327,5.417616081270349,0.7523049454723437,12.650492392402516,1
1.541124507015554,10.00365883471093,1.1621441232956373,0.13168173207851863,1.794490957768522,0
47.038035710311654,18.672631319280256,9.007780308880076,0.7652868266217797,6.445361945104299,1
28.277971554382454,16.5315207028555,11.541513607592645,0.7392700023900703,13.199143504985758,1
44.338012837343065,14.697293978093795,12.89148654932726,0.9549277523264426,6.931806402405355,1
23.76081459209997,12.964937108508591,13.40234067365291,0.9654682224255573,6.644965329173187,1
3.9502180845417967,9.031478057847714,1.878827172588965,0.28455757759482986,0.7106082615530274,0
3.6493458804688346,10.332029766369713,0.7867348212665362,0.040823971309907024,1.17144399481668,0
0.6734493026193766,9.769910114477181,0.17760854767026402,0.16743785212019865,0.884231216818165,0
1.4700059910521106,10.154675618355604,0.3609898641678255,0.07298762304488418,0.5113652524147614,0
19.16897260057779,12.101857250467182,8.058078891995986,0.9447867047253583,12.727658286860162,1
38.48481023029243,14.54930848115601,9.802835388892712,0.8808177836371821,14.321375268403516,1
31.74955556571959,16.680072069546366,10.585235092330674,0.7198482823374903,10.883001151396796,1
23.915769717312955,17.422361311172317,9.077876524921352,0.9598884880065275,12.577974647322602,1
1.620467717464546,9.11761251335439,1.8426043454962824,0.022299864014053806,1.9062117754313488,0
0.6431758594949971,10.461085369305227,0.048205013504321936,0.03546921738325308,0.622633308551704,0
3.892246045773333,9.194614198836108,1.1967384570470734,0.28278953218133374,1.0988869797843988,0
48.0352985580122,20.041327091681573,13.065363885704052,0.7363334616079905,7.688202817866646,1
0.9688571453375056,9.354947799953326,1.9170580060394637,0.0061212265048604,0.7268693299256355,0
1.1890287023622292,9.682050100711766,0.6467861108416733,0.00982026368555121,0.23267144481755886,0
37.15668428202101,23.077857161008843,7.865444103738795,0.7235869396403422,7.04179891363218,1
44.380880058014654,16.409773530398596,9.322479219444244,0.984274480695189,9.241123279371093,1
0.38961052663519735,9.98119843766971,1.8178651133520347,0.08630890024354511,0.5386123578308635,0
2.7364258384809204,9.612690085943331,1.5487375743643363,0.2792119228993338,0.17282410423773653,0
34.06841721015789,14.481082126823093,6.460020240830737,0.9805910650401513,10.471992504045613,1
34.94849896259814,15.422082804004189,9.643090168079942,0.8873978781639731,13.692698288699948,1
1.3738484760426228,10.470835560146018,1.0877701654597773,0.26918383228580073,1.170710771323486,0
41.22578278954316,20.3598195512119,13.479704463577031,0.7175226214271703,6.194857931012284,1
0.42136113466666514,10.210534376713252,1.9555676803525501,0.1880203803537758,0.15415578556638176,0
46.074475392179245,16.28368485816008,11.191859397698842,0.7995846892335465,12.927191118343302,1
42.67052320302587,23.553233716343605,13.612428314330243,0.895861947237217,10.007656288003105,1
31.70949629073958,14.877383705015813,11.646561990889387,0.8357144438623427,7.523000808384197,1
0.9957290399709512,9.165809453987341,1.1020769004375643,0.16637836495006023,0.739484679002395,0
35.34288423579984,16.87207885337541,13.4274208812218,0.9996272644133255,13.9928230727436,1
47.60517031820699,20.964124071994682,8.443509254874101,0.7020565669828979,13.024316220114343,1
3.8402486213460323,10.379259561263828,0.6827045838609991,0.23489498938714068,0.5474454061648282,0
18.583343468018878,18.82131576836547,11.045784784843784,0.9186457234916787,5.510137445656202,1
4.505597664237152,9.07903623833032,0.24581521602559087,0.24781826345616248,1.8921033067603565,0
2.123781815491684,9.790061365694237,0.572229569895031,0.1388764942311496,0.29074081849432964,0
1.0632011804633013,10.34095287929196,0.3096408189028681,0.22777429559050283,0.7226208311581517,0
2.413700747260693,10.341108120455123,0.6595950189946551,0.1333578516331597,0.17014878337824113,0
16.58288525771912,22.42426545323964,5.545214889514826,0.9803099691975702,7.117174460403896,1
2.838346178542113,9.608179467488592,0.5566891356889709,0.15245062800552367,0.5342051988180416,0
4.3946818932575145,10.203954898219294,1.2660600406579816,0.17166899479017914,1.3898928627396625,0
3.9535511259974627,10.159306294672266,0.816069240219746,0.24642023654301987,1.9479178136082584,0
45.76332430787393,15.846845686458057,12.489481882526572,0.8795173191817507,5.7606033095464015,1
1.5427187397312958,9.506630651451804,0.145991198454259,0.21441340034150755,0.8615147861541788,0
45.94062509265642,14.256009584207034,10.046168826401257,0.8272801777862836,7.959200901005964,1
0.8047864216629819,9.687362128370681,1.689520727594859,0.2727450063752567,1.2835033643719442,0
4.161268053577814,9.381924025251795,0.3838885757260484,0.04359018980434733,0.40017722176489245,0
45.87368853692892,19.49429084368093,13.96714583053025,0.7079435092377345,7.537158510000429,1
3.2763280877343637,9.22721215232524,0.12455162102191242,0.22793120925635332,0.934406227711686,0
31.330774053091968,22.15217104459728,12.713309656055134,0.9599691811658839,11.455326083408336,1
28.150101894437878,19.24511498191208,11.051834227669172,0.8734458823423896,11.929406539021294,1
17.881776829589366,17.89315477934559,10.080350913038746,0.8020035451481278,9.12359225651257,1
36.84277507824392,20.4514498957221,10.849684753263368,0.7615331982257112,10.05981358152432,1
3.737047309748898,9.909031265424057,1.005598063725166,0.27586666379856867,1.240013457230697,0
0.5547565487374706,10.22592667445403,0.5820864128795022,0.23005975927472816,1.6291577830178054,0
2.2172184941854356,9.649033936463994,0.7676231354204552,0.053547272802700704,1.6643980320840506,0
19.572267168832305,14.366305774518029,14.339518874028474,0.7493299762602051,12.237374449285499,1
3.038259706470734,9.15000482313243,0.9429670484682384,0.0390945048731079,0.10766739869801967,0
1.0914526237105475,10.246537103858444,1.3141177088841622,0.06608405033907748,0.13081509168182137,0
19.510901031372743,18.83031047551236,14.255611012114977,0.7167235343524021,10.081717125487952,1
38.019584509502664,16.108387588451308,13.755235232204683,0.9309415950246241,10.102063416212808,1
33.48486941175902,15.710835421883177,6.52135252180794,0.9968926747936695,10.638158489969356,1
49.350332524635135,15.075289125387293,14.534793244825952,0.8949261115290235,5.5010943904106755,1
4.697179588532227,10.06514539755612,0.20686053229250612,0.18712762291113652,0.8388629692832119,0
17.766202089041073,19.16977579129494,10.042392698481033,0.7172004280667531,5.877592205193106,1
15.85050217580529,12.600160019210984,13.356243119306034,0.9411411911801919,6.407223608081792,1
1.898300079466562,9.194637939906954,0.49497082961415506,0.12582650310475604,1.848228966804601,0
3.496956170102366,9.836532496649498,0.062043215411951236,0.20510356344042552,0.40783599303515694,0
0.08259805799980924,9.483484891480805,0.2993852249654321,0.16454071571505186,1.7975581105004672,0
4.351050933293955,10.44646821673315,0.6356538222946198,0.037155625568947644,1.8753212678979783,0
40.767620044005575,24.913529988260212,13.712277426609734,0.8242636576785415,12.582278275515904,1
49.55504036067076,20.313672230641394,9.918026804724494,0.8541257205116739,11.040886877310744,1
32.521303930203466,24.400992205703478,10.776863420172251,0.8225490247564067,7.427003198693018,1
0.14967090109016812,9.873696940187275,1.4184277266093481,0.0737999004512855,0.2137373195100838,0
17.040345126945155,16.561661616670385,12.297528897621088,0.9053857079557815,5.533477244160913,1
33.4817542791255,17.980219032827083,10.477612898827365,0.7936265022222061,6.66671076345049,1
24.845954301769538,24.028767852531146,12.963189563706656,0.9652435259587953,9.404791471772874,1
0.1502485146184851,9.113813039659972,0.3971972315678274,0.23607465964087535,1.5983768101647042,0
45.32739880258079,22.090647323322905,14.438438734645459,0.825945773375377,12.833334334968626,1
4.84620193886734,9.409537540212497,0.6572661655623377,0.10533485155510841,1.7139075162013686,0
2.723840660377457,9.016001116042906,0.292106326012048,0.1932581776883465,1.12463439929009,0
3.140282453725665,9.780270990104402,0.7748075681390569,0.023115003726742998,0.26669401034073914,0
41.59787021543262,15.414574319286384,11.717596784044202,0.7370088533984651,14.979212767191681,1
0.4409859605779509,9.108403562098708,1.832748473971176,9.433558615398185e-05,1.39820571784177,0
4.011119660035719,9.06172686042209,1.4087973266561082,0.1966128828792716,0.5310753535455344,0
49.10511290309033,24.142933740500716,6.285712801768126,0.7923149392340714,13.508001209548206,1
31.647076444692047,12.65527207506843,14.929839489081049,0.8342863380326477,14.991099813095342,1
3.643849952066412,10.106336395232816,1.9833535601119079,0.10697618148924158,0.08837272343204061,0
4.777311940177379,9.127726861276352,1.5423698670706483,0.1615846181433531,0.12281028809506944,0
4.642866288704933,10.177866873243898,0.19704058299118632,0.007414487239472245,0.27318011579832113,0
3.3993153736528696,9.91245160292565,1.4526843896966728,0.10973775555007861,1.9738475210263806,0
2.4397627666481436,10.434790122325076,0.24068889987031272,0.03174416793808503,0.40079830232192193,0
2.2638669392651996,9.031682263211598,1.3022073388399147,0.07293358112745686,0.23067023322013558,0
40.70397914696876,24.668003616095582,14.33024643981102,0.9493984383938864,5.502061195149732,1
39.04516968310391,22.455074460739237,11.139246279834802,0.7607484045731571,6.102884201464437,1
37.52983240942701,17.68244326309168,7.182512554742553,0.7848621967871904,11.18918642334415,1
45.44057911087941,19.90979443801583,13.338656426085434,0.8411607102306089,12.884862444624352,1
31.748010635395065,19.40801161031313,10.615218345889417,0.9328833072336182,13.238308186185803,1
29.422132258156772,14.69080790272167,6.79996347565869,0.7434748745163314,7.2060964264151774,1
38.32627802290825,24.034233131131046,5.830969031806808,0.8482692182241067,11.258535064496844,1
49.59701771120879,20.957220588977485,5.590305768376533,0.8431704873501967,12.703874926345307,1
2.092132119501495,9.051305764035565,0.6830681754820873,0.15472546492677502,1.8717437500897376,0
2.618965342420034,9.207516317029508,0.571186526922856,0.15679779689891246,1.9922579625072985,0
2.700275784612674,9.71406114284396,1.513219495269453,0.24263190455578298,0.4352880040811047,0
39.13214725993829,23.88577921527771,7.00514350768751,0.9463540211105195,14.492657155485354,1
36.42505648715939,17.621631135678626,14.602997206233129,0.8959364150748674,13.506970513256162,1
35.22972722714607,14.208103126468515,12.149128266295598,0.9069648224183069,13.871266125116286,1
30.44820085243103,13.829914406329657,11.701268872155492,0.7921328956453633,13.060394500382188,1
44.37009689113188,21.991618064643852,11.385722305040623,0.7482676452728797,14.191473232088299,1
3.395850396316445,10.469958268871949,1.9881025872519358,0.021640267710774562,1.1069982766368796,0
3.931480280565698,9.134116126096677,1.7585596661039342,0.17892019114885832,0.9407114725459074,0
1.5007381016776467,9.126259782906967,1.8630319762160952,0.11456003405887616,0.32446004299149944,0
24.796293558621507,22.325040513416397,12.99812903834746,0.7384148454471042,5.172331827558729,1
29.72316136681855,17.485304014441375,10.74376961688306,0.8614122687778691,11.40814607242438,1
0.1407721288126279,9.132897304379139,1.4500592354317494,0.2288529847128867,1.0843559561286518,0
34.295790541937976,14.402636329568082,7.763006587915763,0.8122632983590736,6.97215203959666,1
34.70996400836829,21.919003229902508,8.185682637159815,0.8120578735202356,8.916063065245796,1
1.65439316746267,9.915789989870877,1.0874000934219503,0.17408664709340452,1.6354533450193416,0
38.459623459744584,21.60911064787029,10.002228389088954,0.8939371654831965,6.7267486448273,1
3.1633655414666455,9.70492720291654,0.6215642625510769,0.12154256576867266,1.5648465990009135,0
32.56157106789931,16.13158685422283,6.434159981210121,0.7758018584263832,7.0071325189459985,1
49.8500570185396,23.600670504309623,13.803776923100214,0.8937124527421251,7.706082963271853,1
36.17792109962012,12.609613766939134,14.076121183934156,0.7239861523304918,10.027079041588388,1
4.924189479537576,9.292225710076103,1.0010881116937962,0.2379138296164694,0.9209223937845561,0
0.4425993120628152,9.731874016266033,1.7957134084845692,0.1367091453114183,0.13918787086686124,0
24.746129438525006,15.76433607256314,9.20584271790777,0.8547435566774648,9.182250896016438,1
0.4558230487841769,10.324072036629879,1.3854125069308263,0.1870145725407374,1.2129388161908137,0
3.7407348239166778,9.27249991815582,1.8682834506871886,0.11933351996361866,1.244515980407232,0
1.1803336136153608,10.367557498154824,1.3348261302325097,0.11048737654761392,0.8305648055588604,0
20.919938496751662,19.550641510519043,9.549080059287824,0.8565998926288193,14.049670187208465,1
40.97389755148589,12.519021191561087,9.314288990430928,0.8890941046942412,5.70227457593084,1
1.4302505665695815,9.449319301153462,1.1775004789915164,0.07796680432237298,0.17989239280677616,0
0.41359800523733226,9.602835349858186,1.775039838753065,0.2565808559016279,1.119985818562818,0
3.4409264775121056,10.383501730240205,1.710471513421927,0.14399104558189918,0.6670464907157103,0
36.7951577430544,19.60368846607045,10.984373834527817,0.7567910609474346,12.918627252764388,1
40.71205598515135,16.430828913752016,14.011579922010881,0.9371267059314354,9.297916269038856,1
45.81445570665845,13.648153086892405,12.350458064271638,0.9754841577986652,9.22924613426869,1
0.7628391563049386,9.03200190789335,0.7797357497258446,0.20258177719320364,0.5662948130120715,0
0.47488633299922145,9.494546297169556,1.2545303302347521,0.14444929114640334,1.3206786335031813,0
0.4307717636456754,9.71448424443921,1.9624297904174606,0.13617161227742,1.8658169398670066,0
1.5027175615489203,9.276435535005016,0.6240330061009605,0.12744618988063808,0.1031019579849155,0
31.364466535811168,14.353322078303398,8.401777035109477,0.7310959316800603,9.300081129032911,1
18.596618740460823,24.03845936456374,5.865456173994592,0.8857652039813305,7.4773033737632035,1
1.8498952337158774,9.92174660361381,1.1377384073623598,0.01809681335340424,0.12411890125549907,0
41.46202602981754,24.364465328063798,9.28042431294376,0.9271930281453618,12.271625544452387,1
30.057538257406435,12.622490968516965,12.136384803174241,0.8453828315120802,13.812403788732077,1
45.57266044794319,22.837292395341233,13.634460301723657,0.7389990056884598,7.441411245660705,1
41.79345916508157,20.2720018853977,10.66665041201512,0.7954451857691849,6.1411260843123205,1
24.144030336353797,13.276543660700195,8.942830863845845,0.9900472355010327,11.982623720638177,1
47.5296785374072,13.958214160404742,5.320253961405468,0.7786142542098835,6.749566130264864,1
45.787540302626724,14.926077486486191,8.97266901990834,0.8036431584136079,11.75130040086795,1
1.5281205292457667,9.607635484443858,1.52084835528799,0.2866331756164622,1.5273542763963828,0
33.07160515115169,12.89537090770698,6.511352594162015,0.9980716514472583,13.711954020224855,1
1.524051598471008,9.246413138276822,1.4234810552558363,0.08324839726955113,1.2493098683379429,0
26.039710884677405,13.631767566365646,9.889680922907477,0.972195015993863,14.955327725695438,1
32.80610054358392,19.933263802514986,13.64409824680142,0.7429667203268754,6.621979837538151,1
43.48067217184148,17.507769486478402,9.732606751031575,0.7795275006977617,7.88804036220302,1
45.63040313206502,15.166120994793598,10.109672790432324,0.7812889578386724,12.805763109689263,1
46.75234476856917,19.177273830836167,11.928931039471257,0.9243840818771963,7.038112274602249,1
1.173347701383483,9.414404724826495,0.6268282144827038,0.1355250223017779,1.6580863647583601,0
39.47215497131409,23.466649745303414,12.71892124382132,0.8927974060291911,10.121574814116652,1
4.607070142587504,9.942402936066905,1.2141622593108323,0.03262231105710079,0.159601944026744,0
43.791707741797694,21.137891057824625,14.752117205606046,0.8389919705800536,12.22174371414383,1
0.6368207584843222,10.482179247365497,0.9203151184635079,0.12783799163145806,1.2883486637340948,0
40.491433404706505,21.306995553987615,14.71394579849372,0.7931172476327188,14.38452083780593,1
36.124344336508244,23.020133865490095,8.944794513490457,0.7154294412700735,11.307338234164975,1
3.6258638223348827,10.496298425923168,1.823895561344951,0.20539806950528744,1.4247274261933056,0
32.287129006171526,16.821696756411697,14.052863327219601,0.7479507247612606,12.888850035542413,1
1.2659783922789525,9.84567644402882,0.8107449408756706,0.1036821901911723,0.6205000029341201,0
1.1776051211780354,9.958963165321746,0.5454608897042348,0.05604160573600518,1.2953394114603867,0
2.755503030047875,9.800285568861728,1.8719447503034703,0.10546872528325775,1.9725095004354907,0
29.72851975866963,22.977295469402193,9.416939871476691,0.7390379957476764,8.411004507305115,1
28.16973618010556,19.306432454188084,13.388062763146682,0.9516793082915439,12.262278881822308,1
18.58835075540217,18.74052867367528,12.277790851215245,0.7971766188626498,11.74676727856145,1
4.524447356937411,10.257172445314641,0.46434597061661576,0.15581707078322074,1.3182972708579233,0
27.505230315741883,15.828954413759746,10.276486053176868,0.8674162916329632,13.655400673354157,1
15.000585769027715,19.62754960438034,13.669388507928906,0.7972891672533667,14.342699648337701,1
1.045683086298455,10.183978878580549,0.9075215957375729,0.03778515536831262,0.8165193419157688,0
44.23281998366012,13.31105997830897,11.314793853987915,0.9032043787927779,10.578727599891366,1
19.505898774189316,15.952597932886315,12.711815357190373,0.7875839316592039,10.442019413069591,1
46.29967132335074,12.552400197947692,11.407439600539822,0.8846442796609324,7.0812112742665345,1
1.9627630017263957,9.836662679221542,1.9532882553652775,0.19281177935540914,1.0009439895131524,0
25.124380281073968,23.5611111622377,7.366590284446203,0.9987895911462661,7.568401957873066,1
0.22531216655146957,10.077465144577376,0.4555876889102848,0.14691317232352064,0.4832868179240286,0
3.020641103002392,9.308296564153439,0.8971619443656016,0.15367373408526766,0.8255691266286487,0
2.490547428337988,9.634662628467014,1.9309502387777813,0.23964633820099,0.21485732736394514,0
24.544564743123903,13.02471064089355,6.356495242600779,0.7752048894605342,6.9952736629822,1
15.938008376039248,18.275448105549984,9.060795092998896,0.9398606924962289,7.870083279044317,1
23.27403499389102,14.233899559484936,5.6769566218446075,0.8499914458591115,13.419827278722764,1
4.536318277654276,9.316755760281744,1.2436637370655186,0.1499916714674753,0.8453800807356175,0
0.2865379626422965,9.54141595383553,1.3416596609955054,0.28573339664775926,1.6093695929061043,0
16.712749449702418,22.919521256735326,9.903200378378841,0.9430256595029736,7.97065247662215,1
18.615203120400878,23.127506434632302,13.631344393767272,0.8404718332385102,11.26845218500663,1
3.4383029561386476,9.409098823881724,1.7680274847250124,0.26921314428645776,1.4451584122436238,0
18.004082725385107,18.05539972047363,5.756251133461752,0.7255752258420864,9.88885345704525,1
1.9513795368426696,10.24143346014967,1.4141439150015618,0.03659290023072811,1.269381145291523,0
25.665891467508054,17.737006485016792,8.933270485322804,0.7987330003655909,7.3857082561096625,1
3.9687339032408024,10.349685838862749,1.2675922861122346,0.08253536218965916,0.3587214433694066,0
46.11536816203332,19.41110902378106,6.899158529716612,0.992386761880576,13.853350104490477,1
28.513747070037024,12.141018315365201,14.89700152024779,0.8367533163781135,14.91502833649966,1
37.404722323964236,14.371909120435514,12.049123684346629,0.9116218867586443,8.500308674413837,1
42.11803264280203,22.353586746759657,12.60536354915478,0.892381015597514,11.756223153293064,1
49.93233210719318,18.909974763673898,8.364464614205108,0.9141361977979401,11.20821766661502,1
22.495835279616657,14.007264784885482,6.020957351155448,0.7644960324717055,10.635693395003559,1
4.13190064130121,9.984415611433894,1.518998993755151,0.12439762279335638,1.8847966626130208,0
35.50047195394764,14.942789257596816,12.54293405139364,0.9766282434213395,11.592358275814933,1
48.998690493448095,22.03212087588277,9.841882760711648,0.851818254590933,7.572128735374356,1
32.680922561118216,18.128623950996772,8.438238758829101,0.7320491421516114,9.183182914985952,1
33.07585196856871,23.201878120877634,8.675618252418236,0.8229152773616807,10.714825136560744,1
32.42558459768021,12.249535813332923,5.8623583176589555,0.8068025743364167,6.40825782830272,1
20.381871247247748,18.336776432861697,12.64778745595766,0.8930035495919608,13.852635736721199,1
2.050623560756958,9.859811437642342,0.30401230826599446,0.0360039626920401,1.0571813521956637,0
42.727615723289176,19.500110641491677,9.154885700062893,0.8938810933338157,6.4361944427463165,1
15.975964660911849,13.577800398224918,14.194510748894027,0.9509221996312524,8.765218221437207,1
0.2958845292973439,10.37791882776099,1.5354328729737838,0.1754415443048045,0.8736510345658024,0
2.8952089240782177,9.946736170370054,1.973980645137338,0.2537794015126312,0.11052182608419558,0
24.566184155642752,15.810769290675449,12.397384506387109,0.7420183122157697,12.775872017176788,1
4.02594988735665,9.479041795809524,0.6594078170240014,0.045147588813718685,1.304516292057216,0
40.86553513888224,20.137980582590956,12.479823764731833,0.9138921068929367,13.150724933229217,1
0.7612328229517862,9.104777561229882,1.6625989484523673,0.03719374465439503,0.05933410772904879,0
49.85356765120537,14.825106045279526,9.217288672790282,0.7383191677676295,6.818354719825495,1
41.56224064655224,16.433536943552408,6.543145822970903,0.9247517334839069,10.735237772119127,1
0.631370242999581,10.382343879680812,1.424644650070521,0.10091789967781234,0.14187235888124095,0
3.49021062942722,9.840236080284491,1.3778504687487882,0.16193605027681726,1.1566754711544678,0
21.32382408486794,17.87555261063543,12.106203039641205,0.7203407049156038,8.72677360894711,1
4.632308347776664,9.887464971991617,0.6561700047272196,0.062147586126008486,0.5034169719519368,0
0.6972224867106619,9.790505954331296,0.34948005126379456,0.266950101643169,1.6683713702476521,0
1.5056330275158274,9.333457081018253,0.37126246331708024,0.08201309281783963,1.2544058960594402,0
17.93620524645555,16.087890175486496,5.05383987611919,0.7949286410068379,8.354453329192488,1
0.26144367452872075,10.152269348838452,1.7437649863307851,0.28914244210486006,1.3825273275247991,0
29.528281944190695,18.097358317005828,12.517888308099865,0.8440074677135715,5.912827525367824,1
20.667209823253806,21.03403312416541,12.307705285394896,0.9403929701826348,13.176486015855888,1
27.41277364360606,21.200258059444682,8.912213368567905,0.9937772585133335,14.653562870583144,1
2.2866709513362693,9.449691141450161,0.6675155721742385,0.0647256314493536,1.9114452559544788,0
1.8694673081659963,9.434130989616278,1.91759019044332,0.06296563252675143,1.5171371892131253,0
4.450803037862391,9.87341429805394,0.9049560597977502,0.17047486138613951,1.7853785301464766,0
3.6623151587567984,10.274130515748945,0.16523486160263734,0.11519058538691744,0.6616222297644296,0
34.86020275516387,12.88321420046655,13.52195163476209,0.8948737303890729,7.828571061173134,1
0.17711694921575538,10.141338674436216,0.6620170736776094,0.06762613672344066,1.5561887900904579,0
23.641154318685977,12.315300931649109,9.327699584799431,0.9758575876519087,10.712270152379826,1
0.9046636391737051,9.873838190864612,0.04713372216132017,0.2607353966890231,0.7009416012819496,0
0.4801029435706261,10.214317625872841,0.2927123999968777,0.2648265491051416,1.0436900345282076,0
28.312935859138683,18.052572217697357,8.576321934142845,0.8232024382632506,8.149765440094303,1
15.969461398624775,19.856115037675057,6.675197798880767,0.7767214683230337,14.762799189332771,1
4.7914858481199545,9.509470290293445,0.803476007600874,0.21592596827695706,1.155804155268061,0
0.22671317963168125,10.46581143048557,0.9166339004895152,0.29234652370530817,1.6477089070873594,0
48.17870563197516,17.484997045816986,5.357226095119104,0.7033224346656182,6.231934048878777,1
3.5660604899140464,10.207810085857748,1.062244424595148,0.03769016457388003,1.0744893031413154,0
18.60775739218073,22.760477855767796,12.79958828193316,0.8159461663154186,14.10593332525584,1
4.095665991825487,9.464249225845807,0.43697089447945436,0.28834253642937746,0.03319436566995271,0
4.3143130267784375,9.910329112787572,0.4741911167929991,0.14875586323666937,0.21567333965048374,0
3.308087248644406,9.152178307524208,1.790756946229445,0.27682435054124555,0.5620050936788421,0
1.6812106402679017,9.409479256736763,1.1301256414941907,0.16752317768271344,0.0323883519939232,0
0.45974831239533054,9.501708790093264,0.827132983057024,0.16039000885877686,1.9207407413718014,0
3.486390469099869,9.282838653300491,0.18220975875052603,0.02898452056189855,1.536786986451436,0
1.6937179598754903,9.41682603354588,0.8623412214951238,0.2242728184986705,0.018630999408549176,0
41.26438145279435,21.754764618796123,10.230226470686507,0.7827549361165629,10.862770992622217,1
19.999355091208766,20.181139338540643,14.03525451458761,0.9866779967363439,5.102633062836855,1
1.031576974718567,9.324150896493766,1.856425369038339,0.22688964529884326,1.868539397063439,0
24.691089422063,21.08625199336409,5.432075606998082,0.9461641654789248,11.525289224491416,1
2.129398704720291,10.40477943249632,0.13772483838518723,0.05793112844092152,1.2158857420298843,0
3.5250657393761964,9.252427703425582,0.49300979129316236,0.08065906173634757,1.9266683745210362,0
2.499720429865462,10.089919918775227,0.5383868408989894,0.007502091100771679,1.1567203724564483,0
26.851499711419674,19.8793581054073,13.773444783240137,0.8906650772885849,14.397264482391181,1
0.0990534841380808,10.427466522291697,1.062442491696463,0.28561567334697624,1.5290363331616625,0
41.52647942888807,23.058215123395605,9.167688881157936,0.8570310632272782,8.861328631930341,1
2.1828974974337085,9.084630877060828,1.9512632303018043,0.12753664026040487,1.702150008643441,0
17.909893977286444,20.946162374721915,9.98274480398036,0.9523065321038813,6.465443366006517,1
26.22368381227585,13.416476878903353,13.645658162598753,0.7994732588921101,7.325337890604693,1
1.175557939191747,9.439642089943924,1.0971630422067735,0.10396714272481639,1.1366890437939687,0
1.9232533614206238,10.1618865466659,1.8368173538494197,0.03027696502435576,1.6466050868883821,0
2.5678495200951823,9.700272057165424,0.1402510901546925,0.05919797308067216,1.7906935762420668,0
1.6171439359872881,10.057014725265518,1.0192436781151157,0.05669216723913677,0.34775936481892544,0
1.8536614519331773,9.219212400139575,0.5565174147697636,0.19368694911905773,0.26602088554629866,0
4.356987605155505,10.282090959142726,1.3218378036161975,0.29920700339091993,1.786356693379241,0
2.4389415383017212,9.277993475630181,0.8848488698317052,0.10845573792543146,1.5909470640985475,0
4.402110162099516,9.85358632731076,1.4978889095944903,0.0135467436322801,0.1876763067017435,0
4.2083923830908505,9.271913553109748,0.44700529707028447,0.2586722087881089,0.9708085536214963,0
4.406813736785769,9.169853078275914,1.3721417282169528,0.16005205171102363,0.8428401922741711,0
16.063243508951793,21.29745905249388,5.91224661953627,0.9900607647149674,9.822408713920504,1
49.924380159117426,13.88946013432126,10.155823303286578,0.7793857565795176,10.107428616499083,1
32.64841505431408,14.31007013908357,14.039376855646392,0.8048819543500013,5.874567900846608,1
1.8831278202423412,10.47895298393464,0.17874955576984086,0.035737932208548824,1.398846228373094,0
49.16087799883167,12.687035408649145,14.94338328464404,0.9717573076590291,11.784832717871813,1
4.253212740736747,9.097615811332195,0.8145556481566292,0.22428094345229774,0.007650948893453302,0
2.5622904936333453,9.401069641933299,1.5612773879616944,0.22277499024712663,1.9079302646553415,0
4.41016687259421,10.321743517034198,0.8174882370150032,0.07130684550748025,0.5148430886923534,0
2.5256985399659855,9.582293295177415,1.7281366588923293,0.23318158646583942,0.48482318798605495,0
1.3822462247908052,9.282560771423762,0.6929612196564892,0.2914404267834024,1.9541595490873938,0
1.678542716938634,9.259224451704288,1.8685871937048597,0.06770940991939052,0.5583772782458005,0
1.7686519877859168,9.293585279914426,1.8695598148472616,0.06425529972860096,1.9836704515184835,0
20.477486069133334,22.132378960552188,8.11529402335021,0.9753845999128214,8.295524349955016,1
35.12123858435929,17.118432608066694,9.836219129886828,0.8891175584206625,11.399336056305632,1
39.252500816634814,23.316155779453023,10.690525422217906,0.7650532457467041,14.895800967464425,1
1.8821948906314445,10.263169157894751,1.7195232057343943,0.1883377434601021,1.1656818839881666,0
0.22228299215059366,10.027971634336412,1.4217581709898568,0.21720833264766523,1.260478775667101,0
3.5997383358750086,9.148485805033054,0.30049472917825226,0.2363725533540981,1.1179791564932038,0
1.8767049604931523,9.072609935297981,0.324278237848606,0.11408969935604192,0.47748791461129114,0
45.019539271843335,21.310606888076826,14.903906405290797,0.7236158774126091,6.302210725399213,1
20.134069948241347,20.25546578667454,8.499538129838776,0.7017380516216699,10.749537058412386,1
2.300827349964739,9.563847529894986,1.658329831990198,0.2512662225128996,0.23485733574695034,0
46.956524437261926,13.976241451101433,9.353324405458821,0.7171484099469276,8.733458672436608,1
1.3884588482479998,9.143147302146035,1.0615352196818473,0.19356901761287768,1.7817102929608495,0
4.395569971244946,10.189517171244507,1.3834598555873796,0.21054665866699399,0.3221969672730509,0
34.80890532730706,19.4371614123611,12.021010854690262,0.7249131443936693,12.467451288817513,1
21.39374823061567,24.003780363096087,13.886761336138617,0.863327628451998,9.494763204110496,1
2.672851041827358,9.078742351897471,1.423170570229352,0.06308691053531619,1.5889184276505919,0
17.58519129251121,22.416844156340222,12.504022926552555,0.8203600766849448,6.23689257803814,1
16.684983534486307,19.874866358847854,9.106916424888478,0.9727231829291422,8.49593263563102,1
4.525438380464931,10.222188276757308,1.837659526889012,0.1397876410375997,1.5756016007054017,0
4.204886305872046,9.788427725184029,1.5439863914800267,0.015426225745288402,1.5984249633660272,0
23.16430815107782,14.264427873871664,13.75482378464658,0.7426636639188907,9.352870374345615,1
19.42481394983769,12.08548290027753,11.619137800671837,0.7812532134314819,6.494704591908013,1
3.1279673240737873,9.568463740908495,1.5996828729986547,0.290695400152204,1.8661215965053655,0
43.793283644457006,12.384981577385366,13.680301333230469,0.7731745767035876,12.217822150362505,1
0.2760719245051202,10.157005555354216,0.6696261133087338,0.23832186486557821,0.9598885099076306,0
0.2942824238383973,10.385993970941765,1.6937933928925177,0.1193978362627307,1.529901226321117,0
21.76557664248915,19.01819199857855,7.736481536981964,0.8783026495349175,7.717344013260448,1
4.187044849392102,10.19008210197967,0.6098323953074485,0.08687705532712009,1.1463861931892985,0
3.8918592383946624,9.300326577599298,1.7280411661776125,0.13573376772680013,0.18907910922754012,0
29.26140205778485,14.437165558277329,11.989050777683342,0.9591355409635594,13.77534354551655,1
41.44660839550445,12.68172958935443,9.976418306251372,0.8520589432698246,5.8640612969467,1
47.19309627516496,22.857815712502543,13.824352402478118,0.9709576063120884,8.938123076603132,1
2.439047342924389,9.060418066063809,1.4664707129573278,0.04557845474172887,1.5452223312132753,0
48.963409901646386,12.715921157808664,14.458773907070665,0.7477801181903914,8.769881793005322,1
25.026328270030902,13.768468520067033,6.3251823921577515,0.9923837529473272,6.230576916780519,1
0.5321438635744724,9.714468014264176,1.8912187009565777,0.08101982146554194,0.2907673099017194,0
2.866683860510329,10.433296395318106,1.2455601752524719,0.1063021204999218,0.07349376286393383,0
0.24528724602033036,9.230093318215037,0.26550862008852083,0.02559989468974969,0.6042121612967917,0
30.234967128963724,13.61278213005336,10.82457739153563,0.8597844770741419,13.423080381427381,1
28.596006437818076,15.342063926744164,10.491659823577521,0.9209008679639933,13.16987873417865,1
2.9201544022156516,9.816375428271392,1.951479303196133,0.12372264022848477,0.8430465261894542,0
49.11779069092128,16.889686107800003,7.298078406447407,0.9607388302886737,6.9961195954288256,1
0.15686895825896663,9.613914448980024,1.2254206754500674,0.11580351514340964,0.5211564323668845,0
3.8194122650076894,9.193104723617957,1.0674156157433494,0.09248975768312413,1.5045065535664106,0
39.85281454260046,12.192121710657025,11.948664925444433,0.7896962018659998,11.562035938854207,1
20.880834458189824,24.933632354512905,14.23047682839326,0.700607401294673,10.50734682657885,1
2.1785993661930263,9.684553177321117,0.6883343365691177,0.14971873915678632,1.2931401102287072,0
30.987482118688316,18.903853299248436,7.556851168066384,0.9352355476200458,12.93748546704448,1
43.06115390108509,23.521257523495667,6.591576694445807,0.9138045524625126,9.791082459018615,1
0.6615189132594745,9.451510560484257,1.712631836202904,0.2362858049028408,1.2902648516360802,0
41.66172268553877,13.184725522776855,11.07446391932666,0.8981834772298527,9.520549039010394,1
37.82688597895556,12.419847957154763,6.017893115043411,0.9169430903281426,6.550821555727941,1
3.773862691534033,10.13067469844106,1.2404718857589399,0.062260588455722916,1.7742910843944724,0
4.18957248680235,9.993913296254341,0.8331711513285665,0.25994596304114753,0.372262557352657,0
32.97926172464585,16.19821257114703,5.893173514808207,0.7591640550517157,12.942068787736929,1
37.815802508557525,12.205583697954173,14.448901929377001,0.9913273795674954,14.249007018615433,1
46.67275199825414,15.893472575295275,5.5674081008278975,0.9750379265371778,8.304826744509612,1
42.84514417217815,14.722107682424749,9.049419082828006,0.987323312807818,7.49806801262638,1
3.952250854509342,10.209520455439009,1.8025599773366956,0.14921884708069758,1.9734412580943441,0
35.13919195290485,15.919845817273345,5.178238372600921,0.9579832911901538,10.84409677066641,1
0.5425991440283734,10.336215826722823,1.6191170249498743,0.0990282719462381,1.043191927365331,0
45.76450276091761,22.438652916221415,8.097775408292334,0.7103191243459406,5.8257310355131695,1
1.259041610762433,10.140428841904207,0.004895747192647404,0.03461541508856817,0.19801508200157047,0
1.1756302130400949,9.241262602377118,1.5240429247974345,0.00018386814158178886,0.8779683277936903,0
35.41379425177806,24.37259006126151,11.071649270381895,0.9271062011889537,14.721768391921035,1
23.6678911081951,21.95165466192376,8.710487657942831,0.9248039542432043,10.790157290087677,1
4.211146181334733,10.248773073989456,0.28504387769983985,0.05066756706618201,0.44474397558504064,0
0.46790959553768496,9.886846743458774,0.9833379678869647,0.20126163464404956,1.9603596962464596,0
4.341587710594334,9.876496702587755,1.0948568925108086,0.1783035755201352,0.5045291191132051,0
1.4237032270629746,9.259419590710802,0.9148559596711137,0.1382474291696194,1.5304596624530071,0
3.8672206350818867,9.995065103079673,0.6029195614528657,0.03811066320017181,1.6138905731185669,0
31.662624854802434,14.417830994744408,8.54328055768483,0.7046110548126366,6.665226792582368,1
37.962732347879815,13.073519480848692,12.87753333717311,0.947526654998086,7.901624707306892,1
25.391550652882845,13.578100231316329,5.1553506298394804,0.9195406998994861,11.284793683127237,1
37.47592802025261,15.706199457431786,9.680377156672797,0.8588041442927378,13.151586649032895,1
4.999860736839912,10.201060689548381,0.5163672198141889,0.06933448865403648,0.5072686408476452,0
25.607052197582398,12.945879110573289,13.849886056707629,0.736793253167561,11.968387260854527,1
20.913793363510624,14.274197180818504,9.924230855683833,0.9855833487622729,14.044936957506547,1
18.315965645538203,17.77744720618834,14.946140608000047,0.9844343635127607,5.822125849821208,1
4.773571838276483,10.427163337116754,1.118851762053183,0.1905783914031683,0.44381256171791517,0
1.1179135386830636,10.448859921328896,1.81086261579221,0.05719771471403819,1.2726708479264557,0
49.38772669884894,20.680827679947242,12.448666854264324,0.778824873464482,10.203326934888148,1
17.6374019489039,19.15759844445514,10.721443723206534,0.9289200132032432,13.271308697588568,1
31.73202820888837,12.96991801139497,11.294436669816537,0.8921419750939735,7.567019731330093,1
38.54831016701315,22.64841439891331,10.077330898382673,0.733570005788821,8.853017371169367,1
4.0039739617630445,9.227067084090692,1.3236839696758051,0.25881898814679255,0.6467472481013468,0
31.844167865472745,14.674422870799992,14.822668880537593,0.7596258915818019,10.667842946896595,1
18.861944369059636,20.46453241533637,14.919063578396099,0.9702779244533766,7.52850599677055,1
28.270982859955833,20.382154261937252,11.36706954870742,0.7161666142637666,14.289129323735198,1
0.4178153310539612,9.731729029268934,0.10958226871267374,0.2995421053605086,0.7166193661294769,0
2.489314070832766,9.003070966280523,0.702664749597183,0.003365146898909832,1.3667330693162167,0
44.047732118256434,24.73272639380713,6.321621840137045,0.7467842036154808,5.424394766901464,1
17.264564363191727,14.236430917511427,13.70843943565076,0.9946613209986848,13.792141327696012,1
3.0917320672723205,9.753488683995293,0.6695263469691641,0.20665526553600147,0.5599363820770797,0
34.41335319357816,19.62047123518866,9.668464393794505,0.7871765399297161,11.370251388046281,1
26.40441634492914,21.166718803557753,9.343961960734148,0.9455567445345606,7.953775951753608,1
1.6035452699209352,10.205473594590686,0.18264488010661695,0.2624934763039617,1.3611200026608457,0
0.3424619844373461,9.482668042707392,0.9173808821563798,0.1085450818308057,0.02783900733462441,0
44.03428021869493,23.802956862323498,5.845472076590994,0.9791658532331124,11.012649096187896,1
1.281786245919564,9.677563076429989,0.3354177703437424,0.1338724085105499,0.6854702514347839,0
45.441652855438086,14.325308933162015,9.2713002509558,0.7333495197640294,10.950978170830446,1
28.985727514063147,19.2238748986065,8.790854957254737,0.8637582117694278,5.807664325175395,1
29.994544830059986,24.842514379729515,9.532425984817722,0.8888204229810867,12.009767010625232,1
39.267963939570976,12.573719231235563,9.632393472523603,0.7004333397745963,10.54394028646474,1
2.9669470308528316,9.738296233716666,0.6679222006500687,0.03107069660992908,1.766235648566183,0
40.38669515459314,19.72557649482176,10.590715907869017,0.8194295399211632,10.852014626689776,1
2.70988706974453,9.23242646422048,1.9967160260582695,0.26764187614860235,0.8623044941233935,0
2.751729614792427,9.572800270892436,0.49951174454599667,0.2956572761347067,0.8562822853445489,0
37.40821753597717,24.8442563676089,8.24874135800422,0.9235001340577101,8.466717635476922,1
44.981740839444875,14.50621012926839,11.077393257196226,0.7112911269255784,8.16792502100021,1
41.47787103503771,23.15162649804043,7.900188364857853,0.9401450551885591,8.600093471331112,1
1.2208759800785867,9.154009868171304,0.08143955874307895,0.027231979312563482,1.360119054057867,0
40.95282409701987,19.26549526473692,12.063722413348804,0.9823158509534257,13.541599451204977,1
48.366175865662896,21.471232964578533,14.550718788846451,0.7832107734860099,10.877156378585557,1
4.0309806805460235,10.39102066332116,1.9338741302235298,0.12318987904800466,1.9855364131890547,0
2.717833871475852,9.471834682979123,1.757788031848573,0.20925588917644625,0.44703431346478606,0
49.953642414591926,23.8245327360614,6.083842153944873,0.9522100775751576,11.397618036350984,1
2.3400845000287966,9.900431806041192,0.31177007253201894,0.09503855115981213,1.4257676945555078,0
2.8416286166314486,10.396279683642007,1.9807290523473153,0.12700748252020463,0.8563677738524231,0
0.577696282355446,10.257551147864174,0.14279420920306674,0.14151821196036019,0.5221546723144928,0
36.92507148395488,16.296594093466673,13.127449651640314,0.7326892425106329,13.583513658315013,1
3.5454933999826914,9.739010928404237,1.2686185426454681,0.013560499193180997,0.28406958512650626,0
23.045465209186162,19.14123369715629,8.899835813102193,0.9235606855861656,10.835724775416182,1
2.171291721117866,9.784655257089915,0.6162852054846681,0.24616494854770088,0.11353916513768691,0
1.8867883728170014,9.977815159927172,1.7009295064876584,0.2173236735960207,1.340222536490043,0
31.540642279544816,17.88865031294002,10.307426314461788,0.7196280111957407,14.084942513366363,1
3.0911394811267283,9.80150287143659,1.8798483907228287,0.130479039617017,1.3287944160252358,0
2.8997258724419304,9.691495782885418,1.9552252032942912,0.25507890334653394,1.3934999681869384,0
3.6000434184834655,9.733402049523153,0.5101888663972682,0.22780416783030621,1.8524923952253456,0
32.51471026218146,21.363094987286566,5.366462238191289,0.9296139127955956,5.199939920083433,1
16.269083507893118,21.030011817039288,11.061018240528465,0.8833953449520218,9.822619189796782,1
3.467500763879086,9.766479011088627,0.666116913326203,0.07046213482589712,0.23951642622095148,0
29.40548722481084,22.346551203794174,9.249891384150008,0.81749212375835,13.5011110395117,1
2.47934806541309,9.635587560177683,0.09633593670296614,0.17970452463986514,1.205737872133437,0
46.803853929533744,20.595321244878402,9.394428645626128,0.8548383430974689,10.804016092280033,1
26.154918029314665,20.54158575099206,9.486150487045101,0.9332417809756125,8.844305666556949,1
33.705955111855914,16.493201608748038,5.727444976411214,0.8428662275154268,10.710861833102605,1
3.580440173812727,9.599403513406703,0.04534266376365781,0.11100226333975208,1.810736254230824,0
3.3814115072321895,9.093506115003967,0.3176869744479507,0.051992391500921664,0.6577448739101708,0
3.499850550898807,10.48023242549917,1.650594822038752,0.16611158300272533,0.1703052287178306,0
24.619205132312324,14.273474388172161,6.584680695741779,0.9326941454154744,6.16946390548919,1
0.7518833565519006,9.459095923280412,0.5222344886432151,0.08884249414107234,0.7212469496141845,0
4.9989855640598115,10.219705653415266,1.140524985106487,0.05683164254052626,0.23501007533717,0
22.5645724875462,15.705538429382825,6.247598560259467,0.916335679774,12.919464747312489,1
2.020846258438845,9.37758128407174,0.24512700981016922,0.1784380415018679,1.6520976954249649,0
16.434800992691112,20.50829707887081,12.426079690047855,0.9579910773125684,6.02770560249307,1
48.42542266521098,19.656534805994617,13.107932416018524,0.8606679562526247,8.98494396485491,1
33.435195609735636,15.880572667909398,13.427530519681637,0.9489308749251353,8.921713457221614,1
18.636399029516163,23.48561325922747,5.737071771915919,0.8065721760233819,7.503165710072536,1
38.41772465855881,20.39474168403691,7.659740660563667,0.982983581354229,14.863299793326556,1
2.258967405609071,9.409875820066608,1.2806117458013804,0.0650084449615785,1.7593035734407967,0
0.5397908812769453,10.394320926487246,0.4260766284223054,0.22474660606262578,0.4077466184642302,0
31.59719327605711,19.618149287576497,12.335693162007988,0.9753626743355939,5.443840953215125,1
3.2405016851415476,10.203684156189347,0.4829434888288049,0.2743814578167865,0.44195265819626917,0
3.310033325579486,9.839319890537361,1.738484745830381,0.29077034690269504,1.9942617319090672,0
2.1336835749123653,9.718531584829456,1.4781905808202669,0.1056210331395176,0.8131857206279729,0
41.16776392862093,17.886761451491154,9.544905931658203,0.9987785711659728,8.737091045064311,1
4.179779497480449,9.9437606210059,0.556384244330522,0.19632918341402888,1.3911849417517288,0
38.56881595355672,13.029523515403346,10.563566806997876,0.8493302307122848,14.456044253384063,1
46.4733090648964,15.836304223430243,14.659737361275116,0.8420043936019647,6.009083376458939,1
1.8844041726989484,10.261136381984787,0.5438677198248105,0.25816233546504025,0.016180886097941993,0
2.9462674910593485,9.653185871385752,0.5411358561714741,0.1749326503269749,1.2360495564723062,0
22.9998983277443,19.447360734041105,13.714472937396257,0.9962349935331734,10.840832689146458,1
40.78167052575451,14.993308901487644,10.966093649986083,0.8207099029058205,6.498848688043701,1
0.8238308992341464,10.456925076755383,1.6766693714831504,0.03389721326213153,1.8901629946582952,0
2.5248212485147543,10.131874676262685,0.03659078643849911,0.16402552817208632,0.9583015665679357,0
0.24839034512533442,10.312337414964915,1.8561907617551567,0.020191923426991786,0.094569445340839,0
45.96271840891646,12.881170429268407,5.305911278463736,0.7006046722300661,11.837444916328547,1
1.2829418146169813,9.476442953827327,1.2101318270373385,0.18246601967437,0.4172154542464237,0
47.43647042029124,21.854868181236466,12.239533966442725,0.713198809021838,10.227017042393655,1
37.117997619422,12.891136833897466,13.847495753462825,0.7253161415972186,10.979097383123252,1
1.971234569788833,9.998926021714936,0.39583509159007346,0.07159780638860634,1.173707613353602,0
24.173608341171782,12.355198444699887,14.622750364419149,0.9246327957295103,6.35127592235674,1
3.8084335648537326,9.791975587917749,1.0211736119912822,0.1939379604662457,0.25283688969796825,0
4.221984576006222,9.457822656111572,1.5506434759304946,0.02338036738503062,1.270216315243339,0
2.765364396450107,10.393951499630985,1.3780702062237578,0.27792940948053774,0.63565256872096,0
1.7780463696361242,10.486999487181777,0.40497847823540556,0.12072420398794902,1.7697590725855255,0
0.8824923351076547,9.92480695705615,0.09954122164442136,0.042259481027288735,0.8745446968865991,0
1.6808496688728292,9.112499378331725,0.9837938404805755,0.21045016582612444,0.7572321766434729,0
0.1848064202475086,9.396596334441712,0.4889436883744327,0.12600831553865752,0.2801624158011864,0
31.036632300938972,12.37333284114641,10.13873248116503,0.9213080997870756,9.522521748365932,1
3.544805181489176,10.131384359134497,0.4112962113984713,0.25807870998593196,0.9154947970445271,0
0.33810707343310487,9.434184368812625,1.1829688631260735,0.25680795508417925,0.14428367439326673,0
29.00446075859275,24.670918959971036,13.24678434755938,0.9285698815261645,6.810737030001631,1
0.07678055687665275,10.29721549331353,0.2712339465353564,0.10180084837900673,0.5504270547309003,0
34.65870008990702,12.116718995337191,8.214331389975236,0.9305998168038967,10.010815525270402,1
4.292707879057541,10.268507769572592,0.4344348014510211,0.163091867256147,1.5676741830826062,0
4.705090383260912,10.019685270198808,0.913177572563697,0.03904239915230492,0.9864307095149045,0
25.27081297520931,21.172767314117642,8.99335483601973,0.701207184247046,14.37846579004087,1
30.369704963283194,16.5092057335284,10.553241695128591,0.9135785311345204,5.40006813573803,1
17.06635285294813,15.08050243494783,5.53271163413243,0.7874528985175308,13.699301584794588,1
18.854183337318034,13.642630803872846,6.790892417376933,0.9377693922692965,7.753323005617132,1
44.843220176964664,12.597063793979798,7.092288562684777,0.76095107655443,13.284301800160808,1
4.705284549608649,9.058665275088764,0.5820330370270803,0.015453447640180605,1.139483155732331,0
0.8550174340326394,9.16812587588969,1.3610077673858185,0.16640612651861705,1.1132889547974536,0
0.7481224012849835,9.420165544773335,1.5921981348241745,0.25504106673702026,0.4407596287324742,0
30.441317891168463,13.503510091019994,6.013991546471077,0.707763858641051,12.70398146453287,1
0.34757471025881503,9.12558185047242,0.5472155213251362,0.19567869767959697,0.3560170189411971,0
28.200656185038802,16.57675251583057,13.509200969045438,0.8724289424454119,6.2061327315892,1
2.260365739336398,10.493353619500974,1.727736526942672,0.1369103202094444,0.8376059718725442,0
2.110118490700116,9.848481716704832,0.008833472579754753,0.08060334642228768,1.343031879704139,0
1.1395535861330748,9.920483204908024,0.5100576068244227,0.23696581558077345,0.30761940496582807,0
1.946886715516884,9.358935792403468,1.113498048837552,0.08671032932750687,0.792320076225911,0
37.086238040463506,17.392688158016732,11.927134638762467,0.847884586655644,8.08547097161171,1
15.675873994368603,18.041811557513647,11.599837671255582,0.8535387929387532,13.652823020836145,1
21.27478283780293,14.883651465369784,10.31317240280015,0.7867606905928224,11.615954412364864,1
49.3423148632886,24.745507139091497,12.119589144237278,0.868795870639076,6.723444638166644,1
0.6180841749489357,9.963056577470923,1.3382858553894024,0.19925469583069114,1.0842540967266907,0
20.989386821208186,14.689745720086062,13.142655210353151,0.8277080225681408,7.4901294664394875,1
44.06529207265541,21.943315450791843,6.047457089389816,0.9422587641028497,11.090235230097827,1
4.368228129225607,10.172323333409889,0.04484716809365086,0.24757444281880245,1.2762401317604832,0
16.912857902137297,13.448705685381775,11.020919725456228,0.785501243917227,6.378406473025934,1
3.365655399895494,9.105560269474307,1.6263963453741965,0.18723090711923976,1.122485608041842,0
42.08476062579335,21.794994376330585,10.642376883589893,0.7625343297125111,13.780592243002317,1
31.514076747463776,18.99705060256491,11.245737984397799,0.8367676490009006,6.46643441145776,1
1.7995044485102496,9.985566411109051,1.8718356081768768,0.10444480429408905,0.7114790276729714,0
0.9051142830621794,9.489245367372476,0.5253781350524453,0.024728286022773525,1.0089731453446538,0
0.9255163637775304,9.699428833502967,1.0087413242962684,0.12966220713325782,0.5248637577307687,0
47.11420126728054,24.76202644946736,13.155428014951248,0.8686313656389884,14.281068426342042,1
29.033130216429846,16.814444802597762,12.164653773959646,0.8824357705009207,11.005983239467579,1
23.363922138809652,15.256581364007436,8.202168873385821,0.9155092656742885,6.640896015540829,1
3.430047474157435,9.134452394334376,1.7456123865776885,0.012163686122445437,1.7153793336144851,0
44.66058273146537,13.324313472242725,12.448307712388369,0.840366942395864,13.98833074537775,1
33.425789063172104,13.003025745015977,6.564076259638496,0.752348157371909,5.633882514590854,1
3.5079117166383385,9.822225682020271,0.1734375450871446,0.09250024527008505,0.28469283876435836,0
27.15787206185602,23.766226822524132,14.48284732253745,0.984696644289909,12.528375876017229,1
20.88008053021831,14.483175750140134,13.549715679886873,0.7500804696180798,5.457414667680118,1
1.382341480867058,9.025522850534593,0.4746315179018239,0.17013467527267995,0.15799494442518824,0
40.851612489740326,15.22632812859208,8.961513757431376,0.8631756065941708,5.218724718539278,1
48.36360326351059,13.406121343880494,9.066256687029199,0.9648762316759483,8.863140174596094,1
33.882653961998116,23.881888737174318,9.641868399299828,0.9485204595082195,6.883285443001378,1
3.138476235733931,9.833553473542906,1.3017232542273955,0.1961302159518012,0.5097437226152672,0
40.63858131289395,22.119279691170604,13.436127355903988,0.9594606047932788,9.831311942367778,1
4.420524043998456,9.690993922606703,0.2541064465833327,0.06388967642747462,1.0797011262606908,0
35.62566004539108,16.5951047869888,8.426736735947042,0.8693557234894331,14.217812915786588,1
4.428924261763445,9.43939571333583,0.2713751926305761,0.1369934213934594,1.9226684526552347,0
2.0778047160795685,10.404000829959301,1.4644906228745187,0.14830598260234992,1.6348226976032854,0
1.5792941468597688,10.232398536505316,1.3125398994540585,0.29867180962059453,0.34430884874535383,0
2.3679144982114515,9.498439172830711,1.643849494363693,0.2874780925235432,1.7279637066085112,0
4.901029704516758,9.684377293539976,1.721892686205507,0.2663896557701669,0.3157434281888185,0
1.255295734018353,9.752301403448794,0.1465484928295746,0.2515490910986804,0.7004639408791908,0
1.6199451825967,9.300443134430054,0.8690067640572481,0.1284878462407319,0.8175032514223659,0
42.82060877897818,20.94206819232498,5.570729611697569,0.8706276485059344,8.763336732302502,1
4.7586740187059275,10.041652660786324,0.3884833467974227,0.036193265588190936,1.0415195506289536,0
4.840443401248631,9.96520244257554,1.614097727314065,0.18356062559985128,0.9840876112012724,0
3.9466552725496222,9.156124063580597,0.4076629116223889,0.011429849107736723,0.2899558908535136,0
1.4141065337562901,9.767678324082091,0.1861323966319448,0.2814481384575191,1.9677066438484347,0
32.01456216063841,17.45897094315094,14.168986966182848,0.7028543082631435,5.534896260269154,1
0.6572193402987003,9.391279403957316,1.4073489457048254,0.055009401832076976,0.4401601981730454,0
27.900109748596492,15.114285720080298,12.67990468322446,0.9422728282771338,10.498984459741877,1
2.584199568902152,9.306127784449838,0.600138101319472,0.07525820624183067,0.6948962508072438,0
1.4646342984153997,9.926398985599201,1.3879673281398943,0.0641786383035831,1.1769182456443315,0
3.9062855710912348,10.451086048574227,0.6801052216629151,0.1856720772378498,0.6474634861137674,0
4.252628424049375,9.580131300624645,0.3594448238242973,0.027568609580191472,1.0330016121141825,0
39.81034614022241,24.950937557630127,11.955960060287875,0.738623706781193,11.265416529444575,1
32.28837156376747,14.121475972026218,13.759019264465465,0.9796717829053414,8.999958816428478,1
2.5420364469035,10.083517445546322,0.15669254485431194,0.18460067260397905,0.17643493589038872,0
2.38013963932035,10.014268641697644,1.79418152150559,0.11460576417389659,0.6261801454205558,0
23.009153095362066,18.253199750443855,5.074630190329742,0.9895209673331449,5.322524487596013,1
3.6129986999174166,9.550302666831382,0.619320959219559,0.23456864937190383,1.9774308220548038,0
47.91150036917638,15.181896740298791,5.941319301856493,0.9309046104111245,9.142520930415708,1
38.153289290853465,21.01353114024512,14.00081826774984,0.9049024452585395,12.612051709476738,1
33.41875275181782,18.606465181810947,7.968074467857727,0.7630422490830433,12.168949347465709,1
21.444170003656744,15.331265069217736,5.349489803904702,0.7271868948680155,10.926247353861251,1
4.19966211350748,9.037936824851387,0.9107389570732876,0.04001656105392182,1.1654350408064433,0
1.7521621289547702,9.964073032158105,0.435215440278496,0.29335189628112596,0.1523555371130867,0
21.085925102385687,13.227191193482962,5.854541989289743,0.9190552397966361,9.24789356068057,1
21.38745149691652,22.17743111045391,7.2219993709364605,0.9320578589127746,9.850386091543447,1
4.62182205786715,9.463381222183681,1.309460112494466,0.00959427546933258,0.886084865089728,0
43.81416105499715,16.29849091826017,10.565952128107126,0.7880349910849411,5.800617177205862,1
3.6461346503880625,9.52807890391365,1.8215817869494706,0.14558378837855274,0.6353881427484276,0
1.5911447606633273,9.918276292367812,0.12713195904939,0.24221645203419423,0.34633389430667516,0
1.2224631551609382,9.166469087155464,0.9694699172100423,0.012321648458094235,0.023029292779850108,0
21.64676273686272,13.6119773908535,14.30296101471251,0.7493167211324028,7.281319325827333,1
1.145777533586766,10.332396234418534,0.9627738038309772,0.09459572853561964,1.8022572161474635,0
1.6800470542023849,9.858229036895363,1.1177858023376217,0.10780998026520018,1.7011265931320834,0
32.32893651711451,21.590389414728854,11.577129270708777,0.9159799251048167,13.919192299448033,1
2.099302130132299,9.943840318098461,0.18516941121742603,0.22733075049064885,1.081486094287699,0
37.86086087906088,21.69455817320945,11.946472486671068,0.8315476582746705,14.180670585142787,1
32.564103254891116,16.805493807300802,14.68549381672039,0.982179555690214,14.528319968261197,1
45.30871838703703,22.754661592021343,10.470979479765166,0.9513823424596197,12.904088334576223,1
45.79713865643491,21.142060023024683,7.935528775355962,0.7572081695963357,11.242698011967175,1
33.06672761892821,22.353193852693554,8.167188326709983,0.7078249432807182,12.181445230451246,1
36.67685208824348,16.778026881708445,11.83970786147884,0.9306395206317069,6.871675702191817,1
1.7482771272644337,9.50415949106344,0.43832869692040743,0.2393811090272711,1.0401796910422025,0
18.00254431402106,17.9303636750424,10.064007295977209,0.8848200770980185,5.640392130843673,1
26.856314686657157,24.916453022202347,9.627891984491672,0.7949770584748751,11.87793056114219,1
16.602414280716648,14.37176710996573,11.916793426131111,0.9970494680010931,8.264604050995823,1
2.504655713852364,9.088734414966936,0.388338534775698,0.06529474958673721,1.5359819526112408,0
33.84945396085906,15.056865628682422,14.746683074076278,0.7729914742347901,13.824782275975037,1
1.0659189773636895,9.815203969306777,0.580339163124832,0.23252926733666499,1.4961856217502754,0
3.198881620218706,10.46643063491316,0.607726153262681,0.11906131531343324,0.9235839746447192,0
4.031282731047075,10.287446324810336,0.3801156089423585,0.10526853099598503,0.5221613532591902,0
32.24906657369171,22.789338198524668,9.454416039221265,0.7365693294744932,5.408019621315198,1
2.2137069452715346,9.134606401598953,0.77245982910912,0.14264846839670214,1.2711802060077326,0
30.99964257194214,23.775544070982725,9.580218693672908,0.7312193525766242,10.970880391584586,1
36.04756423671955,19.024624639248056,5.574068013063198,0.9079083234490677,7.207823804823384,1
46.5069615668954,24.73977096387476,14.712350066137422,0.7689086538415684,9.968953615618762,1
22.884551643426697,24.901505756466786,11.59498670403668,0.8187857912415473,9.815237474792049,1
1.3941627556566905,9.345464365629455,1.4979114288947804,0.08836490994341734,1.4130872629254867,0
36.86425803653354,16.83457235376562,6.130892944157412,0.9241565764241045,9.668528952815773,1
0.7149335241643567,9.110556926765726,1.8692744136436474,0.035198083159745826,0.5007338395313654,0
1.7018743531002807,9.545502219454473,0.006658717312331586,0.253598674911369,1.6706251363791265,0
3.515334386339073,9.805916036734953,1.145176101038311,0.2982312732976395,0.30502856659908306,0
2.4817772753067717,10.21559447353959,0.9625740750662206,0.06097086593854308,1.6191938349082335,0
45.76042323152764,19.303652889640095,8.255725660677175,0.8588741351314435,8.592551267028629,1
2.227157710178769,9.03898951401488,0.059446939685512845,0.10534477596227715,1.4324644401466267,0
1.8617084252733707,10.00146423483533,1.2007172550072138,0.0005590156012090563,0.6245709370534824,0
1.4570585951177355,10.198508663470843,1.084517214952307,0.11519569181368756,0.6684538007557681,0
21.179893962167064,15.086659670706165,7.346449022974153,0.843951594670292,8.196413807375645,1
31.967990562652883,17.26709638231099,10.939537432103789,0.7502871239272917,6.065854061355332,1
1.197891236839197,9.152787246304563,0.6895278196258134,0.19353427025405087,1.0378158178890213,0
39.196520498797796,22.83068723014928,12.731300981953439,0.7959945745975833,10.734226792844712,1
3.3938135793929463,10.465412025444225,1.6627065743923064,0.04800316210887715,1.040996843006507,0
3.646579906034075,9.856919556458301,0.13845333646404812,0.2772980889128093,0.010982099077378571,0
26.180802559946223,16.594303736502265,7.868220451218216,0.9559731379500788,8.29932405876375,1
4.899631067900986,9.13075240150945,0.7938642702421981,0.044784557173965255,0.5568731208730255,0
3.932588919417043,9.229646091969363,1.2762691852918078,0.23210003200252038,1.5224626708132802,0
4.644154200643725,10.227321460982182,0.6176813315831657,0.0054927288959105034,1.9960972712902652,0
21.164501234147423,22.5683682393277,14.080690443845423,0.7246982078715252,6.548989117582986,1
2.9879221509764893,9.995014907321021,1.5335922847905088,0.05609980665925067,0.19194174035393363,0
49.000997375669286,23.684054601072646,14.49582848945752,0.7318491632748124,9.88036382854192,1
42.38126014182303,12.237967588198247,14.182114435034318,0.9142567127436457,13.852897403508766,1
43.882950528786544,18.503549400854336,7.6985174034568455,0.8862116490400265,14.570626321978061,1
4.569928893060216,10.43202627377306,1.370248623419927,0.07748329191585807,1.5744128549048608,0
2.6851992150616013,9.319351261521572,0.9066527366813852,0.051172172850530426,0.44505754305161216,0
40.33753761053902,14.763801081105063,14.104798123936517,0.969917540000399,7.9360386294550445,1
15.56199983805085,13.363460062663167,13.962719004132516,0.9511480611521337,13.409224524551945,1
17.41440203006251,15.43064001502565,10.386142850339615,0.9380083847676066,5.187611199923938,1
1.4436582528011326,9.48153985475018,0.20175331372284933,0.23232293678040358,0.5513805422422777,0
3.6652434218264105,10.138776001545217,0.580147475790052,0.1858256556275962,0.2822121052057731,0
34.33750829425435,21.364347321715112,6.568153218266135,0.961614354991186,12.733249790144619,1
17.04391343100639,15.171817292155083,14.087136473635692,0.7398273906039189,8.755558891358167,1
0.5965861685575252,9.289017313480173,1.5427634535202266,0.2668587704948643,1.6218269129928486,0
46.09371065933964,12.44678702127265,5.998761793016767,0.9213179739439052,12.533282522493774,1
19.465821277794817,12.43462866659977,8.166283260694332,0.7524560599341787,9.833387560713117,1
31.519372983481514,17.47973560840433,12.50166795561423,0.8891407652889554,13.174433684386495,1
41.985577667855424,22.86520181815418,11.589220591206644,0.7990729314107587,6.563869984335241,1
1.0090652793800103,9.838273942799463,1.5798689045875631,0.24375160268561186,1.301650036367839,0
40.51141225940174,18.661034056235298,9.355324944824499,0.7941038202339723,11.069318305770238,1
42.89473992987966,12.656158070239968,14.583570173453824,0.8020195573481976,11.296161600247371,1
3.031068449358574,9.30004210199632,1.5631361390965126,0.14252041502578988,1.9840121097964922,0
36.877813239694916,22.215116210022472,14.923097766576689,0.7390829225976502,12.49596483796537,1
29.53602530519767,17.42147855687775,14.104763632241733,0.8615325345990432,8.537276615856005,1
0.15758375151718462,9.722228120711558,1.5716641440678953,0.11526945768806217,1.7036643038931498,0
47.99159158706737,14.379260522556645,6.938243023277205,0.8941115215051233,12.242470472998113,1
25.406573289093565,18.29569845909831,13.561892028450895,0.7305862674979586,12.803396941005174,1
1.2178062461191885,10.290278165153278,1.077658789129855,0.27001744730194094,0.4032250621115183,0
26.400792554584783,17.870493896590702,5.250033097123169,0.8582814990497716,10.477195713216037,1
2.4927147622378794,10.17224716287797,0.5696848592254122,0.08744859384413754,1.55059537524244,0
0.8590762996287837,9.207509252710361,0.4354579231006468,0.09849893203923711,1.4793347982521081,0
43.17335813280622,18.27824428239473,8.891689748572087,0.7738485512571819,12.542340170891748,1
1.4364858421173325,9.443881393907235,1.2476606947512225,0.23655014870892596,1.992577221578667,0
44.84806766996784,24.88960269316911,7.376014989373669,0.8113009615642758,14.66191092200879,1
2.7853732006142975,10.419025400728858,0.3643118084452708,0.1308501146676971,0.40769626089808475,0
24.452144133567547,20.44604172859723,9.95927022754936,0.7800020357440239,6.88853795722427,1
15.305083689430363,21.37541346888603,10.17012005916949,0.9322394186583757,10.702945643198808,1
20.779904815031212,21.62625410599393,6.413286716273773,0.9497481099620788,11.810162607270126,1
4.135178005651922,10.183122308726762,0.9254942671068511,0.12051115956573767,1.4065193902265636,0
1.1825922739490173,10.49449126202854,1.1716881030373965,0.04487535101730384,1.3351279952436141,0
1.7796185838074714,9.698792924628172,1.81205921312079,0.12418185418573782,0.8678375069535715,0
34.37672728477058,21.79921408244457,13.779308902296496,0.9381136751118011,6.254652013724177,1
31.295733603508463,22.11609542443155,10.559267965910145,0.8983736485423341,7.806963031569886,1
2.629246395364906,9.260428874222336,1.0910819042668665,0.10626407156244455,1.8148240413495054,0
47.62199319371911,19.625173491881743,9.202652870557522,0.7309063048053096,13.504674655239453,1
37.46273629098895,22.519784689514363,6.319099927237103,0.9047798762807674,14.311033093352597,1
49.61229247256137,18.443436599146956,10.296997331599965,0.7158178063551824,8.893828058518618,1
1.0868401210932506,10.390033182868121,1.5472348329067143,0.0812065201852812,1.6236258347927488,0
31.603096730523532,15.085874872058602,5.124363666268826,0.8405812428857715,10.366161764332862,1
0.9328281069999594,10.363944492336838,1.7974986741101155,0.1360034244280343,0.6082334145517572,0
4.611182395264312,10.473316226058452,0.41010258364051966,0.045590216810280935,0.7069436193925296,0
23.884367855506277,16.65480461023665,11.542233893473899,0.9452471953438983,10.467057633309995,1
15.665799160440216,15.075664175003613,11.100544340036597,0.8504483124381679,7.401602339462348,1
44.316414166692084,22.06812641305241,12.270559658653337,0.9691383571407093,12.528350841427777,1
15.732935762135702,22.675552720667945,10.524636317866545,0.8882021306264047,5.656466825537403,1
0.9225208994756678,9.973534962721265,0.9309244681610089,0.2794140265748899,0.3218798201240052,0
21.785977213502573,14.932395575836603,5.626899642118225,0.7463125516583935,13.86803522890165,1
19.30121888784464,16.497201447004898,11.193273971572378,0.8347238034902226,7.026962473465889,1
25.406595765311025,14.658953598274419,5.2239710905072165,0.887203358695713,9.358217685837694,1
24.239711151953003,20.93643647512877,8.179079908688873,0.8517568080323277,8.41131771058983,1
4.933304339423052,10.098585406257012,1.2053162906107149,0.0516992305651065,1.1727877794198986,0
21.088289885213655,22.549297519879993,9.086705767944423,0.8831598222142388,9.556178416228589,1
24.75303140453798,13.469170708067153,9.611218843770931,0.7005772530649192,12.607582987397118,1
15.548632996656414,20.96012938558345,13.294712128082534,0.7255690932962044,9.416175042439686,1
4.406327292730577,9.965896890896612,1.2212616304562474,0.11617228906913117,0.0562708249648316,0
42.79938511176618,16.210919160405,5.221398317444262,0.8714263643047753,7.466773102333784,1
45.78621815900454,12.747577008995496,5.932035241509244,0.9450542212045229,10.569746684173563,1
3.95493859624298,9.687918862835478,0.009616863088791172,0.06455894416184871,1.9983142163885472,0
2.6065338261513076,9.009486111681143,0.8580657544810202,0.028971582635359604,0.23290756774510402,0
24.773688937335102,14.92306824222799,13.227292162911597,0.8118843197339483,5.671165382604258,1
1.8262372593810543,9.16198583206826,0.7946819130695375,0.16630514617871342,0.19389624621688517,0
4.18941310628924,9.43024771669775,0.5426288254190714,0.1680205139513484,0.8358499239799015,0
4.988943563893594,9.140090725998471,0.03668391791237591,0.06863097662962517,0.9349404823511915,0
0.7775077586429158,9.160304891561683,0.3072407627418443,0.018576072964922728,0.5026374805166887,0
35.04186352678964,21.3775869362309,9.816658234127864,0.791319633907168,11.131653579396115,1
0.6735206554594758,10.318317417968316,1.2678826791379025,0.018198988180439888,1.9221032998016405,0
40.299004057866796,17.04363460539838,10.46177732686753,0.8216445691537337,6.125480167811784,1
0.7998460851774786,9.986129326312266,0.04428693033214648,0.005606892365470705,1.5839656644498008,0
4.646024924471601,9.471368243089648,0.5011221300609761,0.016769945065148718,0.19446163669571281,0
26.077995658674446,20.554993430827157,8.18201165943066,0.7669510293550148,5.810473119627008,1
4.203476656450865,9.769621138309763,0.2638293386343131,0.040754836721481634,1.025913043397239,0
3.1957874790566034,10.379583584132964,1.8224520680072682,0.019023204745706977,1.9100186498567295,0
1.9443938108391656,9.201031169445068,1.3793926616488335,0.12212136025711308,1.8977636974932441,0
36.59515944814399,17.53019809915718,6.118893429847735,0.9367627917684636,6.2829349247080515,1
35.54240121303032,22.106027364849055,7.018069149031221,0.717357235638103,5.798976118947536,1
1.3234844141889996,10.420695240317547,1.921896091975584,0.24408915434390405,1.7628743498846982,0
39.35326700187029,12.393813643425858,11.919041704178195,0.9375483347662608,6.907622409645605,1
3.971003391286917,10.057558076316742,0.5616057770951637,0.04641842254540757,1.5018106573558008,0
1.5789844559390676,9.784868109717364,0.22509321256083936,0.14354791398867686,0.8906403166798227,0
22.400514423773608,15.281387584029615,11.369555041574445,0.948810455385489,10.393518016782334,1
21.360662383534084,22.23575918060967,12.003793886046381,0.8287225188036222,6.422019192423818,1
16.47543271228337,17.408217670898175,5.178178444702954,0.7674900168723809,8.888224518869098,1
40.403945326771264,12.924913821755368,12.022314894305456,0.7843458682797094,10.65659752596036,1
0.6536117706781946,9.293056101770208,1.2829866031900587,0.09469398382296568,0.9528461424698005,0
18.75033464155652,21.950642116781196,11.395198773026296,0.7470711903068422,9.724293877184895,1
2.773711863088186,10.440113694141495,0.4409472847335776,0.09923759091486015,0.19729594909574732,0
23.523425285157835,21.683706954555376,8.557365652582629,0.7253484218753982,11.26595324414879,1
43.77228937713723,14.965876219438563,5.8723470216884515,0.880922411231273,10.211381950557675,1
43.61047315459906,15.142290289852795,9.015438344356099,0.9685094298916637,12.23646022842546,1
4.284462997042845,9.019770129458877,1.8786462788906595,0.2588675468186817,1.505216145138606,0
42.98134544405117,21.560599679803566,13.657210309006429,0.9906292538194741,5.223165570555253,1
28.78726680431351,17.665752473512214,14.125240853852262,0.8615954350824198,5.932620448463242,1
2.4912613699291337,9.769758491508329,0.8720668251949655,0.07565961750858452,1.7174245369007255,0
41.02431369380816,21.098274168941817,9.605243878550628,0.7823259156235561,7.850027299510297,1
19.495558976466025,21.604057718839442,6.828137088761391,0.8496798689099838,7.052070107187398,1
0.5269820289620092,9.544552574560072,0.5279342735681714,0.16147159866724356,0.12283216474315761,0
19.76449361986262,21.19789631313254,7.923202796484642,0.8326207452674805,12.630678613498887,1
47.35673951280352,20.029291623441242,12.126574874014109,0.937680061756764,7.222463221861515,1
0.6281225870943336,9.373069762246631,1.892237755543834,0.23154241424522684,0.17514377526241431,0
4.379445320942228,9.642878919212789,0.7457980003958777,0.20619207063017728,1.5607184837047012,0
43.93226534430072,12.44091343085552,9.26819447013629,0.8132783451060676,14.815464057362451,1
0.5579955286129135,9.248929792182157,1.8038176876412793,0.06821950944897867,0.10017218283580043,0
4.742774765342888,9.980263314396993,1.7022710964419863,0.27788316824193376,0.4671994465564533,0
32.85569739023525,19.33258426511057,5.224929183808394,0.8235977274413016,12.828021253886412,1
35.73170699652095,23.67788630263795,11.55029980585615,0.7050481002132895,14.666514001004415,1
41.22832310092229,21.039037017676222,10.504637484536232,0.8699598896786299,6.898847826368013,1
4.8109939065626754,9.117731066820065,0.3405995704165927,0.24586105874746658,0.9808106567735813,0
43.06790821265926,20.04824126453837,10.67506533742101,0.8469313772058786,7.049714317636003,1
31.78938950764978,16.00316099285631,6.642223851798686,0.9233407644618832,10.962230929912966,1
33.14492427339701,15.268847138232447,8.810061065980776,0.8126617601358348,12.147175647021545,1
37.96157744199112,20.98756894886609,9.299949134593682,0.72229953960033,14.800073775541362,1
27.6299063633398,18.941820172879513,11.341656318396108,0.8223228832182734,14.246944517900747,1
48.5393277239658,23.01990753049983,14.217903475187846,0.8922089691256186,7.189157078839704,1
22.313894493830716,13.929686247120326,10.351683040195486,0.7140365398630892,11.200150007275601,1
39.300340432036066,23.020911013269274,5.875209488382355,0.813113184878038,10.026165965018023,1
48.07821477196686,17.21052074843667,6.61426528292845,0.7205147427735501,14.630179968076062,1
1.6016516059246677,9.965430286141109,1.2928262552983836,0.05678819221932421,1.3540118922189899,0
2.4480952206547055,9.594763494416434,1.1555841224782464,0.03196779642932072,0.6184076387489679,0
4.201003279541543,9.571084892026068,1.673436708906112,0.01880227764723551,1.5387427089661614,0
0.16542317227745906,10.437550339150134,0.054985315765113674,0.0006156124561923603,0.6466811376563995,0
4.49728654971668,9.498910790989648,1.6140832227633546,0.21545190984003512,0.6141347424570773,0
21.628987876217263,18.348041519586076,11.420699995987295,0.7995649713761034,12.397521109884252,1
32.452737575309726,13.203669385190299,14.537034333614168,0.9504267320841913,5.710241279160144,1
3.908122216041305,9.501488674903472,1.3321965515833936,0.1039136961901375,1.5918768336560363,0
43.809015261478685,15.664672101275297,5.334385565217704,0.8418662243449191,5.919617446098923,1
48.60889037999061,19.351464967692245,11.408462328964415,0.9346010743006221,10.682024672103388,1
32.06173851032907,19.455437338093414,8.219420367582579,0.9115892317489191,13.672786758244051,1
2.7445722662410486,9.460927841003555,0.9004411869314695,0.06266691787993652,1.519773616209922,0
33.60570098571836,17.619927529112584,11.001075701594232,0.7373397384643312,11.536806328847605,1
2.0635785004792107,9.673098896232137,0.45487277822952654,0.25503306741469217,0.855700301409245,0
0.8547923570103028,9.775371614176608,1.8633107477324904,0.11720958088925273,1.8527997555228741,0
2.085722863024295,9.953769072195932,0.20565848905337347,0.027231803480505034,0.9598328110425238,0
42.47004958055905,15.554281828551094,12.88047836405585,0.9140636893808196,11.020661771356384,1
42.40424213639676,13.791713258039485,10.391910073308043,0.9734054507646555,13.92459889652398,1
1.8021284183481823,10.10353558817246,1.0379054219320492,0.18885156926022764,0.1508734812193182,0
47.79504429649283,15.12084452237988,6.276877117771669,0.9072624830713946,10.632139566371423,1
38.55139973726669,21.494311383410988,5.1643775438672535,0.9948347211352973,11.179129346746699,1
3.592780253687887,10.422032756862288,1.323254827369251,0.19643531013826915,0.013191146839166334,0
1.2580005756430817,10.109565704920744,0.5483973656264303,0.04379659484731089,0.2162689412292349,0
24.764749662509466,14.692226448155488,8.385269046526759,0.7189474851633013,13.734326730868755,1
46.802745067817014,13.495685174587015,5.124947255004248,0.9253022567421665,8.064772906306562,1
44.27120598062895,22.52879633306497,5.810575264166745,0.8387802881629352,8.9732146395725,1
1.4735151641583415,9.719550594870386,0.5425376848332548,0.012049033806275977,0.05817225957846661,0
46.1645922913579,13.469622025989672,5.1808770688548655,0.7431733097944118,6.6364325349734425,1
38.04770150684038,22.41411457085568,6.688754499269369,0.8992824572299217,5.983985922645924,1
2.8274154380990604,9.45594205755521,0.4408798946819483,0.02417781805422817,0.05248897398446539,0
2.568306093740441,10.068488698572128,1.2265637819084363,0.15884026030040965,0.47358495795827005,0
30.004107286433772,13.438876556461317,12.549673976059635,0.9067244764709858,8.947291382715882,1
48.958230431808,22.96502338197933,8.020011603800498,0.7625718282590659,8.340393631015974,1
4.517804712842513,9.67856190248434,0.6498549986011544,0.19313522263457844,0.4059447553681166,0
0.13023457190106613,10.241424633430821,1.4168277039006993,0.044720941151104386,1.1938111151427055,0
4.491999640354209,9.716645436989909,0.009001570966564731,0.2642754077855532,0.3308839832175019,0
1.3345919664084378,9.071888503208575,1.966556903710614,0.07402624947395184,1.4504663206461246,0
3.179808399953059,10.006831535145013,1.6284418416642072,0.11965982419833951,0.17214215241535413,0
27.413377644381733,22.185496331915104,5.611889792873224,0.895071868010038,7.285339424387005,1
3.31424601384267,9.601541500066858,0.10226318495479148,0.07582309731238818,0.38868238267589095,0
4.179088091086799,10.324358520487882,1.6905792961026338,0.2945408466067549,1.8292928161159092,0
4.727245469185003,9.047025276712994,1.8207942453765518,0.11416911401579757,0.42726532130734785,0
40.90288335093269,19.479702130674095,14.564807029994114,0.9233552855837877,8.036458393824699,1
0.5906085243306403,9.134626026202154,0.266799700723503,0.24267039016809214,1.31123947086528,0
2.526865690379299,10.373554383557506,0.2697949303042051,0.14847576079055005,0.7110187100559888,0
34.351528899315326,20.215665498977494,11.5321835338783,0.7775405373265226,8.65321388723987,1
4.958746504965102,9.253641103102074,0.15158458123141916,0.22371925536406212,0.6877115121941824,0
4.0764393853070455,9.515700131750268,1.2883002492017899,0.04972210003697177,1.1175109792981175,0
26.023355802678275,17.499011300879484,12.450292903083652,0.9619771927223066,8.239861106060896,1
2.578549692635641,10.368931264627125,1.6565616373769116,0.1646238835320536,1.0226981554816146,0
48.34782668649738,21.45780971109218,8.796588710448074,0.7306641572377955,9.9370410490544,1
19.04382731222021,23.04565941446903,11.91191086652746,0.8222692936714391,9.314167262080666,1
43.82378429423485,23.85108296976737,14.69036639842498,0.7477514328548166,8.538716721074662,1
0.5737718170135986,9.13763040320422,1.804204439931124,0.22354186873149698,0.10613973123518017,0
41.1495642287459,21.80593517284449,8.902351686669387,0.8218742700020687,7.618646693809828,1
39.30458142912279,12.606004942993774,8.305017748773661,0.8690818558408088,6.418736382003574,1
48.24945459347803,16.317873789484985,13.497583466191223,0.9445284554948733,5.0920762617257616,1
36.59934550391365,24.218660766146414,13.4067549156227,0.9829725591216896,14.66107623156766,1
0.9109556111660105,9.162100109625108,1.47730238003183,0.2753580968470455,0.7370078365717971,0
15.872638713276034,15.063160831712146,7.080716981913151,0.9813667214266162,6.449017517078492,1
20.67989550048513,24.092027965628162,8.32738834022626,0.9601917296260648,14.489958882203034,1
1.1302142889646205,9.303840101901663,1.1786694981959271,0.2222257191085719,1.9650090470468953,0
20.81199221063768,24.233876789500655,11.102277904384792,0.7372027924675532,6.670336665042601,1
38.49229965368312,14.657509278637253,9.899548233953592,0.7779608537889736,8.12801023729751,1
4.476388471740674,9.884890303150208,1.1394347865971923,0.27384691350618073,0.5898097633998538,0
42.08758745750679,17.809153571492423,9.69936133844272,0.893300248856663,12.291087684128478,1
39.71322022367557,13.193489937854206,9.771578171983915,0.9425664789626313,11.833435371697973,1
16.716032016110383,15.705013261118719,13.46404084419634,0.8957502704313212,9.458209319723268,1
37.09134013438131,23.387424625779914,5.618298193642088,0.8164937501427586,10.909707209762182,1
2.325383015785519,10.403739700346915,1.4473238564393636,0.0434443664149757,0.8739403398865302,0
46.506134305450345,12.97437689751494,14.223103826334334,0.7083349944901735,10.626702779632083,1
35.98539264773868,14.939016277977387,5.359736496993817,0.7287641125476674,7.831475895343654,1
22.537420572383468,19.971301917067958,8.900886552892107,0.725601226346344,7.890132581361947,1
2.461531187002639,9.427390846134706,1.5442797602368319,0.0026695220045971466,1.8480564582157892,0
46.06374464235576,19.52810560620245,8.76792893058396,0.8616990625854367,6.518624109184273,1
1.6935493790407918,9.028907957458177,1.2785834569215422,0.2960712017255086,1.4141454172653345,0
40.168605141935814,13.776750798667855,8.024655424964468,0.86160115151945,10.895774046583213,1
17.96416253031873,13.669391045340713,11.794876620506846,0.9530439845086507,7.014499563312789,1
3.477514819034078,9.123526250529398,0.23134198230797942,0.2347225005077405,0.5219099155488509,0
4.42303340738285,10.302035581535977,1.1700312155019226,0.2987088620312517,0.21024744476871082,0
32.51594787187373,22.309210746239835,12.746781034227443,0.9696311988399473,14.007981743673962,1
1.065971505706031,9.432026196099892,1.1551778001461948,0.12880628671528635,0.3867563566534604,0
29.816623867887078,17.12831172235672,5.357909819106662,0.9884381245730147,11.757685421486537,1
2.8530105669485706,10.193984992710263,1.97863958694939,0.09181774369617048,1.1076088247270675,0
29.96002692701284,24.716978546350276,11.338675573250939,0.7972320358683446,8.744439724531516,1
41.433656191208925,22.98775322291975,14.649868236229203,0.8697486690453391,11.706830022374394,1
47.935325326915816,21.328059789044687,9.81033658517071,0.7569182366640128,10.163215475414457,1
40.06423115653094,24.09887644062716,11.322489344364463,0.917958489701109,13.239342912181677,1
0.26186388388699466,9.725090748814035,1.6180626144792223,0.2406911517124784,1.014284390466953,0
46.232403396949614,21.209547062108292,5.0822835054696185,0.7323159104377247,14.831996427717446,1
33.63424274988044,18.838283562142045,7.027624635722906,0.9853444909275787,7.447521489334664,1
24.434399391303376,22.443630962960093,10.002744733926047,0.7835860442732832,8.130960334946984,1
25.595108581548352,15.200600686168658,9.706986554928932,0.7054789315368163,5.87516694086534,1
1.8422675286360057,9.51862834051606,1.7460965515739437,0.25945511899490176,1.7602736029205674,0
1.7018363234514093,10.445540180269226,0.7799178870861891,0.13923867038537965,1.6038189399508993,0
2.7566609297542572,9.394723625331403,0.5670944530227378,0.03771546987837745,0.7163984471478531,0
29.487288042995374,13.180535174632826,11.509347319025416,0.706333637656927,9.254182773683377,1
24.73502631424865,22.58376642715944,11.242744505659372,0.958704624834747,6.599515789382945,1
4.102680836357779,9.677092833990535,1.983074372925572,0.1920087193576587,0.3118940078771213,0
26.56324157499904,21.7096891174347,5.196827061943015,0.8110276633728003,11.008316965933783,1
4.046151958687524,9.914884007105613,0.24731995667635132,0.02128473877511646,0.9322360005077053,0
1.5601917566594736,9.966755555113131,0.4825935582738117,0.11055860009211434,1.5846693936319276,0
2.3169327471252514,9.212314061396647,0.5490409825581488,0.1684150234622062,0.8051542751441949,0
49.2253284782674,18.149371283294002,6.585800149591722,0.9930933014141619,7.901258748178663,1
47.24506536653507,16.21479174823224,7.918775693816369,0.7795840059559034,6.415068995787888,1
36.21853379950087,19.589620441098752,9.952369830834144,0.9406295963806327,14.338996973738725,1
1.2749448094589144,9.358685244900219,1.579451859391069,0.046043172962931256,0.6582002973512746,0
2.7464831487414747,9.172642484844713,1.1065146784865685,0.01169803587055932,1.5376133911781171,0
4.992515567950012,10.480664751584246,0.7031604267358029,0.07254307557636572,0.1972987083936104,0
43.11577990420071,14.58095257355534,5.05474219983708,0.8572751750756723,6.1514971116591175,1
1.6153383317392316,9.530460240141084,1.1968810628409405,0.03546556807967549,1.548498305478471,0
20.1340827135662,20.206802064762755,7.554606153416852,0.8157776704953273,9.79449153936986,1
4.067609302529089,9.975638742812995,1.5829925452454858,0.28513787295866394,0.9923046213788214,0
0.8302361436006289,9.26007291873437,0.9548101229407673,0.15775715376958607,0.682259451304783,0
4.78736510244635,9.856021549818806,0.760946826404238,0.20415614406149538,0.13822869846582786,0
41.722734809436034,14.491799132500068,5.874811887771419,0.8471141226968617,14.56406089178987,1
3.2531329454009845,9.746244115490258,1.5946306096589085,0.01735482174083196,0.9078184654573966,0
3.0605811707995763,9.771698721968113,1.2383640871353585,0.28297575139756337,1.2562541723465683,0
3.884708122765698,9.957034314569956,1.5635105604976718,0.014864528557730072,1.1274514158572144,0
3.3049434757240608,9.085031398430534,1.4506222817948615,0.12226482902582536,1.881796560061474,0
2.20573475393425,9.951123542734923,0.43306957648427047,0.09995515573615822,0.5583178561188982,0
20.074627198040652,23.23883673091164,13.937840392969635,0.8597833575909234,8.397734269469153,1
1.974922376484591,9.21923459184535,1.614246834738109,0.15004042935097872,0.2181197246204234,0
18.25245690054265,22.449039917579846,11.450683069318243,0.7692314633392147,12.55817196664768,1
2.0945505105715174,9.921645244608644,1.622708302114771,0.09086283935206559,1.0237770000512305,0
19.2259393643359,15.988854012531618,7.179449009015341,0.8515213380174568,6.412153348207524,1
4.3513341350541594,10.405582641207229,0.4834546849082375,0.09015038630723327,0.01911298861330568,0
41.06390213280311,20.00746304472099,9.777014947846848,0.7533767262296317,14.620159769867938,1
31.336788007891474,18.74956369099599,8.260250829352579,0.8839132570788948,13.907793351906866,1
40.98187871696851,12.61836506319279,5.544752410250215,0.7635018246513786,6.464245835292287,1
38.80752676579836,18.37285720815654,11.208832856797796,0.8675610425492383,14.124031236746955,1
45.236585707247414,22.9771429669121,11.248432109337033,0.7819447115925804,14.085175949059344,1
0.41466813697094096,9.831298814676162,0.5187278771945694,0.13743831719413654,0.8775359343125768,0
3.8335826190638262,10.266818927013441,0.5642520319372624,0.007676235375584817,1.0200776400537055,0
30.067025998784203,21.323848236163194,7.04895304563796,0.8425550975204169,12.141731373855777,1
0.6752661335449578,10.150150673630261,0.693206463583321,0.08330457267199956,1.882057773010737,0
48.358330533223544,24.93256387766814,12.834443102846542,0.9281267640672575,14.53286530600662,1
4.172707577384346,9.89896106894799,0.48681365208223526,0.26992752189653346,1.1616800009677035,0
2.189532929453536,9.742653394972555,0.12500339675357797,0.13301830790027666,1.208615190424224,0
27.58477731016416,15.484623772968463,10.745293378042062,0.7384285159043695,14.191736082451401,1
16.535374642111094,15.452993109744346,10.58301584616833,0.8237631176960524,12.74223057665862,1
3.633683344701573,9.35063452634581,0.6610047005392019,0.2606496549001128,1.446487489032816,0
40.75537718394158,17.108128929853855,12.422757100941077,0.7533131742508496,11.56520778593131,1
0.6069512351962097,9.630590344493697,0.03387900384473719,0.1367730718281779,1.4500128762063058,0
2.424667033501459,9.981882828637481,0.44391014418201213,0.024471943461271982,0.7067035305027443,0
30.831133690769267,19.549496875598688,13.202077265463622,0.9993410265382536,12.742707799871848,1
35.20944242312932,24.778511538974918,5.430727858156679,0.7034678770655285,9.77095579371546,1
38.85925757403852,12.152827541458803,13.650714913797831,0.9379901432230933,7.989418779304426,1
2.724819073583128,9.607657190980648,1.294136683174886,0.16502768438958584,0.5452512789301254,0
4.212022140124763,9.523327740048275,0.760137103624871,0.09818296825643419,0.1847898263835186,0
1.752470376049472,9.398767925162316,1.1598165320940212,0.2549662332456679,1.759379426070972,0
4.281112033457244,9.772602776597346,0.36032026604126344,0.20525110433676955,1.8412920703569906,0
37.08563103378222,17.284004170080248,14.568594850528205,0.9565728438470383,5.7324227976785656,1
47.89423986969134,23.18345499864835,14.460062242626169,0.7361715330167017,5.280484616192567,1
3.3635449005028466,10.245355849983044,0.5001097108816608,0.21767008877005212,1.2311343106722148,0
17.96174697499022,21.22736129856337,6.823664520133391,0.7687417616300438,8.772565008236857,1
48.20284017494346,14.196605006455874,5.36273043112324,0.7537420791368132,11.834539662014159,1
2.2544480754743352,10.180707507802545,1.8702424610789647,0.2508885684109522,0.7780794498518844,0
47.13407599931294,17.292877882847304,6.610086394116776,0.7269512228433653,10.314749522316655,1
31.795816392910993,21.0983201722558,6.939309807906408,0.8464719216395951,8.123307571103258,1
38.67286549027844,16.94903622183337,12.859662976950673,0.910859525664829,11.875532285897135,1
42.289592821883005,16.776007089788077,11.288056017934249,0.9550720082787434,7.561851152858189,1
0.749287474167305,9.619978943361833,0.2706896021551086,0.0034931855715032655,0.8228038592330087,0
39.652470293118355,19.875476365375043,9.566804560457566,0.813503107110445,8.316000307954308,1
3.9695848215206913,9.779052716407682,1.2922549076133598,0.27102520658095675,0.1303974814145763,0
43.62719175238239,14.8772958958637,9.91786174510674,0.9723531315905191,12.597817940470643,1
3.2255232132757667,9.40160335612301,1.80387625516446,0.019154232224291044,1.6184121056333078,0
37.903449945156424,16.7122993513688,9.906549024529209,0.9452168465790922,7.996555991137132,1
1.0219727554264246,10.395760657041857,0.13446122444657238,0.0971940163946345,0.025298015003633934,0
1.121802499192159,9.500267818438216,1.2503222335343631,0.2160100396725167,0.16090208457088662,0
41.665542408560555,15.618794092969335,6.382468181218978,0.7796965427917352,13.579930793569407,1
1.8951919152357237,9.885276480592454,1.6107846857402852,0.05163526032195513,0.8456459216523833,0
26.64145483555108,18.65641783819755,11.060176960592656,0.7214916155465151,8.338102402474416,1
4.713905882651738,10.416810065992562,0.42256467990923885,0.0442396973912832,0.03627966778604175,0
4.195282248197177,10.177938862605869,0.3672255843487997,0.1965394707383897,1.813309164062353,0
39.40625628357324,18.767606558542916,6.321661063748597,0.9218606291478947,5.860455651742026,1
45.71415193545019,16.04949309086378,5.23331230120033,0.8619066061331762,14.7086304293725,1
22.55857933327925,24.104212627586286,11.969973208791025,0.8678741923024397,12.946484487033281,1
1.9224748718406732,9.569451188621887,0.40069049891576913,0.27469976448937605,1.5858206013604612,0
22.706962101048088,16.46535524419575,5.288273551724931,0.7944887638631841,12.715458416273005,1
4.9054236713377115,10.232995659192804,0.47685094395737493,0.19790982948074576,1.1932145576071447,0
4.914510380839904,10.330997198650202,1.7802562269460798,0.038542929578631036,0.9504586984254169,0
33.696558216337465,24.441810298450548,9.862274627706409,0.794740399840157,8.398379675357976,1
35.576589921729905,21.86409306205447,11.73234397495241,0.8587047071709908,12.917111987703759,1
19.41453303276512,23.932947592905727,14.383839107105862,0.8810369361113585,13.054877522920854,1
23.100573892808043,16.423353994768064,6.298496159180527,0.7674295988837356,5.8354546456088405,1
28.867437127390033,20.116980848133505,14.379318008769285,0.8326608523847074,10.749447709509688,1
18.010578988795366,24.857010236365234,11.452433423667355,0.7160097806309967,8.14002231926167,1
1.7097194342402218,10.104271824887645,1.1247882685138968,0.09428184357416457,0.7245958110025299,0
4.442135600033514,10.154669917062924,0.5734767063977257,0.17516582265768235,1.6845723355239266,0
49.91041500647228,14.414886102577233,12.549290224481766,0.8851658547741863,10.311930167498366,1
43.64113771391194,13.967796894168234,12.055371767103459,0.8880926677629849,7.761942656123614,1
35.623259758729525,14.132050592438862,7.273621582934041,0.746752177800147,12.183385418540322,1
4.541182468882608,10.129056216718446,0.9455673516134409,0.2828780761051717,0.5870644235508444,0
48.816441302599486,17.07494393802763,7.44602455531874,0.7531890268333746,9.789633474805015,1
17.848633048330782,16.64859381468558,12.600575354853152,0.7301633083555019,11.721008647232525,1
22.123122597284244,20.07575460678828,9.774695117128184,0.8813868939881331,5.889690428304592,1
2.2238305882966616,9.30559304222027,1.8494589978070113,0.005990660580950646,1.110142458459065,0
33.28864988786728,15.32173178326596,12.779455373790011,0.739522307821267,10.164242660977118,1
15.670190191725114,12.275393224767138,9.7848734127831,0.8625708640810827,7.748894817002604,1
3.5829059971909683,9.976722851573161,0.864967892345408,0.2655333994878915,1.5431027634561463,0
42.51177657462431,15.218755326448866,12.619505935074812,0.8946717863505983,11.396977799283038,1
29.62518042450591,12.622855669184412,10.972802272667545,0.8052256563144623,10.373764473487979,1
29.204172627113106,16.63874864008737,11.586518558565276,0.722677138236801,7.938418961363137,1
42.43699325733378,20.911268891359864,13.71863813762966,0.7668669645654883,12.598870763619892,1
0.1354394514856494,10.020459858607008,1.2494180545246176,0.27732808641349865,1.2906898808141636,0
22.929701521569477,21.099038753520528,14.954590916315635,0.9279863860892231,6.737865018730797,1
0.3974358368473041,9.438943287019262,0.5599634279803389,0.2172752871492003,1.8413122704208698,0
39.708608818142395,18.92125991731465,10.131760142088332,0.9976248343731556,5.212679963102893,1
4.003840205586844,10.21998561898215,0.3029778519812183,0.04842125402822872,0.5909024322436021,0
3.402939884938668,10.092067394736526,1.484584447164929,0.26976809756096626,1.5360376147320998,0
3.4129277714116775,9.161700211343591,0.793924102963872,0.29019319802846993,0.33706130782720733,0
49.32920610657523,24.906895843524502,9.324468197786704,0.9679159027038309,10.919923113964039,1
3.855821840909961,10.323823558823728,0.03234895499239365,0.16768888533219165,0.6971769704212611,0
30.54277516619253,17.86500352898532,8.11609804026884,0.8898871852916416,5.522373904045155,1
19.25500273360978,14.736775177800745,14.702928642145679,0.9662202070769332,7.352269530200255,1
34.67740906545629,24.32493945279554,6.85772462642775,0.7768037335627808,14.930054563167882,1
26.059757614390882,15.766235977646971,12.806627783407443,0.8470265263410494,14.50724307024386,1
2.0720827658174343,10.013332517287985,0.6609132514309786,0.0512329218992072,1.413135086943682,0
4.860630583716681,9.725942163876187,1.439211699221326,0.14312558854883162,0.7431145476922385,0
28.457136859680354,13.3301823879373,9.834887331647991,0.7528509248223998,6.29996585223807,1
42.42540517362637,13.491533689735292,12.977982862865733,0.8853659251584621,7.89367718537483,1
3.407614647705076,9.074593699565977,1.8825011807273158,0.28798810551140636,0.6693432582539935,0
2.57053770550874,9.217946624465888,0.9981412955993842,0.22694095375278986,0.5953510094486487,0
2.9636866300937776,10.035595481869194,1.6471078747544605,0.2455736101922473,0.15160974504067926,0
31.102756294373883,13.056053639300657,11.339994983553954,0.8407759779598142,8.316432005653162,1
4.253166994243293,10.173154502137143,1.9805534233758075,0.07279699547799252,0.9356296200935987,0
3.806199158688538,9.11145365070723,1.1565937175107412,0.09310886150195849,1.01697649968144,0
40.98660932754019,14.616910211170348,14.618595505504349,0.7276160441878355,5.231000732511979,1
2.3901526146171586,9.967010345064942,1.0124135752433605,0.045584043164150656,1.8644351279220837,0
2.979008939749292,10.452985938257795,0.5310021323349714,0.1434842150140332,1.3858033814345165,0
2.800347260432743,9.289213384329292,0.4669502809780579,0.16913213206529093,0.6425765686679541,0
4.722901437347354,9.148898272745654,1.4025416499458632,0.1201663093387115,1.5019469151283389,0
40.023524961474166,17.704007135042218,11.337578972291663,0.7937663251610063,13.358578538080288,1
45.15887583942035,14.664759172292099,9.34070331204147,0.9797862720310504,12.920673287285922,1
2.574526472513752,9.494173603908365,0.009832843414396608,0.0122034337333643,1.5355368620200172,0
40.989458095139,24.975397160318295,13.710004669292765,0.7003668974164975,12.378861824162858,1
0.1690441492107736,9.063205741094334,0.10917156042604681,0.03102244828904478,0.9736632877718223,0
18.380810357430384,18.9757441036038,11.027755198930276,0.8100689550674199,11.06609405199825,1
0.6776725451717147,9.183142583301176,0.7186212181082472,0.1468237992575939,0.9232187100312337,0
39.98169416017299,14.496024559420029,6.549380821442826,0.9758452730749474,7.650613083856652,1
3.276401876141456,10.136925330692389,1.8080184262543542,0.22980133669710487,0.47148733230013695,0
18.31748949012199,16.03272345119518,10.034347830880167,0.8837319986217774,7.70600365602985,1
44.65936198424659,13.85750081504164,8.500176092979036,0.8039423619809288,10.601321417080348,1
19.968852110902105,24.227620968196106,5.097829357938353,0.7562729110940916,8.455649216780118,1
42.67216825934409,18.226946424979662,11.494831867145072,0.8606089845469108,5.589964385371024,1
0.13393644280182193,9.151393014884135,1.8511076645279148,0.28351548789478437,0.9811420074431825,0
46.44491010597963,16.426379942109037,14.823687662329665,0.9878139720226502,12.853098424564884,1
0.34655300567095537,9.730446711956052,0.47481387785669193,0.010739335491201828,1.2344217165838611,0
0.7635054409563252,10.065598447789384,0.7659618701792887,0.059802851913657806,1.6275722573661275,0
37.819946779813186,22.70398177207516,11.082035242971346,0.9929505269062282,8.377082088183075,1
3.878285058636272,10.098427865822211,0.5224616410444238,0.2554650563716912,0.21132169628082687,0
45.20581114832795,14.493444168399678,6.79785897643237,0.9485183552110484,6.988945014298043,1
3.0464435436114154,9.273623932316857,0.05642737262552444,0.14008402700499692,0.6610409985570374,0
0.7978950000863144,10.209626562309523,0.7187345518623849,0.19858474834626907,0.6333888873794082,0
0.34654276577650855,9.498745632492188,1.6447394018183437,0.12180856267410534,1.2493360226309318,0
20.37772649673081,16.42972232629397,13.017834861690197,0.7821945475934469,5.47519966147041,1
27.731945597950194,20.11889951306601,13.465505516384578,0.7030724262971699,7.656931614063046,1
3.6960841487413667,10.373525750335782,1.7489075234534153,0.020859456088479444,0.1622826020890622,0
40.106379891763346,16.209464407028122,9.658476559532664,0.7498780542901167,11.278490177342105,1
0.9066484638815747,9.425896331506143,1.2100373682210095,0.23867893930973605,1.862120698977804,0
35.22055010983569,13.668329872071833,11.87109694400246,0.7054298116268578,13.043958015339438,1
37.29312802927497,12.09802353485194,11.945191246504663,0.9179332392822885,10.412291529616114,1
4.817331217314723,9.210176505993815,1.4670544238028826,0.19702188805570406,1.6429535447711534,0
17.424251653732664,15.17604467361697,6.99125352488501,0.9929176674217378,13.692626560457649,1
37.43311220692945,17.508266565827753,8.028295608801194,0.7962177514982105,12.410286237117965,1
2.615585990954876,10.193327360922623,0.8078352176836758,0.2272346673572955,0.8922645166756593,0
3.808761330180086,9.147927029483629,1.9642228105899597,0.2625267802350021,1.0669232038423744,0
4.734760989503675,9.44622937665472,1.4107392244984205,0.10220831723585573,1.9392860502727938,0
3.207485408525778,9.060869420857804,0.6263224116275805,0.15319241060829475,0.37690298441094994,0
17.76713975146294,18.050817592815743,14.787887189992365,0.7740633734300988,9.109524131251248,1
3.7051655110368067,10.0607769862223,1.6124448239239622,0.18504249037349543,1.18330632066667,0
1.3754539801313985,10.38246846327788,1.7342971069293147,0.12201715283967052,0.009355632390676272,0
2.528414029135276,9.79553535680346,1.1697152044104717,0.23281574969365712,0.9569412417443348,0
41.76940813728922,18.1677870501914,12.479102774734983,0.8214915514004107,14.802515720532957,1
3.824791974494409,9.328023643228434,0.004780181191010646,0.14763489145861175,0.825146398630141,0
37.03205998317407,18.89454523647924,12.61540160297142,0.8082045414280699,6.072450349773533,1
0.058648111634393985,9.586184136010386,0.5194065201330618,0.15955821673292345,0.557533600557256,0
2.153797706109965,9.179783998233836,0.24028273520719767,0.1921053036822388,1.7615065982198166,0
27.446312782001666,13.218006675584336,11.670464163817288,0.9185702332695505,6.22459132888461,1
0.6855122367697947,9.833706013779068,1.5507545665188882,0.0016344083174366418,0.8609526323887116,0
47.67346261813318,22.133331783555363,8.9084040893292,0.7250642861056454,5.191745412537845,1
25.409022790844553,19.086795906259713,8.654230441052608,0.9507810793904308,12.79050116039121,1
4.837495403624272,10.092576651530205,1.8292268983628843,0.07264816929600852,1.4272792535544023,0
19.181695374476636,13.520725247531304,7.762873342606528,0.8644238748807586,14.078899042221144,1
1.0998649969409335,9.705632379039992,1.7851376705859425,0.0575608028583768,0.5757400242482311,0
2.7902528769990904,10.17586465137914,0.42362022800624777,0.15602051640035974,1.0210580393017819,0
4.960878976493008,10.335213067313429,1.6351245057522494,0.04720274116828219,1.9387161156958272,0
2.6611919490870624,9.149086237121042,0.8943826704093578,0.08978365080746684,0.840190367595042,0
4.338895174094984,9.714727677663745,1.9739389101185372,0.16526785812144226,0.058955207178404745,0
44.79615111002455,19.297878290253806,7.451932759094887,0.7258738469084207,11.718351441852512,1
48.50710470723145,20.11960375921881,11.948777063858891,0.8189688701276828,10.631408689519164,1
0.7465984955283378,10.254370505253728,0.7196040103269508,0.10944367642657933,0.5372950111074506,0
0.6232337445846253,9.761213097579256,1.8064721573875402,0.28318046061936414,0.760411876864796,0
26.799205983944923,12.71683536177558,14.560345626220949,0.8529406620531226,12.329511531051287,1
15.64076007870503,22.608471259051377,9.769603662307908,0.7225085072624705,6.893914828714949,1
1.1529355006768878,9.317771665372806,1.7486102302028315,0.03620597478221838,1.1184834384401299,0
19.85015554684403,14.99306609302837,10.92120719606416,0.7451523548495422,6.585916929036118,1
36.742898957587485,19.313116010365995,14.262682485713679,0.8045972705536624,6.84687634711514,1
31.43504950805903,18.892010166022136,11.344526600059881,0.9193859912483767,5.968461725105513,1
32.356636812560346,16.28629404572285,9.268917759394213,0.8803810114158197,12.30825523219412,1
0.45590096275927583,9.311941697856305,1.2803195951646664,0.06695476711581981,1.2953343933896708,0
26.55526855189854,18.49006579220578,13.84741773903565,0.7558269344255947,8.76744792095566,1
23.377387730380875,22.56008625297939,6.446676650585445,0.9438560319681291,10.842335497091803,1
1.0438946502099582,10.124451314102743,0.07703118461336711,0.11892255098982712,1.8195395142870079,0
16.56564226566516,16.9388161384098,8.50729784179863,0.8678412521375357,6.139250563877997,1
32.499798567577145,12.180151254004139,11.245974810193548,0.8971733939460789,11.96448461207293,1
45.14375840003248,18.969302893594847,5.197427478978984,0.9802680245318078,9.730283993930644,1
3.4696448786779444,9.837241483735871,1.3869784937842597,0.0934229367053499,1.5539709228108327,0
44.38773320098517,22.12007458770376,9.001040345769322,0.899346492899368,8.944454822947819,1
1.7688212167924378,10.205151183928264,0.33433857543132794,0.17961529064297474,0.8129689115393501,0
42.858815901012136,14.096713339107598,10.323286083866126,0.8839735703396857,13.922304552193602,1
29.59164865805188,22.55976018420174,9.392641938439558,0.9912391630231256,6.717855204580728,1
0.40500474691068766,10.437861533877486,0.7844069744991817,0.1868950515410909,1.1057462395906303,0
2.8925494726585494,10.171873648234996,0.10260017518840603,0.1733769512429768,0.7486238323674725,0
31.892931713470873,14.19793260587912,9.216200610349533,0.9631212499875698,5.702740544360414,1
46.83178217223174,12.617951001226784,7.898938662071422,0.8092776592207158,5.55268473047377,1
2.4505168581225583,9.244491461791867,1.7881195098562308,0.25358366675362715,0.04604670157660795,0
1.263046609026814,9.121843407300886,0.7989330631385494,0.015284613480887431,1.5008203476943451,0
33.860071221870456,17.137501171150497,6.075679718290155,0.9908271695738847,6.746055504700513,1
0.8783305839726613,9.081058018151442,1.0750347837036816,0.07493987656274811,0.30796196530737263,0
1.4146759597217673,9.799276222721884,0.24901078667481857,0.06072016177986088,1.467551816509233,0
49.705675608761666,14.040176896709415,9.378457666947734,0.9910078967259348,7.130971944435796,1
0.46458725791571176,10.2991791450448,0.13214758102230983,0.2582951097534718,1.6457201721205323,0
25.21842454285693,24.569829096271814,11.573911949275288,0.8464380860411084,9.354216577161356,1
2.7073842599594897,9.262026135944234,1.681907789270543,0.09826648090807456,1.9723563922257707,0
23.27545023862399,19.94603978563294,9.879359049157362,0.9455565140884752,5.360535041123537,1
4.43457752971795,10.376587819476491,0.8735378622338295,0.07221715061062815,1.295342768866976,0
31.4424111827137,19.871812525428023,11.897063280925746,0.9780783770570436,13.231103726667675,1
27.55920466281888,18.428126048377074,11.531103382522918,0.7882417734846179,14.242393004337288,1
30.91284981352673,13.292890589585252,7.727335175744514,0.8754218798088985,6.5145203296351255,1
19.313256251894146,20.33868707016824,10.278553911023069,0.9177968259203116,9.35375226166268,1
18.815025766091818,15.323962768835763,12.949604459355328,0.9010368078858593,7.6625352342058575,1
16.617160917753264,18.44638559438779,8.249871644463527,0.9987895111152767,14.9003475636462,1
20.590951475158263,14.382973631812174,14.40921119523603,0.9524300768905065,12.903307591729533,1
0.3164622769786407,9.96079272209489,1.4003417783413925,0.057095718919413736,1.555940418649211,0
3.534252192749325,9.620537317301714,0.5327097225784156,0.22720600850793277,1.6458698534721312,0
4.769765815581378,9.242394944566241,1.5228459159806718,0.10242844535127858,1.1474415953931936,0
2.656410977431083,10.097578932841024,0.7011593085108878,0.17987242291322778,0.23065586433023966,0
20.33715756275764,21.4872926029603,13.130554258120164,0.7709714581857358,7.296530470060806,1
27.712064759882455,24.177330055119146,12.963287278252187,0.9719236662325814,10.625497784433968,1
41.30052822043652,19.457562922192455,14.399218926131724,0.9394367567410774,13.527290227591285,1
2.8023786400011224,9.912661317931892,1.1631100655945776,0.2073228521179854,0.5870276798953991,0
0.45351448469045097,10.300364291627181,0.6978078799569452,0.08948333716253305,1.2466271345727757,0
17.873790777020048,14.542297663639511,9.75259378252728,0.7862940913814028,12.21661008925454,1
26.823967020869794,12.592132632806607,13.502487663099076,0.9659554714889851,10.18298283686244,1
0.1841147133469695,9.83888750709117,1.1757095361323862,0.11784262791177263,0.07214662819250117,0
2.810321921187957,9.250213239735519,0.34958375234591177,0.0031180020981094957,1.2266561191182475,0
2.2465119097091026,9.395272423018028,0.445939776085694,0.22582587320399145,0.9750972732615404,0
27.901989865963927,13.058487062490629,11.337951980296324,0.7524595066638021,12.628782111600385,1
19.848434053244745,16.856754745878078,14.186566107377104,0.9556937795106527,7.473529656431563,1
0.4519549604110318,9.950250543207641,1.261454526117171,0.05793608439724774,1.7449730305167852,0
0.958575207762814,9.668585157935171,0.9633970969063825,0.2817374171323119,0.6070449225430474,0
1.7459392433513417,9.325015869987661,0.5882883921717463,0.08626918874846168,1.952047399926594,0
15.653128156824568,21.488933679509916,14.365201890507869,0.7472159066606097,5.6791425908356725,1
1.4274056944919322,9.289431900972282,0.09928184323263745,0.26276452182892135,1.2002546941159518,0
4.456509380281121,10.155840349448757,1.1971700979680364,0.0515985761324172,0.5576972486672085,0
26.534765642789747,23.01656505405244,5.436516130477842,0.849786684673465,6.795952813996199,1
48.09826672004522,17.13122254135194,9.935903854691277,0.9094827912397827,8.423209554814285,1
3.828805120519606,9.348317492838387,1.907197438730651,0.18665638040793148,0.3360988006350474,0
37.51293115909911,23.3986332241898,10.549906741392615,0.7728770670480541,6.37772283047217,1
3.3730172557999993,9.38791083351926,1.940659152559556,0.16460003409064608,1.8150279567260583,0
4.695151224113192,9.70563202518291,1.2447964392487239,0.19503245699189395,0.1820101504125904,0
0.4881696091680382,9.205454409838682,0.567917327174003,0.28548769814197694,1.3343833622399546,0
29.34706463225235,12.830083881441565,12.263911210520492,0.8504000177842843,8.034401740936172,1
1.2156671489579303,10.494883432678462,0.6501816801232729,0.20151172487031557,1.689623389915602,0
2.643090248444739,9.809243083467775,1.4535232073707738,0.27066069695004474,1.9251872431035943,0
0.6794077361342771,10.317175741027281,1.2013811976168962,0.18631666635451236,1.6573035885150902,0
1.282019032436779,10.476678909422532,1.5133801038625148,0.14460201089046978,0.45206512948716404,0
36.001992397871845,17.711769517588717,13.05530153913471,0.8678458772879534,14.336785863468288,1
20.576466627883427,14.605661219111283,8.911392283293218,0.8468594916913091,12.62283179165193,1
4.6655074364580615,9.334923602970806,0.24291544334564996,0.24906327354118227,1.1538215994897594,0
4.141602085247643,9.230973137820943,1.906739050032798,0.27897682075437386,1.7417556255214262,0
38.677608962925106,22.851970658933826,13.43773455958029,0.7762735615109272,8.50173044250123,1
1.4608228536610446,10.31743832443408,1.7245545474285318,0.25931197326719824,1.7190471207944635,0
4.212252855931235,10.22763056995942,1.8160766233405639,0.29630350650756365,0.9913933951596579,0
4.892037639800286,9.958835618800128,0.3250883793250714,0.2446472935437483,1.3453431285516442,0
2.5492104891312177,9.711151393618218,0.17152795555426326,0.23846698671707842,0.5671805478771021,0
38.199965421498376,16.486691394367377,8.503180499320813,0.7545444512108476,10.027217241338562,1
21.560886243995117,24.810492382466286,12.961080420937186,0.9366820009207081,6.533802175778761,1
2.103428154638833,9.027438910426056,0.15821867854048977,0.11553589049594731,0.419467469134841,0
17.57772418615987,24.94884603928008,14.560107803868798,0.7394790723420552,8.32811604181492,1
2.421881567567627,9.55893861801701,1.9286114531955394,0.12081260820310503,0.2335237990991086,0
3.772707597345865,10.045450660619817,1.7323249819589626,0.20524496903743655,0.377439597962302,0
2.4576700298116223,9.045257326013163,1.3900567667181125,0.025637427803400857,0.937622744801484,0
47.1083616159168,24.51063229580627,12.284985766407713,0.7170591696360911,5.235413877462658,1
3.1792443990585317,10.096682241588422,0.1299651404188218,0.25628013973729646,0.22770064859278083,0
1.5984918719859627,9.041046005176547,1.8365012564452539,0.06552918739467974,1.4569727098824596,0
44.01752625059876,13.576956931837849,6.045303741773402,0.9414488205841124,9.923155161682086,1
29.24740591009987,20.64647168175136,6.714709459386331,0.7358251817732915,8.902122410622134,1
20.559913387286276,16.007716012033754,6.12171195480741,0.8280964305305032,11.432951348515079,1
3.320038646338274,10.27654054926721,1.1469173222442486,0.02919354815740137,0.28119035141640114,0
0.17934993762888873,9.16989465693799,1.967662862361677,0.23579322987118134,0.8097445038999254,0
40.59258282786866,20.399415498131575,8.726713684232251,0.7679410972063854,10.158949509981397,1
45.996405930431735,17.383999776928242,12.523629368501714,0.8721286289356949,12.540936521545726,1
4.163370085954992,9.502428551651183,1.016682656173111,0.2390967743652994,1.521298944733973,0
0.5897700162384745,10.027261305557317,1.495626463497567,0.01905324482646432,1.4930218659779697,0
4.473435181180909,10.02458409218487,0.7765519594121648,0.017182869254338363,1.4429785440955698,0
0.11177979672574223,10.107907182860625,0.3388049501628707,0.08582218663049451,1.1445047777767499,0
3.587373836642275,9.414495716454441,0.16189183155780196,0.12732771643185184,0.10985084623278873,0
22.128759090405115,23.22431432130832,9.625212570681455,0.8435373228379393,11.274726631699767,1
22.756350110884252,16.079796578578705,5.973466781281449,0.9687157172939306,13.851204953295078,1
0.6857751332938805,10.437935871675618,1.4599850634006943,0.09770551198666069,1.7289343226745186,0
30.10146111829461,16.600556437299147,6.652297809783639,0.7336389153045322,13.594152267044166,1
49.98328494020535,23.340415025732575,9.41627204692538,0.7472313618666258,9.537883866465805,1
2.990982070656622,9.921187746668803,1.6184483827172922,0.06897142668284216,0.9269292772385604,0
0.6203468787344113,9.81808794262272,1.8619697530175106,0.010292636478130345,0.08509473895922826,0
3.784620783312083,10.04717886871844,1.1777802407147955,0.2093487685473903,1.227172829090502,0
30.669396367359468,21.10889117852754,9.583570276624553,0.8977230337236983,9.883342131528803,1
1.3394215257907705,9.042196566058339,0.002857608333948436,0.021872216916761656,0.71977265270233,0
4.18069236967929,9.063446767996926,0.4269814932219649,0.15785963954055868,1.7108668605334152,0
49.70177905247936,24.111767177044324,8.523163030292313,0.7959067140394249,7.42170640337248,1
30.00749298260974,22.69043103184228,7.836472000542103,0.8734813434709604,14.834345037961917,1
25.085130509369105,19.70547420041827,11.384300963947311,0.9015344276500998,6.753389860372617,1
40.3334833950851,13.56329124040965,8.30043942300576,0.7051110711356768,7.350909939964641,1
1.685279949665569,10.030059139426672,0.8251281100235375,0.08410255181466833,1.2317143517980689,0
1.929627331144546,9.792309101291744,0.9770267254157947,0.23561864189480972,1.9883820595424104,0
3.271238178556048,10.359884761602583,0.9239335300887226,0.09505326794859738,1.3337421304130828,0
3.263934044545909,10.211727990857966,1.5248081270548954,0.18192356716042588,1.875084575072874,0
4.775498976629821,9.577155967982915,0.09820661381608198,0.21567354410177333,1.076408668927179,0
4.749108502563244,10.32077425612624,0.4287381938165453,0.17630669512412364,1.0701001784439268,0
32.19860855991085,24.03427915310037,14.069642293499605,0.9615616357808131,7.225269339435919,1
2.6244593182016813,9.897868338203239,1.773904878117678,0.15999290527684526,1.0819315290806468,0
40.09176582916529,22.678481816909787,6.579433876781277,0.9654378063248389,11.776203566471365,1
36.661597455966735,18.168291642840163,5.966724337310217,0.8880904483783719,13.592789585833614,1
41.18356852207468,13.997416887539583,7.240206676112021,0.9089636866198536,7.696509340972821,1
1.011491674534681,10.375676294724219,0.2706796280167785,0.11224882102406834,0.9042166095396873,0
1.8065496291024308,10.368807749098696,1.3172504423525093,0.10784839476681077,0.7154394390752399,0
3.6624934164309204,10.171272474452588,0.9912600252525414,0.09536177671907668,0.4729062583703212,0
4.136915075936547,9.248463464801265,1.0733861395114772,0.025102308641961033,1.6095846906271107,0
38.45035083999572,17.22037519769986,7.409498865244526,0.9044782335635422,6.976778988620178,1
1.1762329935485738,10.425332753606163,0.7227233156135546,0.17173587154395,1.8967219969141236,0
19.431552831340134,16.34136974894459,5.679705361895529,0.8830954994277912,13.57495741702698,1
1.6633721387416593,10.372367667122926,1.07455919161565,0.16690028598176396,1.2962889639027588,0
15.118663257919204,23.46998595020865,12.057798499952941,0.7366186167760411,8.138225827100431,1
19.11371171879297,23.503608033402344,5.2769644904525705,0.9382523946459792,13.498437319035123,1
2.9361085725894105,10.04090121605699,1.2072775818246433,0.24325378405760886,1.7719696473140578,0
48.06343698031223,15.857665016075805,12.942443175942318,0.7179047953110431,10.36278684651872,1
3.5707261051983052,9.26174784439578,0.7453316143626378,0.16039088445325064,1.9674168120389717,0
39.62620099441477,23.32629841254119,6.907791735000782,0.7212150353616306,5.086414003370709,1
48.79960643124659,23.7862363582251,9.832442659149002,0.8645633901951993,13.386227499122121,1
31.239581708930633,12.11767134282622,7.394210881220457,0.8107258147927959,6.183515759435666,1
37.17198380859519,13.833586773377403,14.877372121355908,0.7212326604420164,14.856363508492285,1
0.2213885581649938,9.118139010000215,0.6536869795450282,0.12504675015051667,0.8598815943896394,0
4.059165418174304,9.130292213996183,0.7443332251084953,0.25977834295175595,1.405040650153565,0
0.027457004347761216,10.486959122338432,0.0719146712542067,0.03616365584806789,0.4802134250977763,0
3.8019405125994803,10.400133290567084,0.5597833853017373,0.08574505231944998,0.9653029629103942,0
47.25365407583349,17.06795274554274,12.640073920945493,0.7570564583616852,5.646792257266043,1
4.432988979745373,9.275692707655503,1.4273007146448582,0.2728866047278768,0.24259133800136645,0
38.37379989835204,15.645678622535108,13.439624244481976,0.8815363355359864,13.588785633547259,1
2.8362634692990167,9.785313486616744,1.387969605670255,0.2686735019521557,0.5594986767743786,0
2.6686967378022657,10.132923483645305,1.4579119309721313,0.18828510055047235,0.11337082724173464,0
24.468441014220353,23.23168345125377,8.577916881393369,0.7576629180118297,10.296712254365524,1
37.64282317751349,16.72245157516595,12.436787361363288,0.7762528525343493,12.193559118751523,1
17.17701930758259,21.588486774397843,8.683982139723879,0.8178985822457684,10.74152647060846,1
3.4570118476267826,10.385862946136156,0.31238738669013455,0.08079639606393121,0.5880281732402035,0
35.83918438465237,19.647690237023824,6.481069495585422,0.9503876118792344,5.088958112181318,1
0.9667942753214109,9.547331259820684,0.11588077723221168,0.2857641324189021,0.6346153541964725,0
45.57340516558361,19.795910909524245,7.531340360151795,0.8545662835872786,7.273858037953734,1
0.9153486026458635,9.173131825045118,0.7741986908198608,0.11814316408358275,1.6125059473839052,0
3.9451262005590344,10.183240401603292,1.648023804622708,0.056839363281127174,1.925680468492035,0
16.97197275004176,12.046860569044773,5.880370283441771,0.9869593398895382,12.939929490436125,1
4.250959106343607,9.423579774185722,0.7779920250260695,0.09401676229178367,0.565741028067104,0
21.53774964910801,23.061749815931137,11.603048940993315,0.7020772891193657,13.549141801113585,1
4.427612084445685,10.08013917506172,1.7075663760103321,0.2767542260604299,1.1546577406118632,0
27.47528916924417,18.624042663190323,10.826915317979084,0.7876125718231517,14.923953688452658,1
3.8263789293971655,10.327016949360432,1.3000190769936322,0.13619783265962201,0.311873977317662,0
21.57488958536353,12.59977136420548,14.843092318677808,0.8077665020841399,7.205184684022531,1
22.19132945096028,14.604217335788164,9.580133007197418,0.7573467196707019,6.874742694869111,1
1.937156506723433,9.798793948121473,0.6408812462777909,0.17109627627744334,0.1636370887491687,0
2.279251338448323,9.90293758479606,1.9465546667327895,0.07614715985473317,0.052669817637767125,0
2.066823737143337,9.27243473549482,1.1638272972140489,0.2899546109966416,0.37088544877647234,0
0.4908802458852968,9.350589566822205,0.3460637674657765,0.09498054795274817,1.4926091953073095,0
1.230639408296491,10.425298585343999,0.25012563944249977,0.03687343256341308,0.4905697184191484,0
40.971361110417874,19.48948250015483,9.569731409090608,0.7245252983929309,14.747711139732491,1
33.14272735581194,18.754698290874884,13.713644123370685,0.7076892550009408,8.168003436488117,1
36.50067678308571,18.969383409466147,7.324324069629542,0.8008725396675097,5.343767886407262,1
4.100063828223683,9.781045462624594,1.031779565320744,0.08345480270861734,1.5857311289548928,0
49.3310775100754,19.223648631275136,10.854944272982195,0.7900210530110846,11.261178359654517,1
27.754429493947836,14.101222844731968,8.40896535082908,0.9408805909311424,9.910753543770893,1
2.6758932007980034,9.974804064380786,0.5777887708388292,0.14288987743993592,1.4681589378120605,0
29.323132432453775,15.579908433550447,14.90046540351415,0.8193988586963517,12.88846899131616,1
0.8868675398469417,10.112760639582477,1.8367000371817985,0.06215989668091859,1.8135262152883218,0
1.1156052051548153,9.791774273699657,1.3724588616322528,0.09356359919640769,0.4781418720075683,0
4.751880100472904,9.081796676050796,0.123871176411666,0.27912146650003844,1.579185144409021,0
49.29156129056037,15.520059349576272,7.756632090600048,0.8451316874013991,7.310576590461462,1
40.910573799191454,19.57792749903463,14.07459091755351,0.9809121522313748,7.413305082956177,1
49.56527004759725,23.399720590311617,8.084436792961116,0.8654431147572316,5.003110125288009,1
4.1180469901812895,10.30544859220863,0.5652936133904691,0.23833888862035194,0.09932296444713806,0
4.62914310655688,9.66812490255202,1.6790354393476983,0.18844980091170394,1.9547964298069405,0
19.70702339313638,19.522916752422287,8.888354264561812,0.9202540463733234,6.570857094175624,1
3.5529266632561676,9.353754749556403,0.794648060685575,0.08539163615215987,0.3992717129273009,0
22.828883691326872,23.302321300377578,14.105495776259835,0.8259500779650154,11.209009359778454,1
4.832375097263383,9.456980772444554,0.5203892816129398,0.03132155991054035,1.8098378531613375,0
3.494574375827794,10.441471225349492,0.049114315372508655,0.049151108775306485,1.8325424160576098,0
4.386206111499918,10.313955910026785,0.7372897125437989,0.2920173659936952,1.4182644263207784,0
19.107089902995025,23.33880227008986,9.80774658628545,0.7703331883845278,6.682048823540182,1
4.537971493554814,9.451796267754913,0.30542557068626186,0.25740728443380695,0.4789264778715756,0
3.829503144929722,9.17723502889869,1.8985587391119843,0.020920311815254344,1.1138086309512132,0
20.79690097852785,24.273723042389577,13.239773501183365,0.7245776169149905,9.451351989429355,1
1.754359726972377,9.640683792734553,1.0927545219605166,0.06889213169193764,1.762344839718393,0
1.6457548237440607,9.880653741321796,0.34284171063919433,0.21321289867761573,0.8073194317727412,0
18.2170803252271,14.600874116421114,6.392430940231168,0.9000751163931665,13.07410074774025,1
24.196753794503934,17.42078357793517,9.52177661030505,0.8165150176517126,8.108635828558175,1
28.178988586573666,14.338652542353234,9.649362574638221,0.8429485867815524,5.16205201126327,1
41.675358189026696,24.60248429801964,10.146184665410988,0.8016915452730753,13.291704663110869,1
1.4026111399072383,9.722158830747377,0.1867589421333149,0.0044801804375004806,0.25461408384537587,0
33.59467872471244,18.443380704426573,7.130110190790342,0.835354463109995,14.23644231274045,1
0.45432754645803874,10.263049356683661,0.9712159114270598,0.22467992439549794,1.6437697922055403,0
3.7926808977015125,9.87668007316006,1.3300962680233746,0.25887567738336914,1.7313771405453056,0
25.720572112627817,17.358314002426944,6.60975330664612,0.7026284929575841,12.569782374834258,1
3.9963971163742857,9.242198634935175,1.4835570736220023,0.04444439366599912,0.7576586217169374,0
1.829831237745102,9.246392100876362,1.1976211236070937,0.275562627031948,1.0274466675060887,0
18.310949963905003,13.417428836453933,6.432628725238746,0.893495913409907,14.093369179792065,1
4.318165033424468,10.087588096910766,0.6833136672001674,0.10482504286974853,1.6895892235860912,0
1.9802068398306483,9.071036220418357,1.6594105370811167,0.007415456607710591,1.4597525021700235,0
24.688117058714255,15.341413697371705,10.428816478410937,0.9832299641475881,13.616610218664936,1
2.7178579575307014,9.190575846303988,0.7822086790256337,0.0107293060801104,1.5233708369447352,0
0.6988872809125368,9.33467012307858,0.4943763370291758,0.12362803958190934,1.2462910229598412,0
21.444332828709587,19.811184274887303,12.33883135440869,0.8071144268249877,6.624911581165453,1
25.49020482344637,22.888784249475773,8.66930843202029,0.757978529667988,14.020675434209037,1
0.6375616784487587,9.742565489935703,0.6951028883512178,0.25242169640497925,1.7621570648624354,0
0.7576426449614426,9.361617458430622,1.4032659179264622,0.22140012941331003,1.9176826782909415,0
20.60298117416791,15.273988065990284,12.509818930403453,0.7520515727384411,6.306546955360321,1
1.6912261280716367,9.251850491091298,0.7323180749262628,0.29076892029894347,1.7643126861491565,0
36.38662861099995,20.67979440407933,9.001388051499873,0.9733650175013726,5.507006117090194,1
26.714153694978382,23.87345553894079,7.351283579083201,0.9786109311490829,8.586654722469149,1
0.7676538285988538,10.213934388164727,1.5221458144483329,0.29043302201030546,1.871421269938641,0
48.638830939476634,15.663249886403094,7.845795798358698,0.9513765069776037,8.920088418494071,1
1.7587878361811478,9.997859923730369,1.5538289639009941,0.13415007420277578,0.11168898602216593,0
3.6850913584823304,10.08021104890567,1.7457449276510582,0.007838269369529305,1.2262844575400018,0
3.9316987631609193,10.442612324910003,1.582042470420856,0.0964439248891406,1.801135054598635,0
2.268041825371583,10.019221164799836,1.1399115229524015,0.23627107095762523,0.8432751241060286,0
33.449450590526965,12.048459249673357,9.355007020987424,0.7473170166175747,9.545673971131878,1
1.5751793563194134,9.790426112457707,1.8609055816159752,0.2504063699441296,0.9368914385146945,0
49.64322805353145,17.52727703597278,10.056590370718293,0.8942797936932819,6.915445331306179,1
38.44528747155923,16.382609195992735,12.383626937842141,0.8289130492353349,5.455883273058686,1
46.42424492280416,23.030293694032576,12.031519515634315,0.7728238567225477,11.153188642864619,1
4.017271143662782,9.368200875437728,1.527858206996703,0.004609034560521264,0.1126981132094218,0
17.31984108498902,21.304530477918682,14.874956513975437,0.9219718466275102,13.441521695754412,1
3.638042811139825,9.310753234400673,1.2012852617579728,0.1342989751434936,0.4047276482447868,0
46.66745841684538,18.321237636990247,14.616055730956617,0.8559710584882012,6.225104484631406,1
31.91250164152659,16.4829989596798,8.294037710708032,0.9669829872577435,12.038698982153427,1
1.4238045064863263,9.30189072683362,0.5578375916893077,0.13225136727714396,1.6191802214133968,0
4.772641776627966,9.418323157945888,0.9828526439670877,0.22834941872418457,1.8583712674323227,0
24.78641974515996,23.950150965240688,14.354481550020175,0.7316073227647837,12.03018481116219,1
4.087259063369177,9.243250317399948,0.6936368300743867,0.016791398058552207,0.39924451216873025,0
4.229175253268408,10.306355214616955,0.041039558048330704,0.2454684022230793,1.7064054301198652,0
3.829873296614879,9.809627184022206,0.9534511303844129,0.04731477608640145,0.7586026767653182,0
4.0156717839966145,9.743894371378104,1.571254045660958,0.22972001250493557,1.1580307027332146,0
3.9010419081152885,9.26757656966222,0.34433665882275255,0.2178336495470824,0.8817352318707947,0
0.16743075383748862,9.599778958221188,1.9715606633439056,0.238571765343066,1.5012352100783282,0
3.4951792523909435,9.792359316707163,0.2457598838779984,0.24477273621220016,0.6341696609700178,0
4.9419812450884075,9.493969282511948,0.43290554696865935,0.13454833284921688,1.0486410212181059,0
4.259584725125581,9.97255994106143,0.520949697691006,0.022894423437505595,0.1385209526605058,0
4.929701348890684,9.260279547742883,0.691111366907152,0.05047718062095417,1.7617100564545176,0
1.582999931739274,10.3524986205834,0.2650279633731645,0.18960734930221396,1.4616896712968903,0
16.266625404403236,23.040912310171223,5.178869416069003,0.8776554970389824,6.061332859073579,1
25.517808750013003,17.024772138700474,10.413190281025164,0.9929076417123255,11.283316066264526,1
4.8484905005672605,10.349305620582184,1.1335822051576703,0.23800944261299806,0.7272821632939839,0
4.509478375440619,9.40230488036247,0.9962195415443105,0.17916690475494534,0.8373808321439067,0
27.85100498782728,23.315244553421003,6.704044699510011,0.8144427375896939,13.878697917288221,1
24.441875541026477,19.268638243419716,5.431960256237398,0.95801284235647,9.7072669857045,1
34.42319319716219,13.259682988792909,13.536410135304116,0.7402454843671624,7.57271655605963,1
0.30364294558872296,9.17167712090633,1.5539550698946965,0.014524934648906295,0.666330475097183,0
29.68479337356156,16.13609740169041,7.490440419820348,0.7943289597219028,8.229921988984719,1
33.66536992537276,21.673939555933167,14.347495399662746,0.9737978510472125,8.989966262399339,1
39.62203245123258,16.077083784024218,9.715377099678694,0.7552196168497404,11.851894556906661,1
2.7751734013962883,9.512086509315237,1.4876295537278506,0.20589773760255647,1.1575998241681658,0
0.3479554722062461,9.475601545977709,1.089784287052362,0.19580368457032196,0.8505426864572605,0
36.00777845093425,23.580749792269174,8.39754567223255,0.8487708607427799,9.486109555090323,1
2.6686798714487714,10.137114378421886,1.1589725986110866,0.06654655544005575,0.4155137711950365,0
15.162557027662773,15.447906357252595,14.22311359915408,0.7262873420810516,6.370744212455056,1
38.42904893263896,20.32091431890912,11.047404563953748,0.972419848145192,5.1589011578871915,1
24.822287487051803,17.023430255024408,11.344927622863828,0.8563928355643438,14.28614900882684,1
35.58776386079413,15.632528625552723,8.404929850690213,0.976307297194853,5.262426686477265,1
1.599433173794278,9.505922291569322,1.8373622037143826,0.13247811675410737,0.5359364604127654,0
4.938477531199769,9.990549037670132,1.554410613320725,0.019500689789981884,0.02967482700955415,0
41.46413851778283,18.734084681669334,6.1661164006408375,0.9123849504839171,13.151123311575937,1
3.769567556003677,9.322789098510583,0.6488209919525822,0.20137792126967505,0.0002094215962871182,0
2.81610972803439,9.55364429635872,1.666318455213663,0.04014334248406953,1.8194027107725053,0
38.8780845562103,19.960142094675373,11.426603272164181,0.9440486095111132,7.869189756098283,1
1.2463221975906824,9.223748078593779,0.0020084821740815606,0.1544822313040071,0.7622153418318662,0
3.770100631429412,9.756046378959564,0.25743461226169995,0.082698879725273,0.46849390465745233,0
0.8308256142314102,9.393515071423021,0.3095039917261413,0.230424483867688,0.1950436288603652,0
36.23977986162034,22.058058094985068,5.283644609799749,0.7774939002029778,14.854621200476677,1
36.14026913197277,20.67766979800058,12.657995829148142,0.868185340561122,10.086229962582948,1
46.03901614621495,20.973806241903183,10.12148266943706,0.7957999016648644,8.569666265664395,1
0.9007482201636574,9.732777068890398,0.2977798339430964,0.14010643385044463,0.1299033672943859,0
0.020991239202597933,9.406460365373386,0.9971371051112372,0.22814799454310516,1.1389479707611745,0
44.710555585324244,15.864529048328187,9.516021180743326,0.8900996553237158,7.586508900164328,1
2.648911896668462,9.264787142920785,0.5241421315576105,0.22992734777521112,1.3065447692141112,0
43.22725509310632,20.584994514870836,13.934481270642792,0.9714132761692496,8.746714020062576,1
0.9832412688338399,9.463403099325783,1.658960951226969,0.17301399150326063,0.21830748654474497,0
1.3953494889126477,9.189730266684558,1.051804614955864,0.09756753458725312,0.49888044397083053,0
16.78096569032799,14.003585794764353,6.115500020759251,0.7545091721866801,13.0326199423569,1
2.881168078145475,9.839324890696938,1.8102833389021609,0.08656407371898167,0.2909011042083569,0
45.38260352489771,24.691382347293583,8.638927303159704,0.9466456565329284,13.492277143386605,1
4.339773752968704,9.48254680454515,1.464764452675444,0.2002109815461939,0.4026922105173336,0
34.961880996111134,22.51321913646072,6.528275088440162,0.7584758102759886,7.088647915569377,1
1.5125511546047588,10.118550746472586,0.3307725780900064,0.2881472842276772,0.4641323769641492,0
3.057952634263646,10.274301229869627,0.18036141484178825,0.050405246099515445,0.5325899675501633,0
31.109574460037603,13.414919500278064,12.959776887585015,0.9614834685925717,9.076069330667984,1
44.146763727536,19.099084679516046,9.544822988678806,0.7047890512811004,5.128976624039082,1
44.296544474136766,20.515080769213206,14.988398076768327,0.7729743677177939,14.191270374492081,1
4.965356722347243,9.36953516044878,1.1141114002945212,0.2528567718621567,0.03374980907951919,0
32.76349342043365,14.752276816809164,12.634715593333041,0.8655794599818353,7.550635972603019,1
29.804149458362062,21.107751325449314,12.713638886443675,0.8380784857770331,9.256597278381133,1
1.5332669599094373,10.444305302989925,1.7722083997897229,0.08364641943796158,1.8253859300733386,0
4.179986209224678,9.633438197525704,1.4381265855786434,0.12884482472433928,0.0020244594738512145,0
17.053376213927393,18.479952850803702,7.904095673661226,0.8691772942301945,14.781948709768958,1
3.64280611124703,10.132290453449503,0.529995010434315,0.14855706741504565,0.9281418949204623,0
4.323946694941713,10.123625101738032,1.6772351544036361,0.07607413269574749,1.614793634670666,0
40.24204397846427,18.478317071189842,5.8538326529272835,0.9467171525329153,7.192715440140986,1
29.019145842335586,19.835584677584613,13.416907896936166,0.8697782979217793,6.296518149436455,1
16.42985286853192,23.652419547801628,12.496940159715571,0.9485402559648706,9.565853869213141,1
31.948736635522106,17.12845123684113,8.159369061403162,0.948837437099489,10.040187232734567,1
33.09618469314245,17.389494574455444,13.309332443449621,0.9257997340193124,13.672732197091927,1
3.551498870675016,10.056454003852327,0.22787554084601358,0.29791282584248874,0.06862775607269467,0
3.1422193506646994,9.023988032372365,1.1985219721468892,0.04388394256760215,0.2848228395581396,0
2.8629438014262765,9.969520335445408,0.0682822335609159,0.020239393240588852,0.17044880987492528,0
24.652641843507816,20.039300968426424,11.015705605953656,0.9908600944493938,6.196300789797774,1
33.59357356050343,22.272413037951825,7.237658377648211,0.790519545506097,13.488744607456404,1
3.9368898467350695,10.313148610721548,1.9257185162547257,0.23558774571013572,1.2461834113095378,0
2.5769572285897,9.515075580099749,0.2751750076004591,9.624812577029296e-05,0.7767744277572421,0
35.852988709763515,23.678590089626578,11.52570548733904,0.981617285552884,13.663696752640758,1
17.363035979925222,17.125420287231712,13.86132410655394,0.7023317208069398,13.953034258738153,1
2.3799768461150532,10.1191166406436,0.3299537579559144,0.07172731169501646,0.48504893899333346,0
1.8737187344440986,10.049733882528422,1.2972815833508107,0.05150875000845895,1.4736715100482387,0
3.0346185884041037,9.363230283320764,1.6609133462709547,0.0037627562090501773,0.5130743228620844,0
4.972467988579678,9.76323367957791,0.1029596113860698,0.008495669975496578,1.7112963243481434,0
30.186753517670773,15.78562933726556,7.212585082783523,0.805381039692804,11.023355819507898,1
37.56821625238024,17.00772931662332,14.478178118315281,0.9004511282864185,13.639766579976682,1
38.26955911344331,17.979333732565507,10.691078446433954,0.7552217978541595,9.33563968579631,1
4.619055307175398,9.662832456501826,0.7787218295425067,0.18003530950206567,1.480660022645625,0
19.43556234270642,15.817467236646701,12.590154867424669,0.8530750396467961,12.926081365522494,1
47.47676227651415,18.527406666414308,10.221605370292131,0.7228440781740924,13.973610213609337,1
4.34560404769918,9.107158072128458,1.3120526390358083,0.033908175047921804,1.6396432557722092,0
29.69265351165832,17.436508063924116,14.322329742656773,0.7031087036802706,8.6720407684116,1
2.1851500462931464,10.338033772759042,1.1654880976968207,0.12787297918186216,0.008195068625205026,0
20.391349944302828,22.198068287769452,10.126724274565914,0.7422416615994513,11.717593616716863,1
32.20429444151145,16.884920513721,14.094425304325132,0.8691900313589662,13.341509691424246,1
2.6515564774201428,9.729044547688204,1.595576272715193,0.04387080173635004,0.6817479616277726,0
33.81443979212716,15.900644532782355,12.228262592246237,0.9810756103461413,12.090899782152368,1
20.722335733491544,23.63210989945262,8.098632489891974,0.9918090614338326,13.2772749014768,1
32.319855362017165,21.517771394687955,11.572577420864064,0.8361668501454045,12.292980401813631,1
0.6675347919848096,10.014703566607569,0.4913070546475564,0.057368316526169305,0.8165014953641705,0
3.8755524548268054,9.379009136122356,0.11030454861995964,0.23033514276193665,0.8197323575886368,0
4.745379988738033,9.758583750718996,0.5742049429972413,0.23489685134536878,0.44722687745794865,0
49.183290126559285,14.688174055010002,7.430361403739374,0.8011907730593189,9.659376348833053,1
40.10098008305656,12.59228217120921,6.339043507750453,0.7645575764655508,10.976637918326903,1
0.6837812187115327,9.791701577198625,0.416628601742693,0.11224903000458857,1.554722440257701,0
28.616169193529146,14.682057818489222,8.91292879132374,0.7641215939664943,10.61151732609203,1
22.00966132347752,13.884341365562719,10.311679344262647,0.9081523498406983,9.650688400715483,1
4.043908451691743,9.614361927229524,0.36219888361090846,0.03610671902513579,0.4415288179905057,0
4.922002496530509,9.199018817577768,1.4782827549664532,0.12626278808012964,1.7621920952162526,0
36.27289972960075,24.76972359560443,6.676442393097531,0.9502046310581281,5.338716148777905,1
38.661630471660246,23.9839125445791,9.303300025351426,0.7114915736081223,11.432972599800372,1
30.429699974740004,14.220233932144062,14.7222394911965,0.8052525347451187,8.030597007706804,1
0.17264411886061592,9.871376979419166,0.6514910603506359,0.23344046531874152,0.9398569405893509,0
0.18723338502723674,9.231523871745251,0.04416041060355158,0.16034301180350674,0.9832131213535618,0
16.216866109593568,14.769736656064767,11.337785914565751,0.713857521868329,6.017870852883586,1
4.367241918133092,9.815947149127528,0.5444683802478649,0.16296622222455684,0.5335416406768976,0
17.367393261761766,19.941370257553473,11.058353969144674,0.8518127065103509,11.9314547559554,1
2.4914805098824475,10.19058786885576,0.6613768546684626,0.28726781994305545,1.5041861954201359,0
33.83816973552293,24.623639630727947,14.423266010770812,0.9995683408695555,6.012661702822397,1
1.282853760107428,10.341984311483778,1.4147436813826466,0.10365294377819188,0.46360478859767706,0
4.829085369165852,9.798572739126607,0.6591599009237905,0.2814834746195919,0.729333058949712,0
30.375089794018713,17.26498486007186,14.601910388236691,0.8396625020362081,6.608553651056566,1
0.8037497748597933,10.03916431756023,0.0064361682233675666,0.2130110455137789,1.1096722692504015,0
3.4216633738489577,9.298392114102233,0.7645150346424756,0.010024154993164258,1.7553563326793862,0
0.8368139624157989,9.414214967752116,0.5042789973734787,0.01380623812022812,0.9209890904952358,0
1.801655239278921,9.850970958868634,0.8643306474317147,0.044960526461183425,1.5602022947938532,0
4.3306583982014155,9.06156036136854,0.9926139988484788,0.17670815786456945,0.3818114991533559,0
4.635851337969054,10.345508756869261,0.26658355170158576,0.0883888693856192,0.8203804306196505,0
27.08906248579362,18.35241919584056,11.64518933537597,0.8029747653646048,11.29009411001177,1
39.47558242992109,24.924002982964698,8.454721192721632,0.8706195708371821,13.105818671372978,1
34.735527329403865,12.729904786716851,11.495080632705115,0.7984359571984745,11.122993621300797,1
3.073902020063188,9.360564380218053,0.35907081610263303,0.18700639130197438,0.538562203145518,0
2.774176169726455,10.150980186033477,0.2212371362986989,0.13308220611120616,1.9958658675363457,0
28.99709201567201,21.317199730368884,13.861514858446128,0.71043832141793,12.929581560602143,1
49.7447208711516,13.635152641485163,6.709073485259278,0.7925100865150096,10.123751934895381,1
4.76876705776931,9.232248101668338,0.5439541193904442,0.29823992241176855,0.9612409578381458,0
1.9872210776783328,9.275214073464635,0.6120311894760746,0.1967399127959739,0.9883657395359366,0
17.32093544778197,18.982607923044363,11.97399989931918,0.8649490602238076,8.007737591207595,1
3.6843159582623475,9.399272206806033,1.896239470963682,0.21183338495907753,0.43535006351782446,0
1.2638488298778867,9.652321466274755,0.04067261391700372,0.2975326956325408,1.2003019057498914,0
3.9525873887335234,10.043792636703438,1.1485183717171557,0.10614986799906774,1.8420983528165589,0
2.9672880704739457,9.322597575359378,1.940169599366416,0.2210216924720395,1.4110376508628486,0
18.777950003505325,21.216504623619652,9.768821492310735,0.9096260688765724,10.31395643046668,1
0.8020046158504313,9.174500125995564,1.1292663180059284,0.15004672251684056,0.8057397744672616,0
42.26311970161876,16.73781257401606,11.035739657761852,0.8280056812109169,5.9669039389196366,1
3.115363835956086,10.237673514984976,0.8949163064753729,0.057556291518092925,0.6496819863129568,0
28.763174487441315,19.990420423522618,12.793093054519453,0.9762793528301503,5.004973150531232,1
48.15985493542844,16.40613777365028,5.497124504273131,0.8826281560092135,11.347296696538049,1
3.8216449095629,9.433955891720927,1.114507763660508,0.18253027053138968,0.41352129729427345,0
0.3377385105009295,9.451557230263454,0.5701834893147355,0.017472748866682517,1.6867261933326312,0
42.77458687821761,12.906957489576348,7.724128865488914,0.9310671936224993,9.80868874917909,1
32.85470980202771,12.385334413576457,10.849103707868867,0.8171372773430358,10.21297948745591,1
48.079596477657084,23.545625525798243,12.16277480233708,0.7979903161678926,7.799235526810502,1
23.752020019375436,24.182237913571733,13.18985038425737,0.7040112586121281,5.087192104078589,1
4.031505956681839,9.81373099012531,1.2590813552309537,0.28882218958994266,0.18392310539832324,0
2.358247056365299,9.251278062977637,0.9627493053655629,0.11291130352616559,1.779611826273445,0
41.76072876560435,18.305746117629727,13.43403429833169,0.8082511705115712,12.03446130027975,1
35.75348072813786,19.68073238292753,14.28053081640376,0.7515170900837486,12.716454627818603,1
1.5594588657748698,10.438054403315917,0.600977462830232,0.13289700606506108,1.5102713213777543,0
0.7675994308482098,9.915540524684811,1.287605262821754,0.19957336513016274,0.24019372489290913,0
4.5957859642752705,9.529782948034489,0.20337720310307472,0.22775142064201315,0.5901213419957816,0
1.4927082122344904,10.167437977200853,0.835042418625144,0.23931408203978508,1.3725047393272447,0
37.20310935214667,18.88659401157236,7.174385178013084,0.7364152826217606,11.063690509600313,1
2.552296917462492,9.836796196335559,0.17213990226415743,0.29167015972677823,0.18363841809321202,0
17.528841437757446,19.98267129718083,12.363193948636226,0.7544073545823478,7.4621871505306245,1
19.22569541553675,23.073885808074543,14.915375227523702,0.8252762706376188,8.768164245148022,1
18.694444143052426,20.50618431934337,11.672731665737256,0.7781643445003642,5.352289098507218,1
38.815679510085985,18.06768786414596,11.616805545477812,0.8139422907060277,7.943393303363418,1
2.606618773009729,10.045164682062552,0.4601588042327356,0.22546466749876412,1.7361768592761706,0
25.316042408805057,15.025589178910952,10.091318667929116,0.7443509994442687,9.747406405804416,1
4.544907212533435,9.640346312274941,1.7314623737656134,0.04786349667893789,1.5339869323062376,0
2.9501640803204827,9.232938654665455,0.6620239775409895,0.2378796535615782,1.7119331490752903,0
4.096897740328784,9.706763569433413,1.2216970133468978,0.1889118454988458,0.21964996602131137,0
1.2008249871799037,9.089976873749437,0.5152104090737928,0.06799578722901298,0.1856685631690249,0
1.8961325395159094,9.730836085137993,0.3470708042965791,0.23650099905569089,1.72133540074128,0
44.102170723047294,17.908689196333704,5.323581987935686,0.84608602904189,7.267681882860957,1
0.9171273069216829,10.027188727961905,1.9295620156617834,0.22511428654779786,1.146065200730523,0
45.223739468115866,14.53596709632259,5.7927447796944485,0.7998907325172918,8.257162961107195,1
38.37257131496512,21.973934388603794,10.81802110558547,0.7191565784177676,5.38009333705462,1
22.50430468489531,16.97191996323063,7.66347259849519,0.9426188604350956,5.0406268769128735,1
27.133715778017397,19.31903281678934,6.00915944368893,0.8245655928400317,13.575647574800557,1
17.308061708793282,17.338969431955473,11.527064418844597,0.8112374740534789,9.483125112361538,1
21.048708940061175,19.156324113543132,11.179270035655277,0.9783234468829343,5.668917108016412,1
2.008821701139759,10.385863414599237,0.9862450929462958,0.14289658740521713,0.5089761916679749,0
26.466800983859102,21.990548240793544,6.041434692351091,0.8148560930884353,6.314681687294954,1
4.429180231056891,9.99704381435147,1.7250873627053593,0.263374510541924,1.5526927665033186,0
0.597090533004942,9.719391668041137,0.5494394172278791,0.11358626206198696,1.643110357816386,0
2.6470725328839535,9.569302189685079,1.0632805031042885,0.027897613143517064,1.3104648724055656,0
2.33995898767013,10.47386346787275,1.941657947194126,0.15194039125154066,1.0840642412937684,0
1.6844309633156707,9.850351549633338,1.9225390928132144,0.02397618152671329,0.3805784114111801,0
47.9156030404953,12.340978021110946,12.89261818807285,0.8157439782823082,10.856318000289242,1
3.962738944266388,10.465519336929765,1.5226913966741467,0.14767759967634084,0.5852341117357798,0
39.099900340269215,24.54562164809046,5.803082620534327,0.8164269914674172,13.704540323237959,1
44.396646862644786,16.98317206291503,11.687265028266282,0.712706846278456,14.365375773239062,1
2.9863136405607538,9.077875552680908,1.078259857901673,0.12232534109696008,1.05408350530369,0
3.1350223197028275,9.512410398117037,0.7480563759730359,0.1518685588608796,1.8795848191584048,0
2.0076401364627405,10.135779541636104,1.645268461977677,0.1649517939922486,1.7360137725502103,0
0.8199777068237157,9.675144597013597,0.25318981109913063,0.08843351317656514,0.14243670484725923,0
21.27455363928702,20.16952848933878,6.899651946902786,0.8445392981272395,7.0562692686019,1
23.421867554465866,13.047492685761704,14.25009665758274,0.8619431688786887,8.513793028750126,1
37.871737645202145,12.859464562101426,8.12034758123334,0.8700581599924383,14.184011939896083,1
3.6900792831477354,9.468633265236305,0.49003103082322275,0.12245445532353333,1.15042545642241,0
0.969189647509327,10.146631844701592,0.2511505292107399,0.12550269365178313,1.256426099704034,0
2.2316424449171017,10.148622317539889,1.77392289015128,0.15035133848730897,1.9735814794312925,0
38.241764067510275,23.82999999813562,10.593837164993626,0.8786447303544218,10.38484747934319,1
32.053771829947124,16.16216296446762,6.309431115960612,0.9868326005044357,12.949869282701297,1
32.66991621087165,18.20561556704712,9.003047416794542,0.7943208813061864,6.471847365991835,1
3.2130009103108117,9.364073905046544,1.2099467001341708,0.17672598118071767,1.8164703205949122,0
37.02833482640831,15.56073792618134,10.537099260326105,0.7733538716622839,10.888364599081351,1
27.883963483420334,14.293368097706242,8.430916165908158,0.8639675116245322,11.64486037794927,1
49.881796009731,18.018365181492598,5.26407319589053,0.7228806945509537,5.820880157305689,1
4.341837252221606,10.209403756908202,0.36538203226455823,0.25142619260727944,0.9106172824703278,0
37.271339853710444,14.546239273523579,14.1398549021734,0.854797233642329,11.237330394828174,1
0.14947993900957302,10.368678212554382,0.2517780650283701,0.2019295421666875,1.2624407505638702,0
41.874797278200965,20.379711042507253,5.169681116074369,0.9109379634019503,6.770907638436947,1
42.12126206880612,21.203476958288164,9.421603867182728,0.9672904998060403,5.168196536152605,1
33.2948338562656,24.47567595250191,8.578124235109037,0.9165577994652352,13.358416644219925,1
0.8311074135501484,9.44172183118739,0.9366192836869827,0.24723775015096455,0.8936640433036915,0
21.51854276074532,12.665517244734232,9.972090875396411,0.8040094103888248,11.918067044767163,1
42.8489450711225,12.516928190390766,9.75393425825299,0.8261843528394265,7.022328569414108,1
46.59091058010937,14.830981869798663,10.962195159983843,0.8965715229377794,12.258050517153206,1
2.509323413224288,9.406960055634226,1.8302245267064372,0.2176742550211941,1.2232293939147605,0
30.52561687359666,15.213676108975829,8.965254012550908,0.9958249934338963,8.484882302192524,1
4.412350179642513,10.253011893146741,0.27073569958143207,0.1852908780548592,0.10440630057615907,0
3.5918205133088272,10.020411297803646,0.8425393519788058,0.007673106311341637,0.04530226445273633,0
30.93453939536183,13.418826563547235,10.311039793167296,0.7468299855637226,11.560304626598615,1
1.7971221465815184,9.84796417780592,0.5833389382967722,0.29931374455799437,0.90464183387049,0
25.63853000225812,17.24449425877818,8.432953398678913,0.8182350411656742,10.670968413350463,1
3.3331366017960877,9.320584154901303,0.21372976327009008,0.1806030024444263,1.729759953206207,0
0.38968307684299375,9.811902071292028,1.4253999809737739,0.06459814341786854,1.5556703320322098,0
2.6651908173233623,9.598984314087234,1.1192770040840125,0.07236808633600046,0.8559154309408645,0
38.91283015099745,19.095614811308206,10.468455591873147,0.9557797965296508,13.747271213474615,1
32.30809653017796,14.541052938218415,12.366417866100926,0.8256034407049887,10.94627483452497,1
33.914238192926646,13.482160045624942,14.195037062033247,0.9784314944891235,11.153615074785847,1
38.7313432340507,20.160457962459937,6.043035508851577,0.9243782611192948,8.231592034335765,1
0.5126500728592565,9.424167811689058,0.6993843966170095,0.19140914246031795,0.3437501125046507,0
38.39228642349603,14.058138173977447,12.869766722284186,0.7961173956745103,11.198612671576733,1
35.699681127441735,18.51690277036484,13.489148264691691,0.7238994632966343,14.78449446419093,1
4.351391966483979,9.59308605337668,0.06797028524935,0.17284198900653083,0.6783870054507446,0
33.630786082438064,17.593969286297565,12.041288243797155,0.818534551790288,13.928602374607243,1
34.48445706635925,15.873924407468083,9.208337860005809,0.9131125401937995,12.767138029442584,1
19.589284279861403,12.174555535275976,10.217863308789035,0.9293892441909333,11.48195779138703,1
2.385774261589237,9.343663927472933,0.8584622266272879,0.11444561834349622,0.6654330868803182,0
27.70872288622595,24.419696026463594,12.91471122857637,0.8412531804480211,11.511660589268331,1
4.942340240435372,9.597580561861728,1.9756421452645259,0.2607205551842179,0.1648605538933312,0
2.3986828715545827,9.42514479363614,0.3927752015679409,0.08741154688761496,1.2999610030908548,0
4.767458935561193,10.492031827331413,1.5962730835605945,0.15456281743941083,1.8006018713833505,0
3.9699257516448148,9.659607257897626,0.3896338770015446,0.23622674718880668,0.013961582783971638,0
45.26372817285363,23.54267157616178,11.317543561200305,0.9499475592928828,12.571311507613386,1
2.1108317244275243,9.217942705171282,0.3981880228140371,0.08255006983715996,0.4589329508997002,0
29.021933314819904,14.218181598118663,14.356749836612229,0.7136277958689543,9.701056345089835,1
20.38972389762302,14.019715479573984,13.819839634032027,0.913379631084151,8.36368777623047,1
20.502934630022192,18.615321637522868,9.184749611500468,0.8232388482050998,7.969615029361532,1
3.9000494362148763,9.97359400794943,0.733780774701928,0.004313994953386823,1.5273467906742937,0
3.3688209978150323,9.471684226295006,0.71570786280003,0.12166481214687007,0.6991751229834298,0
0.6993964294369687,10.327101415559778,0.26973381015477327,0.025702864834255955,1.2398837464033354,0
35.44346055374294,12.655128809498805,6.984256670717032,0.7605830261177688,6.7096795194335925,1
35.50510855388184,21.857187963416273,11.896597853107265,0.8778559105188801,7.109281524006881,1
36.04364351935388,16.66986856627897,7.261219711887171,0.8808528719726749,8.907054134275732,1
31.662574975029294,19.199952040342808,6.107654907734855,0.818372194515704,13.870360331539448,1
1.115758818766202,9.144628963011924,1.8972640027228331,0.09385022268855794,0.02953274319099175,0
45.863253907380084,17.892099033054496,10.254899498130786,0.8272037803769408,12.400670198370456,1
37.959417309160706,21.19363408368679,9.258788912916513,0.9886538036254506,9.23739620371201,1
33.928690992580734,22.930854698312498,14.475145233587437,0.8284696472699009,10.334295753706204,1
28.37645819597663,23.529347770424174,10.584780674655773,0.8867812159303828,10.56559802992677,1
45.08825072809819,16.13657046016703,9.494573153685051,0.795988980162063,6.189210521697209,1
27.330682281899218,15.61328586067037,7.3439488583354775,0.9735875769035816,7.951395463611725,1
2.6937737236579795,9.215623095877095,0.5023361449520907,0.1305758319790752,1.1244887664320429,0
1.3039931763117485,9.002224935648375,0.576295799887834,0.027039244993053824,0.4388266115846464,0
46.01623478890961,15.263223060836951,13.57364172160031,0.7267310462767513,14.553280368375246,1
46.431592069280754,13.1431312404807,7.146081113636647,0.9595535287131928,13.221314563856932,1
2.105744634111822,10.120784471067505,0.0014295902570791164,0.07720403344432196,1.1751399034427805,0
22.728232350148463,22.925038798972416,9.23831089982263,0.9366335274260487,9.073955409788432,1
1.616195876624259,9.369819963172324,1.766537069186942,0.08612532783540995,1.9749670189917108,0
1.1424000738699718,10.293776426201543,0.6421709392483064,0.25689839849390683,0.34457347678429784,0
3.774838554794322,9.873051446472163,1.2372969285291013,0.046476419068541185,0.30332525963375456,0
40.06812458577471,22.947669701701294,10.235964262691168,0.95360977030648,11.387645706684083,1
38.68833557031978,20.93549213712845,13.091019451326456,0.9435190601368159,5.695671631395419,1
28.176306670140637,20.58522598452885,14.937468432024701,0.7137239191430935,14.525236379636246,1
19.45249401872428,19.348855720962728,10.515472461933228,0.9263276366145148,11.341531934884499,1
25.28867634239456,12.915264189477789,11.322837006412623,0.9255235387444756,14.545230097960701,1
38.07624367287453,15.883176239338555,12.237825038713085,0.9791957027377527,8.052190038444792,1
3.6672209286796593,10.177330167606193,0.8610381048478237,0.20699545341808354,1.144954150058502,0
3.6657976642209245,9.108016467780056,1.0145303232764906,0.15562280415216886,0.45588607233711054,0
2.398682878357135,10.010846270960453,0.3715402884486876,0.2705838029841619,1.6025455942789344,0
0.23714980518663553,9.935918992948695,0.9482875120635701,0.10349084104201396,1.4057606895534813,0
2.1985988441075066,9.750854783237811,0.33908746165349934,0.28429770295768814,0.44210561692461137,0
40.480900731249235,23.254970199567623,10.009442513705384,0.7697136917876772,13.36897070016873,1
3.603851308621972,9.293941624164434,0.4599316868001664,0.24185224813245157,0.7421871038495278,0
0.27594651883109667,9.614281466350617,0.40576416477854726,0.005686299558837848,0.5980129554217124,0
20.44657315829091,23.00377976795434,6.715068557096686,0.7334280440987615,13.799575368812622,1
15.461460765456428,23.98825081109797,8.147145065777437,0.8580632912234571,9.692146971100108,1
48.499201059145804,16.24404192920162,12.650510965364443,0.7398099441715388,9.335823500339998,1
2.412251177894616,9.066605758859573,0.2923897352782643,0.10019582193530648,1.4509153154821082,0
0.8825488895755995,9.835435487132829,1.5841645566475446,0.011408133593192071,0.8680586973096467,0
0.0730945633336133,9.15787235377857,0.6542600983467441,0.18191800378746237,0.394960331173299,0
4.860274832354795,9.77395093545461,1.5159700628090949,0.09819439535086051,1.065721411869711,0
38.22033583602791,17.105227539063744,14.725127034962934,0.821488275540962,8.95903630464581,1
32.55742893287977,20.26956680739721,6.846211316340268,0.9584500289233371,8.628361818896314,1
1.628114445216759,9.242286431326425,1.501152752350869,0.013097097480932629,0.31911174584499813,0
18.600924099786972,12.388054593001378,13.36584113500212,0.7393534436559834,6.547827178609918,1
4.9695799804020115,9.888693789276491,1.4292367266743218,0.0894982764363043,1.0735110346204997,0
19.07677024503252,24.254994824392668,5.952825125844619,0.8792676922225362,14.209663889160298,1
46.066628889337935,22.059002755234985,6.5235648232002035,0.9159294940290429,13.34326895427912,1
23.710225604528247,18.57207963030164,7.379428461093456,0.9171366314197089,11.448617474196121,1
18.40383257932534,14.756725246313602,9.667303767020137,0.8121044068103467,8.247759910679077,1
0.32331850111242233,9.927202517592416,0.9882440476509851,0.14575875069508315,0.6437067995823289,0
19.311575813534176,19.82629262068801,12.339171947747872,0.7469265936583146,6.127904675893948,1
24.428420723198215,18.471156633152642,10.9231767598524,0.8701985279970103,13.816417341315868,1
0.07870629624239678,9.474013852664926,0.010069272187563705,0.27715419388052365,0.5878781819030032,0
2.2839789126402623,10.079152342453256,1.934173939913647,0.045300040770723304,0.10923252429790575,0
3.2560905458198586,9.47631666939815,1.666492327924219,0.06420907741825035,0.14291592972416667,0
41.3545449861507,13.826397009359331,10.952355759543419,0.7463238233224487,8.783861561022023,1
38.9373061544345,14.373020679026919,14.971930392344449,0.987720414869335,6.024074899861041,1
1.6994121262158042,9.220306691684229,1.7721598315832245,0.01588463935329971,1.4347510352094248,0
4.427960762283724,10.3133172653279,1.8974253655114715,0.06149762435635568,0.09070238503510453,0
4.055246929844963,9.666102029067801,1.6941796391951611,0.2327954848982841,0.9966136424653296,0
16.383657613192703,12.067226954210996,11.442061489060805,0.9747297790305317,9.442301883202067,1
3.9930438088901665,9.857419901691596,0.9002966105686927,0.1986247423870728,0.07101807074344002,0
43.511124882026934,21.849505577497034,9.57287258444542,0.7058392710461346,8.46936724876005,1
16.397933928564342,21.386091583160777,8.142015573902487,0.7069856309233092,13.259266899343135,1
41.57751141110526,12.131487156644882,5.096426143374824,0.7233089297069398,9.665817861621164,1
20.897126841388634,13.424127081024245,6.498165729697605,0.9604435459233667,14.226833731493524,1
3.6834046183054103,9.035737371676307,0.547631141783349,0.19351438423556633,1.2373017943747482,0
2.31001340808968,9.484881471536928,1.1684237777031325,0.18245499834229678,1.1498290778262275,0
16.32150984901324,16.48763674597089,11.829839668089335,0.9299588476639841,10.925299196692933,1
1.6426234909570137,10.275687974374614,0.4980845712910853,0.1227599593128692,0.552509543344136,0
0.31738183380248697,10.305686188417214,0.7844816883251193,0.1640766887235152,0.5799649910856042,0
46.21977716372744,21.35211057844797,11.282118675424176,0.8262349053779522,7.734697621048108,1
3.8890804276194406,10.498601341122722,0.3101230175845211,0.23036533944599524,0.2941461869273527,0
26.024433891359678,22.786020001313986,14.78178561239822,0.9824664327300663,11.22369918773905,1
1.4474701658160483,10.12183212700286,1.2706574984915529,0.2708654744132962,0.49761937826438407,0
3.0524373666147966,10.199181178030752,1.190797493653466,0.023632565360909963,1.2228937574982885,0
43.335461404725805,21.563659225258135,14.694111710680849,0.9547308385069485,14.278790236268883,1
0.12581191287216353,9.62861850063307,1.3204556803241247,0.26740951136992597,1.8762115846465597,0
35.27397392711484,22.177816658264398,5.827577784835086,0.7543845110320998,5.929673828695433,1
39.13661824749837,18.08296976397069,6.042524148834296,0.7738949997802858,10.549225178174943,1
0.16093179940478264,9.9230170453387,0.8234163322300474,0.0536195605117449,1.3066925878778664,0
21.245258778051507,18.403971939255463,10.837442560421593,0.971304840020068,10.298171889420855,1
33.7111991742552,12.684857318363962,12.27335234349173,0.9025120896462695,7.693520089192499,1
22.402221551358586,19.716511076559296,11.68849704605401,0.908005163364215,14.092665927375608,1
1.5062706101759504,9.602344381199197,0.47135628788663264,0.2326822654068502,1.1436854606825442,0
22.86958750756208,16.962416196140087,13.675755101181714,0.853526225857835,11.488610511077871,1
4.007226772714999,9.268582092399186,1.9741073742693866,0.2605640685534254,1.8265210123853906,0
47.17554572878173,12.367868089509644,10.42752277749765,0.9955518708298166,11.097787267572158,1
1.9915399954643187,10.420575446888456,0.8159150042223235,0.09461414125054532,0.2144250001944179,0
4.617846183931195,10.278393042993532,0.63542776711712,0.25082079188792905,0.42350537729626847,0
49.46830020743415,17.64930125512256,5.3243263859147305,0.9564069570302662,5.835142805397613,1
34.80922001894203,15.427678479170048,8.72905693680126,0.8945948675796447,12.01379612172915,1
22.360422214934513,22.3832598641263,5.894146535433152,0.9239554683488287,5.125600597210637,1
3.332827286797361,9.326974381958383,1.0151072588042231,0.062464429181222136,1.7982475619707057,0
4.365658343040421,9.48550098065913,1.1707067007383127,0.21353159894253113,1.5550264084896923,0
0.897660172473177,9.736226310397248,0.22725348957879588,0.1583694242430153,1.6414287001829009,0
1.823831612270892,10.467198925005395,0.7956972249183849,0.2721276521312523,0.8705995836734968,0
26.397120820545137,19.23562955349834,6.726514752143644,0.9045742201605291,11.348464093650843,1
1.6497377883791164,9.495893819016054,0.6958156432930633,0.011349421546578186,1.8861039385381426,0
17.478150990399012,22.824759492133616,14.434589672641122,0.9894361015510037,9.325387543156783,1
1.989049235633185,10.45712800946188,0.648514539416174,0.07807083737380702,1.979378385608957,0
32.6775169040921,18.892846330659715,11.914740452358881,0.8723551781122765,5.544766390380188,1
3.6151255163535048,10.205427732038451,1.18740348113096,0.07005715709906878,0.6662187412389933,0
31.249121469858984,18.736424149158367,12.80305756282929,0.9499704927146233,11.483614669980629,1
2.4186591182631285,10.325094301478813,0.8886987908996611,0.29664005839134217,0.3561529935185721,0
35.497742076081465,12.51863052438647,7.591064598732956,0.8734185044356915,12.090477216027237,1
0.8323018985854541,9.631010255498289,0.3413512031335828,0.18926899451076126,1.91057809055638,0
0.31915397253683864,9.082603521098964,0.4826113693584164,0.01126232554384775,1.7005448278699915,0
4.832393221963198,9.145137178971227,0.5420099495933635,0.11222752318642439,0.2311885463678358,0
2.20989825920482,9.896977258591788,1.6329927358191327,0.26926635153280026,1.912936937207762,0
49.69483210815768,19.652396862125634,12.515501898424697,0.8117679636423725,13.606400687147556,1
4.0463357394607,9.649618660027214,1.6587552533662795,0.03343664174557091,0.9623034417053629,0
0.5264060454315339,9.807036360164131,1.4707545951487186,0.26507759593560126,1.1393073246440508,0
1.634611891540193,10.165292320042632,0.8298180722231381,0.24987712622967562,0.802937462328035,0
33.82069906879848,12.498744302732986,14.156143242671265,0.7368297570109902,11.331217584757992,1
3.6876254898322243,10.1588510079365,0.5919534978941647,0.15961331918674057,0.6270819708584694,0
35.025103306274424,13.759507915682256,12.946811036364931,0.7259369013663824,9.816096741194203,1
3.9585113080664502,9.765723091671997,0.769535313461883,0.25313695031015737,0.5949812767210718,0
23.43643492144882,14.631892431868845,12.09913299506389,0.7366991132802707,6.75983999103943,1
15.026051021117839,14.469120049497818,6.756500201910311,0.776004054636555,6.660809260532293,1
0.7229629898026718,10.008611514360423,0.31316670421798753,0.22431765903385736,1.0472345749688237,0
39.64280945095351,20.219684778958694,11.49373478046298,0.9785348887712784,6.857384738754777,1
1.109802279370224,9.808542048603197,0.03576948417358561,0.28957037308910016,0.350254318292077,0
30.491495532852856,17.828634516738582,11.124930921810058,0.9298372350897587,8.512922761172188,1
29.78517578645691,24.317493246515184,10.71163166661448,0.8248378862933424,8.248663313377293,1
32.05239054048515,12.319793055118993,13.446219506181691,0.7001867411695516,9.782536355075436,1
4.97162216725168,9.66156693887075,0.868977641630186,0.2518400965487019,0.5020379668587986,0
3.2322193627737015,9.561655568954055,0.07708704859251925,0.22145391704758677,1.4324894610889312,0
38.81368584610061,18.086366988704512,8.958195578069642,0.9341399506765278,5.71848531500322,1
46.63220435911653,19.928548904903945,5.145096475450373,0.8854191506905764,11.125592456702794,1
3.2616821835834435,10.233429737215076,1.9786791310385052,0.2095274982446051,1.3813818967548157,0
19.079313325882637,19.91419754628639,10.964814111966465,0.7911243753032798,6.841057061178926,1
4.632441072819671,9.258051158557798,0.5609515331446089,0.033095256830137906,1.000489208367294,0
3.564284162045159,9.237593841588197,0.0481299052169577,0.11226762657546961,0.6101885223019734,0
46.992493058618535,22.847694822853576,9.142916130848795,0.8900631999723121,11.644251338333524,1
0.8453725029888187,10.49555693517241,1.611385132142734,0.13684096593876383,1.4957244904972133,0
26.23739905513621,22.731976356730108,11.869505394154825,0.8030650058256779,10.296660260595239,1
3.5847429092925536,9.466084702555069,1.957157660946714,0.043333525803433304,1.8208850450567746,0
3.2070961469528996,10.409996083483353,0.18186834203793412,0.015601138797628344,1.3524036512578994,0
16.77109039404248,18.032239618935527,14.377772607243145,0.7822268343403967,5.4997078906551655,1
27.85742862096795,17.357542596279718,12.158714501742809,0.7912110245710366,7.953751790324,1
32.76422347663193,24.912324837695472,14.57147958034555,0.9121951216072912,6.614795269389825,1
37.52236124804681,12.786352183717167,14.278086569560143,0.7911956127471516,14.273752634359086,1
16.23826148347993,17.64412803230607,12.002618507491563,0.9590693597029728,11.096328928212278,1
31.467291347703306,16.331267740373097,12.185929276646537,0.9811814638909253,11.013853751044227,1
30.785551121073276,23.320271394439207,9.236943145607718,0.8750358068599483,7.11170436001903,1
17.78836520612244,22.49571538662488,8.72576253711451,0.7843935878072662,7.560913202413144,1
29.852621886657147,13.703786483195367,6.333847505170808,0.9903795485142031,9.270973631972062,1
3.3131040732464063,9.445822069560519,0.8309178143153324,0.2523262010921214,1.2797944753439503,0
3.5021334182202746,10.424665051329178,1.7556441419651725,0.03558608007161672,1.304617340734479,0
2.688550190370223,10.457265654180425,1.388300917910234,0.023020306053814887,0.18345878634833346,0
40.531023092678055,12.57822741010685,12.364943863014933,0.9489447942007462,5.681726244356025,1
0.0414116230630901,10.23421888604507,0.9295944526030282,0.1389491904578711,0.8686135259005792,0
4.680965364331808,9.421717862859298,0.7717696434869881,0.12940379935059557,0.20840866588716978,0
25.915798374412013,13.370452538204578,12.477489552358742,0.8410643235174394,14.249669744730445,1
32.59196895698321,14.680068882772307,9.98745022511436,0.9532781400045377,9.34249367760626,1
4.552129418279349,10.413016782959144,1.8593703254295784,0.17934087889876452,1.038792902388399,0
2.8874777317818383,9.77522153284879,1.0754089079573261,0.2530567113431893,0.6337398492804616,0
21.536146467910456,18.522465837952836,11.63749485647823,0.9093701729263124,10.327780101693822,1
4.325533489689645,10.394805218040181,1.58734009644751,0.12786738050810065,1.9887537994355708,0
3.5028451135980276,10.287007996854083,1.1894187992714167,0.03526188640465803,0.654521417532282,0
3.9104097076517004,9.530780701472732,1.8685403548870811,0.11047827919619786,0.07994687143987522,0
27.706481201147035,14.01136845349091,7.360249156851921,0.8637349567649651,9.498548354247934,1
2.9148934114704095,9.095795489438657,0.059881027420752186,0.2701684305006868,0.07745587375741603,0
4.092307325377159,10.310819581385607,0.14221646315935876,0.147917191022386,0.2979185690110693,0
1.5545131513177246,9.826198390889823,1.5477316398703993,0.21084699054900166,0.6971422104092948,0
19.87143574207153,20.003567717445414,14.452293046080026,0.7281822536868784,6.646067711982177,1
27.30604646200239,24.89210775809311,5.285660000470507,0.9960122715306289,7.459971333866083,1
23.369365788468016,20.450270430566928,10.920289622603478,0.807373846269642,14.177767463434526,1
15.261473947035954,17.85577506768523,9.8910897788062,0.7815505599165862,10.461097146289049,1
0.16498380614838715,9.73937739856436,0.8963057379988808,0.26094118637452784,0.34429086856312363,0
3.3937293488252083,10.346396731334545,1.008628085993364,0.1481075898309196,1.982827158904577,0
1.8792829217772518,10.32595249242887,1.521149221374328,0.15905047122555563,0.8606895307556652,0
30.962489552516892,17.256521272809838,5.224519533813932,0.965310720219609,13.84497789836787,1
0.17078037190210837,9.753385542085239,1.305563591477439,0.018296700951901744,0.7061203518005246,0
2.34822950572102,9.747651424003443,0.591424914026714,0.014526950491374079,1.8340515180347812,0
3.584589298118815,9.948599444116773,0.4288439500196628,0.24458919737916707,1.1249827662350687,0
1.2773811793178969,9.13203019635816,0.27507054116833896,0.14589602077710423,1.6918910679714785,0
2.111028718844294,9.613662050576036,1.928628597807471,0.11063594892972593,0.9809083742895415,0
39.77274558592492,23.580518190793335,8.985260644911053,0.7731067413014279,10.438448678872696,1
34.10137133067275,19.580966349556494,13.200434336964603,0.9703604223653868,7.087468673712306,1
23.763148964716116,15.07595627768415,13.292336681198817,0.9955061116578429,10.347984332731123,1
4.357055937910045,9.577063309517365,0.08765074508232118,0.1079423538493559,0.7308083252143982,0
3.102636572332065,9.01942607641947,1.3108397505974998,0.2128939179766644,1.4440606952757766,0
0.6728761531429128,9.026912431852882,0.11322935097706943,0.009199060272500137,1.3997897598553821,0
3.6389718524151333,9.514331279876176,1.8384790324581708,0.15078472985660735,1.358011983317315,0
43.55329295294654,20.903595659005525,5.257422563861414,0.7021451658395716,6.138035281310654,1
18.618884338370542,17.853869867537945,10.482555638461765,0.7276244621406771,6.8967994945966,1
4.62012462180441,9.826934103233478,1.5697852062052946,0.10280133537637032,1.8925337621149216,0
28.214282503248548,18.380705983704033,9.035946393258726,0.9842758559286486,10.213506197739061,1
21.420527060271013,20.313239492523905,5.979585942145879,0.9269848448834219,12.264479897623705,1
0.4425992366691367,10.315986068887122,1.0780364440275747,0.27636852376218257,0.8909533707811119,0
0.5155290466114354,9.457122860206939,0.8155898045308883,0.2830848054601042,0.5026445156375519,0
37.72695402114714,15.16824658552544,9.90388058206604,0.8376920002714489,10.334204909033406,1
3.1600550388538866,9.201178521262916,0.7138982308811224,0.02406078409995588,1.142227666795802,0
46.523052771261646,24.153086568866293,11.606096897952822,0.79094640688112,11.260058700264139,1
0.0804602127988252,10.248088921836546,1.8333991642065786,0.1602720787019666,0.22431659181460617,0
46.00630158730269,17.004428714160927,6.218994845018319,0.7038418904953748,9.059056550623854,1
42.86443461693409,16.649818332059,9.822130103718312,0.770096335497158,12.548965358160773,1
39.491072019563575,14.14423794773288,12.515944293080459,0.7543803587657317,10.5860088594376,1
20.440312226536697,20.107688889168127,13.794763543083038,0.728248366653919,14.607466708036764,1
3.8471345952356732,9.499020157769545,0.9886003698436636,0.23177577900015006,0.40979661369976395,0
24.07567001218213,22.535933620147468,6.876892853084779,0.8742522329926103,12.775290437192117,1
17.035289104477407,12.51676964988812,8.34990863465707,0.9188545264529808,6.1645444367810365,1
15.162189822142453,17.103218626020627,14.629915167166004,0.7296015294979922,7.334485146945924,1
22.689981386257642,14.139599705216611,9.68345448404777,0.9863996617950987,11.580888002909871,1
1.3553025193914836,10.436422376416132,1.1182998007248353,0.19902399687724784,0.7575643911806342,0
48.562944119145584,20.46341550152181,12.751450100292717,0.9671908584336635,12.592493115200813,1
0.9417678219050513,9.485665114485219,0.3573943938610822,0.2535078258062098,1.314378119980275,0
37.22467645599923,12.368812847677917,7.475686999316463,0.7750643185214068,13.832315594813123,1
0.6704814562627442,10.41668833976522,0.47370893150111737,0.14856733409410058,1.5230450324469775,0
39.6639027611957,14.301698953841838,13.197115540126598,0.9361379840006756,13.375410974754857,1
2.4177825245477136,9.883874625269403,1.5786655901471909,0.06490262985968327,1.956183867699649,0
35.89897267841006,16.87718659478208,5.0538013180970776,0.9300563580928294,9.167037427951609,1
3.0436826390593934,9.144995642324263,1.3542366727416382,0.2539016470608072,1.262329056999387,0
34.596567564363234,24.7687564449706,7.72357237918332,0.9048680671500026,6.722575429026824,1
33.075671626125434,17.374606426435044,12.673482694509431,0.9168067683960492,14.50660830219121,1
21.980405446367246,15.12357968647898,6.036162536607145,0.9888615727584631,7.47637749521679,1
27.428914093712194,21.81837174496408,8.830668396926939,0.9341805903166918,12.427841376618295,1
2.566698312285256,9.391090432361143,1.2695177005632488,0.18494056750276988,0.16038457807937867,0
3.8965598292844494,9.179814791625226,0.4357759700325705,0.07121201872726174,1.756953111040371,0
2.809805855978142,10.421534602324426,1.3034328751639328,0.2027150231776806,0.4971376743241507,0
1.8389786181525414,9.908524095017938,0.7888864447107737,0.25628856335350947,1.5139554599821674,0
1.9045192458500049,9.222558999234616,1.690287508924822,0.27751296059675484,1.3388512896094316,0
23.18608635632009,21.697976839083392,9.653609777711424,0.881038991115591,10.917544242212882,1
49.97069142535017,15.710057840343556,5.477722652834434,0.9106548444474003,8.2673933024411,1
16.413004090359948,23.712091436980828,9.292658073844875,0.9701576230006675,6.876834098508388,1
49.04615507864464,21.79071793853404,12.66858315220398,0.8586808269218177,5.973999438582762,1
41.18045754859072,20.252071315002397,13.720766582159884,0.783043425508572,7.9535714026038296,1
3.860221179867856,10.408973676663383,1.0905192422888002,0.20330599770512697,0.5435591689405366,0
45.041794289497076,17.23027734858034,5.413732970347189,0.7201006279579444,14.715733663110989,1
31.024988272655612,23.954108262850703,12.426462450391403,0.7980231974603059,5.349451676554404,1
49.37456059770853,20.179808573340516,9.770742344492579,0.98339684281069,8.692076535981034,1
36.48390493135153,20.678234396884434,8.345834216261855,0.9077926971251383,10.908970074676128,1
4.6147697293395105,9.674024078287571,1.1209672565292512,0.09741469966117215,1.5701442247714064,0
3.722443906161972,9.264685009437683,1.3219328257224543,0.2687051276397469,0.019421030741248124,0
2.876896300527299,9.59928505507895,0.4984916725391164,0.006686630193972576,0.24226623931244995,0
47.80952173085788,20.735119135116967,6.110435435380924,0.958166078777337,9.809048522598003,1
4.805167273619809,9.40344587421171,0.5280934665060608,0.17047729544009224,1.7147556671690911,0
1.1339582922244529,10.318029231572115,0.7480796791474116,0.12953230074037603,1.9446647742571381,0
48.00309137442714,16.919848303668473,13.234213034758294,0.7205833907051457,10.53703314719739,1
4.109407418169947,10.166565535330406,1.1183067751540254,0.06625123208442545,1.7677920586391886,0
41.200904516161486,13.086482009016455,10.461573441412828,0.9617052360385963,10.7711023846572,1
22.970062001118144,17.876648543685718,11.280849232464206,0.9124463550227959,12.882726978015201,1
49.44308264528528,22.887035336689316,13.110557922709084,0.7579430549326814,13.95165375431224,1
0.8468063889771194,10.421128690075621,0.4083519851292239,0.29737913571043095,1.402659084000013,0
1.2862606839955886,9.25335329547272,1.147964658233121,0.1808223341403347,0.9812356149024046,0
2.799259284315594,10.397754161456051,0.5107094096198983,0.22918124562814546,0.9409295236764441,0
48.89347925673432,12.205972580904806,7.1590341698319975,0.8720222179779943,13.793394927066851,1
0.33467404110770926,9.62441219583832,1.6104289410335324,0.2575071840330625,1.5507255526692332,0
2.939549517144618,10.325503413467981,1.6888213478414378,0.15628931655361744,1.898984532361831,0
44.7497154276371,13.451732410138318,8.296746945925493,0.8624961847556396,12.010568999145406,1
48.00119946795755,24.034100213500828,8.372843764261676,0.830728837644591,12.518193483167666,1
36.78631360719167,24.708415727170802,9.331167780943552,0.8575149252964288,5.122867639583823,1
40.13155624581228,20.598611362877485,14.422488737446391,0.9737909071797559,8.977758586674787,1
1.621675689990692,10.427182386102787,0.3085347284607929,0.1636233327268297,0.3732346402098443,0
16.140253839522025,23.956799966313454,14.030092721152402,0.9848167876542147,13.298759978361526,1
15.021986751242208,17.94252031356203,14.998413004979218,0.943356375091543,13.312861318574274,1
4.670855317745344,9.89190396448962,1.505351827923665,0.2574460559172494,0.778292384973289,0
16.430302568978224,15.861691346849884,8.240116158828423,0.9563747185843157,12.803513895968672,1
30.28440846625947,12.021618551720575,7.299978276705785,0.7304944527913984,8.228989817543095,1
1.2087559238687735,9.059792960116233,0.5683024796395635,0.14787204854718858,1.6868720301423445,0
4.3812260470967965,10.270787078806377,0.12659337028969908,0.17350468259743165,0.8261799653818409,0
33.985452802422515,13.19552007434227,11.95414811454475,0.9537152984646442,9.453010996795092,1
1.767409362004107,9.556845853608971,0.690806466305703,0.06928875211523168,0.07772505206016023,0
27.846738570560465,12.832040418842622,11.307885345497091,0.7951680203750393,5.663552610000492,1
3.8289863988055406,9.038074419093194,1.8577337823025324,0.12237489238181141,0.6172042842165446,0
0.5437588302482038,9.083024905745274,1.1775820810189916,0.2406092962569696,0.905940502283441,0
24.39564417656921,22.224824537135916,12.66981276579747,0.8671948575992114,6.504255098514832,1
0.6423430262275864,9.653816684099429,0.13042534916669513,0.2419452967401107,1.8160103800430023,0
1.9047990622188804,9.715659482617635,0.38405038394035707,0.10506653278832041,1.4467285822016351,0
1.7288249160642448,9.752709318168982,0.43406914139074115,0.0480726840528665,0.4871305973847304,0
47.743922432759106,23.26536526512028,7.711128790041948,0.7544654158230786,13.992242589621798,1
19.40236999314039,22.95730257243263,7.717383697645726,0.9736596665737369,13.745461147783164,1
2.6363373882380143,9.76466141970271,1.0347330962164223,0.00012160655710070633,0.5372668267049754,0
40.734215374692276,20.680936632596982,12.715146679199265,0.898056684772161,5.800548006567116,1
3.4535093583137124,9.11532922338797,0.3987926613131225,0.014081772469568165,1.930880443547647,0
21.341604114572707,15.72667257635363,9.633184856856523,0.9623571956923402,10.156162821758775,1
39.787212907585726,20.978563035360057,5.973087002532292,0.727608605676808,11.644332891516477,1
4.136171022551263,10.100483028998283,1.8106222955598028,0.06830035169084654,1.9543443283937993,0
4.425159880898143,9.24252498703829,1.7082071767797877,0.23660878542358638,1.1277205482208172,0
47.24701451364818,19.891484154923997,10.352648708547854,0.9981974269615829,10.794257189858904,1
0.18382701712083227,9.270104508357276,1.8075559737347227,0.03647162863426296,1.8080989548768123,0
4.18067108542188,9.905503781299732,0.31331682004456907,0.03227631417896499,1.909363967557226,0
2.30263880074624,9.066259390553807,1.3027165661736304,0.2185359647130292,0.20309745502330623,0
40.73407245897563,16.545394001461442,11.253906301254311,0.7069457300828924,13.243125607505778,1
2.2532208247000907,9.46688653930904,1.63181553082319,0.1241564428125701,0.21105415080468948,0
31.007113557842047,21.712051789096364,5.178823908388414,0.8181322391245387,10.564969183233986,1
0.1321938663154354,9.832272621313935,0.9717953002126511,0.004018978717183208,0.11424546475089148,0
23.307662857867356,14.865023707206705,5.405239400573066,0.7554050055894915,13.18606127108927,1
48.5291557873495,18.76441675909792,10.77224086375837,0.7660407699653606,13.76075902416079,1
0.5547473705345052,10.408293805409667,1.8225004425859799,0.23156958251588405,0.5040439494483355,0
2.0771101737709703,10.26084841368756,1.920250498214704,0.12490321990389487,1.7550638991474552,0
29.464966730030277,16.522622176247747,12.777499164424935,0.921699698493291,11.962280641433583,1
4.332897915532314,9.772276538882817,1.163020099535279,0.20830442549563774,1.4630120962333866,0
36.32557266182455,23.409801586219068,12.131825316441697,0.9309760161252713,11.674364631362689,1
46.18750178798365,12.964914170908692,11.589543629255083,0.8461231165746457,11.86488907197531,1
0.008151259671944078,9.553927639651244,0.1355179663807089,0.23417891654971817,1.5675031385836997,0
0.866119564709335,10.082997780653864,0.6453000888742411,0.08455705074299247,0.8031912247850035,0
42.84090372686664,17.8222281484977,10.464720927141867,0.7682142170727815,14.23599955142896,1
1.6550132713396541,10.456551963747332,0.8500855295436638,0.012172102972920896,0.6634322481619632,0
0.7390222700549198,9.10086962753291,0.27390698948198744,0.04098739654342809,0.6257010502316571,0
27.023714534977753,15.01552851993707,8.426165230788229,0.7369178031831976,5.994884875631543,1
4.605957262739311,9.618132312961565,0.21166962884645302,0.06405466300864684,0.5744952605736362,0
44.05921704346326,12.453008098282435,11.472136440779678,0.717950978560349,9.265459096613434,1
1.375020943638311,9.20059536737262,0.2079148139605429,0.12002632603190794,0.8586496205593499,0
1.7748927424757195,10.499251011314527,1.9019936142595515,0.028020861601426184,1.9471919725409088,0
38.42043418237614,21.439771644937682,14.597626412580425,0.954982201197301,13.220514038698942,1
20.835752182804285,21.791246283949434,11.747725973674783,0.998333200195546,11.187395700340119,1
2.612408211600595,10.434683400703685,0.10166454834687855,0.2126641922169454,1.629336666414731,0
0.5976309093376397,10.385504073506926,1.9227833469886146,0.0709264045472829,0.22561075250739293,0
15.303709339206016,16.818700343697657,6.606598378286112,0.9173878456473917,9.149528071273977,1
2.2840223198254876,10.027526178940212,0.6836106051800999,0.25875044435992184,0.07390529088997377,0
22.719147586726695,19.527446480832722,7.563360149636545,0.8028839684452096,5.527339835390821,1
1.5282996795386445,9.682603422723702,0.5718403366130478,0.2410653876635274,1.1156562042764253,0
28.403470108628518,21.046371081675794,10.970147507018604,0.7234403751361042,8.12700251207584,1
3.1146285490444003,10.21979761970259,0.12675976976632763,0.0329920802393634,0.7374920715884548,0
18.677931046732173,17.70700455682185,9.366468793691343,0.9944406960041705,6.275334865729847,1
47.49607117506553,19.28489169570007,6.384242802238976,0.9182418137381998,12.963315720737814,1
2.8227299331689237,9.703705462781876,0.7487299549407047,0.16125743780039548,0.7675973540956227,0
0.3977832010104354,9.78917192931988,1.605369213563267,0.293548979115763,0.7986075487877033,0
21.428084648525235,17.110552110348458,7.074109443773161,0.9604648926919527,10.679045297896549,1
36.80588981189637,21.996908692231557,8.141426954941057,0.895245614983076,11.25621327284226,1
43.67940131450703,17.990077735354078,11.046005424568959,0.9680826657553698,13.906916322204154,1
0.7009270942552931,9.204617016944354,0.6959105466793605,0.24104204363638976,1.9326317808288678,0
2.319562309802483,10.337087472290662,1.6114799031883649,0.28575336154175174,0.7269459796555555,0
36.96978138286147,18.929815392278186,8.910512617930827,0.8384741985769725,8.45457947811506,1
3.273614678521076,10.218558020580991,0.2406719976892151,0.29048840676379956,0.3619584452836302,0
44.29258375300659,23.318658130279626,9.504721143574896,0.8627253435683984,12.398212459223855,1
44.48960190305229,19.93015265085458,8.859920072200982,0.8840723752498642,13.622304003513234,1
45.36961668061526,13.138078038328747,9.163699075915964,0.7770887289027322,13.876968505709687,1
2.729008308958579,10.025470097950915,0.7315674838758053,0.0625731806290036,0.7896407567713197,0
0.19595607479835575,9.697061803755085,0.25176344249827176,0.10450513137443128,0.5523986162962373,0
2.7021769679435663,9.312838994828493,1.25064804968914,0.032886725806842605,0.9621716936567088,0
2.572963854263079,9.080813401337018,0.29171756316963693,0.26851426373903126,0.3592519768472071,0
1.3436274266269077,9.611500638219136,1.0750104107515754,0.2272983884213836,1.679218966985081,0
24.56688974955911,18.397734824108564,8.558073075697,0.7233088998646948,8.536832379137174,1
43.637240117321774,18.736453666544474,5.458394746592599,0.9819245883749481,7.942840118023665,1
4.3425322254400065,9.410983537284192,0.1762333967790568,0.2401490918123064,1.7367166229941495,0
1.248269912946955,9.800304305153325,1.270741017753117,0.06799779814340665,0.18708099967344394,0
45.807291505233145,24.75057080320883,8.957137402637677,0.9329338136875771,6.691144574280946,1
4.6871461609446445,9.863730034311605,0.8450103598802674,0.16913990057370223,0.01142310636060917,0
1.7843942915019817,9.565206063370972,0.2197364261985113,0.29521861984671965,1.2244722595426565,0
4.680787407284725,10.277996437490325,1.9090674586193435,0.02886718122339029,1.9105697787742983,0
1.0176512104352964,10.065337705003905,1.8175702711999637,0.0007766941474098398,1.1125128481136721,0
1.1067473481295926,9.1224343630495,1.910132391857383,0.22001740297426123,1.0357090164007936,0
23.993006023772327,20.48661360378879,7.605584534513685,0.8046539679490303,9.669891911556634,1
1.6007232363949364,9.574950989639039,1.2050932793604754,0.038042394616910266,1.4869562470099307,0
2.273577812752597,9.461668330426,0.8395604918878472,0.21981673778052876,0.829479116101965,0
40.622602900142795,20.265262277558392,12.725468225120899,0.96064417625152,8.11475114038894,1
40.94844788037119,13.442017916602671,12.849592232752183,0.9476621726918892,5.19062374536921,1
41.55665146325467,19.865260319857473,14.698004945957688,0.9214360027360919,14.85011826461981,1
4.426072221544342,9.062434666726803,1.4346857329556404,0.043117825732658176,1.1050006995911106,0
40.26243454791681,23.33823747220687,7.277603075407524,0.8694684186683552,11.033011876273083,1
28.981023166911577,20.737987572044084,8.898436823581614,0.8085063949788385,13.549140223730962,1
15.402269752266992,18.032524389768213,8.431109721022263,0.9562008903916763,12.912949104489229,1
49.307219276338024,18.514972521936894,6.151698943410727,0.8632885824722878,12.102965248400574,1
1.5967212001384783,9.790922085059703,0.09117732905493625,0.15002712678513344,0.760529066480772,0
4.592169114976513,10.294782049487667,0.78794812816316,0.09327360617990374,1.618496101349046,0
0.6510201363757678,10.047084173209441,0.9105527527514152,0.1655973918935301,0.6746945008616256,0
27.515679653634557,24.725178899176193,10.440759927811415,0.8282329976174216,7.443635676089815,1
45.437164352670194,19.77204584887475,5.809427044660447,0.9740188786197629,6.178862341492367,1
29.71308600150012,17.11040253297466,8.714675915663715,0.8595958472189236,6.302012651293527,1
49.9915715271935,21.24085487062065,13.879923093544555,0.7132620184493742,7.759715749824912,1
2.2042978559433535,10.476786491017359,1.071136282280558,0.2936734367551117,1.9252011627617374,0
24.465746099850307,23.261684234244747,7.130580539202645,0.7194530288946844,7.49730784449455,1
25.72427895331053,22.901099708817654,7.915175929708332,0.8625572900596661,6.988266055704506,1
1.681045061081975,9.898029956502182,1.7486795502507095,0.05449707175136329,1.5364440473370942,0
20.251397501196866,16.16163139675457,13.39198715355873,0.7245319444939446,10.811810536580674,1
20.767410801433396,18.15528829859684,9.133999013650808,0.7124071576701543,13.258675937006041,1
22.240351138450524,17.26135319457901,7.772237983544884,0.7481590981093655,9.869660116172168,1
0.4523349055998094,10.266282248054795,0.35885221019008395,0.05223291073961811,1.4674937496391032,0
0.5672830016313846,9.027678154434073,1.2528465366171668,0.18559380138697193,1.640940611646667,0
25.018888270203973,16.628791241358517,12.142717943576958,0.8216396742953165,12.595766813408428,1
22.69180195509248,22.469122876369433,11.562666870923541,0.934507151398261,10.924833258117747,1
47.66141964668685,21.330195238498455,14.89207119822279,0.8789610362258005,5.398307903107074,1
48.233072780447635,23.675133968429797,13.74836075977013,0.9880520000198129,11.125941746653737,1
2.010081682050911,9.429686021634467,0.339001990362495,0.22966807877139364,0.7904235247476885,0
0.5958788053213426,10.199479912418465,1.8445134967069798,0.17034925979671353,0.3318030708316042,0
38.13905157044434,17.278416831400193,11.556444149917247,0.926437177642517,10.626864880333017,1
16.69625570977835,22.630796638914155,11.19698237333255,0.9533542605371464,7.736714736395758,1
25.8823409795054,15.96935061102357,11.99706427950537,0.8673399267506934,5.299521073636643,1
19.615211076692972,12.13419388980929,12.69164763718678,0.9708637233984625,8.22105145835395,1
0.02223989049414621,9.41369086140271,1.8398404366920815,0.02444088701747138,1.213992954998973,0
33.19353018186075,18.582281653227888,14.498537071241968,0.9754755096177686,12.503221793267336,1
3.4565991441019484,9.819574967628146,0.7156928511814664,0.1993291488675458,0.38395355516764806,0
41.25503848661239,19.861395932458652,7.581755623035234,0.9035922879150069,8.470596347458732,1
3.197310426807085,10.337700967370344,1.9870013147095953,0.1701613599660623,0.6965357553894198,0
41.68364413062831,16.64933542659744,11.079131254889703,0.9294042184579399,12.408349438831717,1
3.996070691404433,9.70952353167837,1.094451579949567,0.09592248945552731,1.6596914073556281,0
49.42866259813223,17.8954982072323,5.345374971526411,0.9798673492759876,5.253927344430831,1
27.90180592342575,13.136622791384736,14.588412272749308,0.9253789988728072,11.207481209847618,1
17.595947248447388,18.24550361095595,7.651140133747431,0.780074068502745,14.370346070754268,1
0.5165433484867249,9.34402466091167,1.4281334863181756,0.2681939516308042,1.5060246735489833,0
2.515517514389469,10.044189185890342,0.32133829751073906,0.28184761706223305,0.7974950866101906,0
27.57282121870623,16.283877564209014,12.691797167167103,0.7515171201885156,13.458460501073587,1
30.72128785537484,19.225332479029397,13.522715685919467,0.7886297408214167,10.668085015525932,1
44.32115984687711,20.799945085290815,14.872464407428355,0.9474134090465997,7.015004640929847,1
41.01537349539098,24.66946268011419,6.861431725774276,0.7163480346938933,11.55707247358378,1
24.466322398010327,14.623027444171232,10.6021988706123,0.7602580219240473,7.959070900682185,1
4.224534809979158,9.337040382196083,0.7289893848038242,0.2749297601671943,1.1470995809225664,0
23.374293659185966,22.70021668667429,5.175574798289552,0.9392979666435483,12.75907947852507,1
22.833938564933334,23.64156284020779,11.994735417979406,0.8276052416129114,6.961174884043551,1
4.914675675111799,9.273008492768495,0.9615972577811156,0.26403136327174803,1.1230252121400015,0
4.182778128760262,10.380065323360466,1.410514412374039,0.04847666512378907,0.18462084042079807,0
22.68441438125317,17.70679369799898,6.7457187105845975,0.7541623532327871,9.878273078512136,1
19.119411600507018,21.220217869430677,14.274412910430431,0.8388417335299596,14.675203201328515,1
1.4542089008902814,9.925165601989457,0.12345843699218273,0.2359963529578404,0.12757743384527775,0
1.2713930525521882,9.43298284960225,0.039567945621977296,0.16729573524831928,0.578588722417386,0
18.746563018972193,20.20598330831032,9.41714572120075,0.7377376654333768,10.551123712525353,1
2.2400292882989286,9.240578000557926,0.508216648978784,0.029515592886417873,0.8542956900646419,0
47.11163050331256,24.325133552292723,13.10374843316693,0.8977945492333858,8.763766197225884,1
2.175215760432603,9.975589937889158,1.944394897820571,0.18493823176327565,0.6747775319910136,0
2.9695026835765352,10.21819049895928,0.19061679196510983,0.21038147745534966,0.6623396806504704,0
4.902101894161602,10.362136617284037,1.6477061767894587,0.01030033341594848,0.7608691749860022,0
43.11928054881518,15.758973217951906,12.405242540619064,0.740739962727896,11.534374521687708,1
31.996426259492043,17.11695092707882,12.662006327578453,0.9685372067930341,7.868277584806486,1
3.3470060576468113,9.41799322944082,0.6199512029151897,0.10134076058856535,0.4103136292512184,0
42.2527672104844,22.872653739975377,9.938353159013804,0.8320215044173109,13.377034709768433,1
48.96298504864397,19.86262596996089,8.27101761674836,0.9452212333690391,6.354305498995664,1
24.79032702083653,15.954289001073573,12.063006695188324,0.7525227946406771,13.584133355685996,1
21.822150664709774,19.10810551394939,11.465375739730737,0.7986885234241178,8.1568076650295,1
35.24151618397902,21.68995808397984,5.41974483128258,0.9644715957830374,6.5288913715116,1
21.321998741026846,20.60232790696886,11.211554909754256,0.9555776072991733,7.55434095314801,1
2.890389968235451,9.554878122083501,0.6430092521884967,0.2660061681525887,1.7062573507125525,0
2.620071103883899,10.232588207659969,1.434202888732391,0.021241372778577072,1.410675221840275,0
17.316888780381685,14.471777827902828,10.457881024283438,0.861750498032426,7.466684390837638,1
35.545131448174125,19.49923880555477,14.781097863499584,0.9747347520838917,13.491280587853684,1
4.242987079363305,9.202889136134091,0.7093399381684671,0.0609451313887387,1.7805368765844718,0
30.26326540645873,20.461280364178812,11.253898137372342,0.932176431946327,9.665546269243583,1
0.13177668819950583,9.070030957181075,0.2569618231816668,0.17126227660924,1.9621729899833276,0
0.5267511946118064,9.652005848946168,1.282328259965733,0.15844967017314487,0.05835294052877993,0
1.6437696379424098,10.031791519464663,0.7657349305183401,0.09331907374824575,1.2546063072617801,0
27.179886320829233,17.13261237920342,11.18834263483692,0.9366894545438922,12.276651376649738,1
41.123387714725325,14.924328691159072,9.15005739138638,0.9434371046970241,13.94483072072984,1
3.020013995222575,9.188936452633769,1.9197352108186778,0.1684693292438145,0.9385279726179725,0
0.5408620912526313,9.338489245095992,0.9234514192068373,0.06969252206594587,1.1700636242508917,0
4.202102292261313,9.953580421472214,0.22918145794274736,0.2091885476474756,1.1297387517855386,0
2.983155017112166,10.474996049076351,1.61649121545848,0.2976099919131709,0.7594759714507204,0
21.20464312674234,20.442775565750715,13.25611758012906,0.7471150535153752,12.057857036076843,1
2.50211808860116,9.093703598148764,0.9058912937567318,0.18986060762411813,0.465375926664058,0
23.90432410141741,12.931952924511025,11.16654128992981,0.7009686655456753,12.925856242720478,1
2.9876401386863396,9.17423521739221,0.24948948269416293,0.013543461857159144,0.46800803071962127,0
2.7049596907684013,9.694500792943748,1.9111393776687526,0.07901897462420182,0.1837824865410176,0
2.0472752744152984,9.931386445614994,1.902334320354431,0.20148313540437046,1.8021847356475833,0
3.8743375267087394,10.422905089671348,1.8811011603541825,0.1574403289949944,1.966510212759998,0
0.8056283044997203,9.235755621139447,1.8097240249617284,0.04986236427581523,0.7725599377069137,0
3.1220150378880223,10.323181457416055,1.654644926646286,0.09603312784682952,0.512629129998742,0
31.97154153187536,13.289619996461067,7.6721126721529505,0.9221068557009551,12.558502375319367,1
18.00167921086439,14.700112179593694,10.45376495813608,0.7399170429727547,7.482718157960791,1
26.614044527702873,18.218700721781392,5.279640471738213,0.7514660863212156,8.18910252966603,1
27.89730181754868,21.77794232166599,8.715873559379347,0.7746585018017765,11.077046074677101,1
38.580934284424245,19.92936535411885,7.983215035648361,0.7789643089371461,8.36299230046754,1
0.9812499239233363,10.33612755465073,1.6736479158588806,0.2891736627518463,1.1380170327413746,0
3.0100815692387233,9.05201040267115,0.21207672226733898,0.10935891256741453,0.5374735602295946,0
23.316244539426457,19.622679523830936,5.478469987417074,0.7002294298967494,11.393626731324085,1
38.69622092359929,24.6482086654612,11.94727706020382,0.9654533291106218,6.472586656995988,1
1.8295219494688686,9.509561772728588,0.915265348436227,0.2549062130366112,0.21037719173125868,0
0.40517263846229723,10.343378173698387,1.9127108492960812,0.2572391542629935,0.8743606283426291,0
45.50289415710439,23.597457828290963,10.866642030440818,0.7844212466961598,13.184369909095695,1
41.06020139849461,22.228281313276128,13.705383222838034,0.7728961822078811,6.575047567861746,1
3.756220989691019,10.16425531024338,1.013166811435378,0.24408621486459564,1.5845819470021518,0
29.08819401449022,19.047039664434564,13.203354778252082,0.8982802026400869,10.726594249824188,1
26.807638006327775,16.90793163975847,9.699080294020153,0.7797396991603611,10.90414194811714,1
25.588167712144234,22.964408529250296,12.82832240104818,0.8742007438665258,7.521485785055316,1
45.5471060875722,17.23634893225634,8.746630682242262,0.8924112554313306,14.203316576991686,1
4.169907894830803,10.363632106671664,1.1266193869532293,0.23614639593054126,1.2214295735407834,0
15.746400055118052,19.18772960214543,6.3110597937400446,0.9597095022823283,14.82897524668012,1
46.31830391093037,16.760881211794484,13.284866261335234,0.7087135552049288,13.526622753097275,1
27.01083281077761,20.382449833115793,10.545461822303768,0.9155666283215105,14.413923495041605,1
17.987206508607414,17.964862897013063,8.452682007105984,0.8800357359148332,14.227825320256596,1
1.2496967456495112,9.357967517294934,0.8652498165482907,0.015460162094405027,1.3713718785538134,0
35.2819302088771,18.430420972769767,10.42547520923291,0.9501346723890256,11.778943293638342,1
33.43455847621657,20.115409668895392,12.238305808508832,0.9026676222319466,5.953215886856319,1
2.0353251550363964,9.281835254820594,0.8098265269622462,0.11976098169705394,0.5525381390168111,0
1.9519459245143012,9.863020083607617,1.1031909447324335,0.17555004673590566,0.13901285493298832,0
2.472676413747688,10.449121908994329,0.3496459409907262,0.09480725837314764,0.23230811629369486,0
1.4362317946751508,10.284398658055208,0.8390062177489284,0.10656522469526915,1.3949592090755918,0
2.1991292885437623,9.01982179349019,0.10984307775854041,0.1314361000932538,1.1864902514328315,0
0.8441914238766396,9.854161832262308,0.06834738787850703,0.0872530371749336,0.8975759180409031,0
30.20161004024576,23.435787485212074,5.215589046675545,0.8528018305291201,11.5346546937131,1
1.6978791846215113,10.085627221186762,0.47264516762784514,0.06591838770476374,0.12348951634903171,0
21.97661633357206,12.482770021658478,9.113146514430907,0.9122014756986871,10.061521972147519,1
3.9778090808520594,9.354245386103317,1.4365840141426973,0.200544537322631,0.3538512280876105,0
2.252047021452551,10.240763713479614,1.8336635047249374,0.1844650214103297,0.5975865373840896,0
2.5436923813415273,10.11134070500435,1.4654552908433915,0.009324956271674078,1.2635487852795273,0
0.042077715222536005,10.247731083002478,0.05074378697259907,0.03670741830789779,1.677338239285513,0
0.75735594485425,9.562079935182082,0.36510669843417864,0.19564084084818453,1.54628890262535,0
4.190406756872254,10.476042621946446,0.17138362118116013,0.20561498681382492,1.9174509621230427,0
2.3018908252471992,9.64507813766573,1.1055993497662402,0.17899075496448688,0.5084331208686095,0
0.9631510682289657,10.05646654448957,1.837390214187402,0.2418041094011205,0.896403291112412,0
34.395585780636,17.86930796905835,7.4154345667714425,0.8696059217006558,5.910144153501107,1
4.178829238722183,9.171091442452868,1.3804190743786533,0.08569500379251592,1.5467668051843178,0
48.22885512098307,14.807897405920848,7.356132637972386,0.7399811126635184,12.27853135431483,1
33.87454749672703,20.39996434248164,12.289912591327688,0.7740707054395926,8.009950058376312,1
31.739552345443876,20.794896223867745,12.33655660957089,0.8839158078934317,8.522162523674265,1
0.32716410784194405,9.358764854468737,0.35558882638554445,0.17355634978756318,1.3958613335675802,0
22.19960764338607,15.189070948203879,7.376741483276761,0.8256792863480095,8.90461918331774,1
27.08892224924545,12.242782991798626,9.843068646032071,0.8007838098497132,14.695462919930964,1
39.04277061846301,22.026453106989763,5.355613162663806,0.8612460663900982,8.544365925226243,1
2.240117836139342,10.38450603273202,1.6570197731589809,0.14627453861312353,0.4138410834132724,0
46.80050920074584,19.712772533000827,13.937621774079746,0.7459269438564412,5.430351569219486,1
33.31617719756768,19.607944356103047,9.544442169751406,0.7376362130092934,10.252567234628476,1
31.47168672311697,15.084323884373276,5.491981515622312,0.7749731142118556,12.224604313277682,1
0.27465660212318943,10.206079964448561,0.6083083860899672,0.2153247623621032,0.21641850284274766,0
15.053191293049037,14.843125961348665,7.077368842418856,0.8239283890083228,11.457545645423409,1
35.25018678641881,23.536454246211946,11.977030144582088,0.9717863990008685,10.523439537122995,1
2.911150278385385,10.290172880624352,0.4002392789013467,0.20511419060275585,0.21406560027497235,0
2.378173754954296,9.546537123760228,1.1106945292363504,0.1285541320396962,0.8681856151624412,0
3.1100447843922385,10.493947545698454,0.5081577706834335,0.040787859447476836,0.8295252967752376,0
47.0802019227971,21.65068426230153,10.824297657577135,0.8009293880928682,7.578602738737208,1
20.161692035426043,18.384572911058857,8.677165201384412,0.9109223628304569,9.949410002119182,1
1.1745486887009504,9.71827861929117,1.3894451038764242,0.17850499480504262,1.0280682504519238,0
38.693727674618366,14.197041824080472,12.365332672216834,0.9359743139250447,5.901402591159455,1
30.77116982043627,20.017795319010894,10.043671998194704,0.8638969890807635,13.956998639882746,1
2.528833188604369,9.862283233877049,0.016812267616594934,0.049980211602670875,0.9971280841898351,0
24.337133976164246,14.648980874391407,6.9098327671291475,0.8237060620217268,9.094178262704325,1
0.04647449045027341,9.896939184167739,0.14913380821992295,0.043617028462113634,1.2519532409045258,0
31.592201814610036,21.32179613634155,14.205695747455582,0.8060214349657979,13.979044482330355,1
41.840026287545,15.770700429589064,13.872052215235804,0.7554905782374293,10.855057553487441,1
34.97997201304253,22.488692503175415,5.424244598176145,0.8239930056548499,12.30672614469903,1
4.613754601840155,9.935223660521734,0.21177096843964627,0.004665674350976278,0.03184503302772623,0
1.9900998440241757,10.26428541941619,1.7196124687527496,0.07884935084703353,1.1910099597211417,0
23.347264649135187,13.19376412460436,6.086265926254013,0.8797566094681488,8.968350516397654,1
3.9373672926327847,10.007774150038044,0.7176974852121618,0.12509577311942147,0.6532278135714229,0
1.8158149014665048,10.06561779057512,0.7844553363033187,0.17649665111996718,0.8947906874561569,0
47.568099751665855,13.13698657884098,6.231925653672055,0.8161549849144826,12.356242607348324,1
39.26242072901563,16.008722170484784,14.629938318266964,0.8028150703499245,14.83254023818947,1
0.8980351313818069,9.44316639836027,1.746191437739728,0.13326171876588816,0.7915708225902123,0
42.216236867619465,18.13382824141848,5.541139465759075,0.8073259878203464,11.423144972001484,1
2.0771652905342664,10.039060226675181,1.9261667204901298,0.08652386232154931,1.91065300781724,0
0.43242424020461356,10.388429873508318,1.8554633250919499,0.002380122629391779,1.0128191513506042,0
19.47507336273767,17.460484370626745,13.402282558631246,0.8312594129751777,9.364551685430435,1
1.0418970529432685,10.110382670681966,0.4821270372639519,0.24891310068831893,0.8069767340090508,0
2.7764199252612416,10.218448320935915,1.3340797452571873,0.040483687040373084,1.8131844332904283,0
21.66822464201796,14.155462790582888,13.616649693260058,0.8799537901412414,6.15038254281766,1
35.67954160672929,16.033640517753692,7.456188669931913,0.706760605116525,8.322283638499698,1
30.389709254149608,14.294988137121361,8.072310865189316,0.7809597213459906,7.83093932257192,1
0.3478250294345048,10.458111343870254,0.13246681733795707,0.06056725605002352,0.8560632728717577,0
41.63378928792328,24.421538771667482,12.556679546037095,0.9471067747519485,10.323154152526204,1
4.870646837283831,9.759147285779012,0.005121489068613538,0.009293893040417278,1.3627962669826053,0
33.66063719054181,15.219212428985827,10.166421135317542,0.9748723933482468,9.059638288620388,1
4.600840074824389,9.383618304992698,0.760892151917486,0.2231454466730808,0.49688132535439133,0
28.574592978493413,24.674139718939074,8.238523106676768,0.741357965378422,7.8209420431106835,1
1.5380523881269785,9.1424045890631,0.39527549004677254,0.1038633982078483,0.848543645342341,0
21.91235036436999,20.00932913748651,9.344781618993384,0.9000022758531498,14.734062920466695,1
3.1762003224949042,9.8008977060045,0.5888577237207657,0.07093811809490898,0.4600675622460615,0
3.7273733754221876,9.312146341549715,0.02746118314858359,0.17100499509762443,1.6264893419854456,0
17.516705467728578,20.273528668942717,12.489682772311411,0.7080147822596421,7.90500219748468,1
15.26164552639994,22.398032350382962,11.17717341402506,0.9191180010806786,14.010872063406437,1
32.78381759380882,23.148683196546777,6.505797233089146,0.8109654207067202,14.243597067711217,1
3.6670379190652564,10.21201090256489,0.5161683626231666,0.22369253689949326,1.547613719100601,0
3.4781788099012454,9.977979121776555,1.345529065999064,0.19231891226497505,0.14752879043650902,0
2.972173608221092,9.182160984729183,1.2036450638126697,0.012596505028531779,1.846417533281301,0
33.72682714314095,13.43775436818159,7.830078572235935,0.8864477644937465,8.028525915512468,1
4.966216077884096,9.52626101570185,0.24926490363545373,0.17204151598551906,1.5279833481334302,0
2.1198330907600504,10.348220662800088,1.2031974308747393,0.16149378017349234,1.6062689851115732,0
0.6736470862957955,9.16385973790769,0.7022144729169972,0.26595977788759007,1.3908803373184204,0
27.229251641808315,20.730958806538542,10.189964368875863,0.8611715972148245,8.081248012599307,1
18.5743384742965,21.466795772338205,7.574470455164502,0.9885687096926253,5.192736174742107,1
3.4996799938007586,9.556658551980574,0.13102236902807385,0.2744756106225438,0.7732904620011634,0
31.120482877359027,23.4272996752116,10.05290873565318,0.9823140552477692,6.477316807640787,1
26.31301934255698,21.65495119750942,11.884181450849479,0.7076572907739017,11.005130003285347,1
26.7131264585761,22.097253112581868,5.706647540502033,0.8690987830618637,5.996697221465723,1
4.230218271257186,10.497997506354187,0.9987721748382516,0.28058661263380147,0.688724372163078,0
28.425602179402965,18.417530400837798,9.500601412837753,0.9244261569615315,14.118833262561258,1
1.7798894280396582,10.158415036953375,0.6819406595644959,0.15023262448612862,0.10091542386694052,0
20.045463867019624,18.181804851247804,8.033492359809738,0.9983140202608409,6.8484796420664384,1
0.10828493596993283,9.497024253142516,0.009785182392947789,0.15638471686873648,0.9975514189611578,0
4.551602192369088,9.064624303117919,0.23963668780367153,0.28335347842593517,0.2574622233761896,0
0.005345808193221724,9.64366931550296,1.2260281243804136,0.03680845885187569,1.3143298019762228,0
23.990992110631808,21.075044909598414,8.422858176726578,0.9152829234648933,6.421161259203771,1
32.08555386533618,22.94567314068825,10.542547011049791,0.7478797738999498,11.258060908681443,1
2.4797009702374346,9.138054835584919,0.7733893704322681,0.26076186088807546,1.9785817959126943,0
2.466282138782543,10.123176445776833,0.5614851979635418,0.13392784742069333,0.030576725080788014,0
28.695449694759482,22.544953006192436,9.131099469578682,0.9267319635508282,7.952057013835658,1
44.22539965304665,14.062068574798149,11.395316243077302,0.7054106178520053,12.900445943037838,1
24.29980172424184,24.81493691543737,14.058150560487887,0.8582148482856355,5.346294125564896,1
2.899033868831962,10.40723150891228,1.2874717289401902,0.24609606057670408,0.45964389477704914,0
25.61847394828929,17.66918824714744,11.772694273755228,0.7303887741408374,6.890426519259978,1
46.02191795838669,22.17450634733327,11.673016363637704,0.7621337936213031,7.048120274271832,1
21.028305095301782,13.730378227898768,7.947908649099648,0.9711832479310119,9.114606114408613,1
16.838962265122575,19.340317922956277,5.020106667836796,0.7453518861820513,6.469595973363664,1
2.7471579792310195,10.17060931961279,1.8767407426960563,0.0851528343794667,1.4862633914186818,0
30.54714299268883,15.564998236426106,9.182597965884678,0.8275820574292208,10.721076579579305,1
23.98460312692982,19.60154989413636,6.964427124134679,0.78620355388244,12.079224600912811,1
3.6380146095687667,10.178335741898037,0.150284990664854,0.2970240203910728,0.8662477026172954,0
20.946024513079077,15.531285975115619,10.747533034145132,0.9893806396053777,11.076952722725482,1
38.16273505715412,17.806802543363993,6.913306117247217,0.7075480061706756,11.518539003294755,1
0.1660470651658158,9.429040567185545,0.713363767752397,0.2349866669951643,0.8687734063988011,0
21.131113560353903,18.029999140134237,8.397079256824307,0.999847894567474,14.66703156200197,1
43.32529099824637,14.467918233136979,9.010877837072808,0.9594973654459895,11.372722762016735,1
40.75772995160327,16.448894765705752,13.238349065474367,0.9621501808725477,8.055052905375337,1
4.822814215269984,9.763555967905917,0.1922825130215995,0.2102046266440511,0.5372415741603969,0
43.28729299687926,14.65365376579657,10.938770649382661,0.7648023395416035,12.342134128263062,1
17.3941692992778,22.155588264249367,9.01325960125416,0.8396726769968885,14.338172602190912,1
31.194194615676796,18.54544372300101,9.158125793227136,0.7944526815154096,12.22962129564691,1
4.040250595003977,9.785690389022744,1.9737416191029145,0.2390433386418261,1.4571830965011847,0
36.99652038092826,12.562998933250757,9.959936068840019,0.9017876022609146,9.066852626117793,1
1.6160605743104561,10.050914223500342,1.1886292086227415,0.17150031283132094,1.158483127782184,0
2.9834361704637313,9.082246094039151,0.635774204798427,0.16037355481970877,1.0963090220090896,0
18.513693776483173,19.267860919718327,13.465070407983616,0.7946288203542455,10.480559161585315,1
46.69130339869894,19.85704144068622,10.64335594783866,0.9103840328373302,12.255126170249877,1
2.32087882685313,9.088276927502605,0.6699300429838237,0.06580925394924074,0.6331017063622535,0
4.428438746451847,9.197739370072568,0.0072062111015971375,0.004701786525627649,0.42031981026781895,0
2.7302888614651852,10.128845465724329,0.7643300385184997,0.05130979387310982,0.8596708588874191,0
3.05234467314979,9.33179145338484,0.7978499592236028,0.21546164219266783,1.3607413468174587,0
2.6168071470788834,9.837666013819977,0.8152527434867478,0.10667807450302268,1.9706530719105295,0
33.99066730851693,17.750815793629176,14.222918504944463,0.8519149121517964,14.392275876152942,1
28.106729171247338,23.922933527656298,14.86562530085249,0.9313514241598532,11.23158049155331,1
45.09098226321572,17.200320170069237,11.483166388276649,0.9944446924369825,6.937343408738449,1
38.06501128431144,13.628440693129761,11.515312848941942,0.9014660984052499,8.246290518627188,1
29.88597331392532,21.563235740792287,10.99557086218664,0.7985254895445181,9.124037376956508,1
0.7648265718085612,9.745610888280297,1.7288457451235861,0.1826674640545511,1.0910228895720813,0
46.312940795564515,21.61071313289257,9.164008117677309,0.9174375207093445,9.441332841854074,1
47.34089186275213,20.984983719598503,11.481589058639436,0.8970994945466939,8.17642978849097,1
1.0669493537386154,9.536353036452628,0.8582165657783136,0.21372393143567817,1.4024730335391185,0
22.050910082443977,17.309335439350335,14.08055888144169,0.8247285075617491,5.898038015740429,1
45.37626098138364,24.77562698952502,8.168401946422055,0.9218085662606994,10.328007473375454,1
4.253166176051888,10.265901242038698,0.7585191601327517,0.22034099462770856,1.1670777189673711,0
32.79276016396234,23.103099850471516,12.675440466654006,0.8128716805338914,7.1802445471992,1
44.54703467802685,17.708358207502343,7.4799746776457665,0.7217352488569131,9.311962514943112,1
39.28310199006361,12.121044238435424,9.182028652568908,0.8051221169014069,14.32813749616746,1
2.001496973929464,9.412582985423542,0.26807871081261925,0.2516837064722961,1.3942304206879508,0
1.2885026398698718,9.253288349074298,1.7013522400078749,0.15074374559558915,0.5939276353500784,0
4.086033270253645,10.162316643856851,1.2479518486076306,0.08773501547201606,1.8695732105208362,0
40.454262828988455,23.76904637182109,6.140850783649162,0.9390435462932863,10.571718229946203,1
19.744482472491804,12.417819911342004,7.268754434174598,0.7310556154211214,5.451403782140148,1
36.7004808193752,19.69744874095552,7.102238579369759,0.9551894791176897,13.677602569852725,1
4.701619145892065,9.772280568331443,1.4837606653914819,0.20833054238066115,0.5697935142554054,0
36.644970223871944,18.666270059148097,14.832521876004828,0.8312887887448293,8.170318407134008,1
0.07457685771195988,9.524003906446325,0.23363120693321715,0.046682366755017024,0.7318989538903498,0
18.031920699187467,15.326559174704833,5.678996407863806,0.9271697193601527,6.80318967279924,1
3.9423892335714115,9.584615644559264,0.09098639223714722,0.24766772813777327,0.6052920263947661,0
40.12044596748737,23.633834557247653,13.56700597117278,0.759690733139703,7.797200013984709,1
4.330385121825736,9.624362540304057,1.7559930316404067,0.09248237786712683,1.965325440999856,0
3.3491818095404784,9.642904722756558,0.0756866400925229,0.10314104689360327,0.6483635047514764,0
26.5711312789337,20.0255842494648,13.383897306118268,0.8498733635283372,9.034482303507955,1
4.325255352618839,9.488033425312883,0.6445217148334565,0.1009346077887079,1.6370899475225131,0
17.89626799964605,14.01566513135512,11.243690571603622,0.8314611091303977,10.61296452879272,1
0.5669208851442126,10.04362413202432,1.0671579149386,0.18327161736237463,0.8938508035689521,0
2.7866012467131256,9.10334604076588,0.44034449387677443,0.16893630065596635,1.33590109701864,0
1.9742198817051915,9.602590894304466,1.6028670483689695,0.07019000802403932,0.905070415840566,0
15.499575926738927,16.148844188226178,10.198486213132243,0.7239757851002444,9.852135279763722,1
39.944739110670845,18.095048935482538,8.41234621259676,0.9003783760138429,12.74336123070637,1
2.248930166023233,9.895549851573726,1.7469506831526138,0.09240307363863455,0.00225595553152802,0
0.5767433727524168,10.110417188916728,1.9058256808228242,0.1347864892252605,1.0967153733144097,0
30.673628247048235,19.11657877646119,6.999998708521198,0.8707476097419702,8.483837429854507,1
2.365509269627291,10.3696886533687,0.41102997478662306,0.26846922019465225,1.1422535952807165,0
23.299118314515752,17.54718794685135,7.945099681860971,0.9277099419211613,8.3815337550657,1
29.58228960676158,14.377646383937252,9.146626670931598,0.9170032244391183,13.517518577677638,1
38.51876268614754,12.154847864277174,13.06426199976002,0.8641138055276062,10.663130315873936,1
3.8241863822693336,9.019194236374117,0.6803070945021468,0.2634667340389284,0.6470897745764925,0
1.3597688000921737,10.20920238749626,1.6211863355620582,0.08216382214680469,1.120129361108206,0
42.399273266449576,14.24136170355975,13.350192084273786,0.8427325022944492,12.830054679061972,1
37.47590826406807,19.354408120522535,9.801448800474388,0.7707144900080015,5.842552712824352,1
47.51552290950601,15.905252692273598,6.201193831531006,0.804434209001285,7.8199902440758775,1
2.077836356451332,9.279784958367468,1.8129284273442545,0.20445343722387518,0.1837246926847358,0
2.1691377665023355,10.359944952919413,0.12047278865852595,0.2824935137142259,1.3318409606326846,0
46.97421290371434,13.318442212631052,5.083622563795699,0.8305800728196182,12.692849810410227,1
34.29387209983387,21.785468018164806,10.535341035572001,0.7214484871598553,5.616401382820252,1
20.90521960836076,20.078443323885942,11.770863921820848,0.8703912072603723,7.131795464910464,1
30.971390119172774,20.768029507354576,11.230644654097825,0.9323032249204624,12.48820393432375,1
0.14725600152666607,10.291728182396513,0.9523016468694532,0.2344582004724954,0.01116581917486359,0
18.77669629323696,13.58936613144722,7.499475952050317,0.7254499574020492,7.7456040996615405,1
26.550211094818316,18.948541301676148,13.147844418929276,0.9946825795542891,7.51457640727172,1
0.15928880854201466,9.488905818874622,1.5793563996887237,0.15900687016798154,1.5512889268988725,0
0.7530627713819688,10.12441322375485,1.9471636238699208,0.14471557544767918,1.9249146095812868,0
1.2021106867388898,9.729235510826255,1.4655845567623613,0.1451265629873195,0.9162042642217099,0
2.5387653396408636,10.053956603353116,1.684053120350459,0.024796921413958405,1.3131482469778275,0
4.250764571041699,9.018230108639578,1.7111175425453937,0.07943049789707242,1.1563371937324987,0
0.9482756902088479,9.066917230541574,0.7476489818960443,0.007486721624851222,1.1250899260439993,0
3.0583230941576374,10.118804555164385,1.4959530682844149,0.07399770624977625,1.1545013140628166,0
20.56209166169671,19.28953734041154,7.581903586156226,0.7668306074752677,13.949835507459516,1
16.24141051008783,13.214616717433687,12.787319964460114,0.8310397758180796,11.676481614021437,1
37.43734278893538,21.65370566044995,10.106697195312382,0.8831427942762652,13.132687469833211,1
48.715097129178865,15.970895999473694,9.192709214267886,0.9296304377511138,5.759733958037424,1
4.420196126185829,9.673054802425138,1.391630002594341,0.1398945657654564,1.7140548026733837,0
4.544258089487068,9.606951361235295,1.8871068221517902,0.2826788242332535,0.4151381541661945,0
34.02648217718294,17.136508223938804,11.714825293075533,0.8680483864960336,7.8871772296722575,1
0.810428470009556,9.332265103477226,0.3511065712447776,0.04998895820614894,0.5155740359625378,0
0.18409720461414425,10.249899380434034,1.24194767245992,0.012111827267095764,1.204077832776583,0
35.64222052275737,18.733656330358855,12.897233760840681,0.7550445589069351,14.812518455818505,1
1.478177286694205,9.28895751105724,1.3569780565648355,0.07850564370803079,0.9297166840458408,0
41.109158156193416,17.04386811793412,9.540189144094624,0.7111356770699309,6.331800961109984,1
16.471753020571594,22.32884804897883,7.462372141871159,0.9008960785752922,12.174050440290982,1
15.569814054727402,18.309194199942084,6.468351114192457,0.9065789716404887,9.929405036532799,1
33.83974665452702,18.257426171982182,14.67961520882955,0.7235618712544233,7.650166619291262,1
26.254822914194982,12.322281632013967,10.561485743599054,0.840113351383919,12.449545416209972,1
19.812669487072586,20.233092631246656,12.636224638532642,0.9610254630699283,7.514643805462253,1
2.766572183720707,9.820457239639229,0.9207716555404404,0.005599870122876893,0.16068060644727278,0
0.5865800451285497,9.199935571412846,0.6971545682341429,0.062028659813606564,1.3931802975885148,0
31.27614858110739,12.820679546513203,7.694070505939285,0.9773047868365192,5.310068238677489,1
40.44031721790376,21.52420587071709,10.727544634556143,0.8773066777576037,13.423163898864678,1
44.244115802884124,18.20257305927123,8.515790778052963,0.7461574116203848,5.006696683007153,1
0.49314967267297616,10.132538386301198,1.106121468011206,0.06771051170952429,1.5182521517312195,0
0.28104153244179253,9.539471894311403,1.2323227849219152,0.13413216495148897,0.2509622271103631,0
3.627510901058324,9.998665604025273,1.8066428936374759,0.08073965816570167,0.5543115009316366,0
37.94249535258727,19.451133236481724,10.192929504591879,0.765126529834201,10.291586728832094,1
4.636318241255919,9.640503596928637,1.9239650534646597,0.06064428613667376,1.9056678665255131,0
2.8011553386653167,10.01739545749126,1.9267159779196834,0.2908829973421396,1.829737812869715,0
0.02548390407270451,9.786763265128348,0.927631207938332,0.28213805806691733,0.684612631716202,0
2.677876130028196,9.493476398254243,1.271916090152562,0.013115254092442874,0.22157304456915106,0
3.13014932436275,9.49282809818623,0.8048367509530223,0.08193496225898618,0.689778412557871,0
3.8979725883295826,10.328548445363888,0.6244724543397642,0.21574933662390536,0.16145926642773323,0
4.551608819150515,9.173470859400828,1.8168341261346554,0.2893587069116761,0.6491437915206797,0
1.3531780824058655,9.795287001919556,0.787722634573814,0.04079685591217924,1.673367841955968,0
43.39369314506712,16.298768898357757,10.4767535201082,0.8217885036128744,9.662378479928112,1
43.17429448668075,19.55996708090289,10.461097975748451,0.9144936589176815,6.135575971962478,1
32.784214958390265,20.062736920435533,12.893769515754798,0.8636175748624185,14.771914500522993,1
1.1649232700350969,9.653472173001541,1.9492951859778846,0.04573614177683017,1.9138860609066972,0
4.813673343004121,9.408452341298986,1.3497382086861234,0.24122057160384297,0.3940136912187362,0
3.893508558967727,10.023107415972174,1.7578425655347265,0.14709393974265497,0.8269069097278428,0
41.970655019913075,12.38722212359841,10.558204821197654,0.7096417189610303,8.068718727788223,1
44.25907434452836,20.97610050564546,14.892922317125695,0.7422186311732122,8.44566373028103,1
0.6209778807367966,9.926307499889337,1.9563414607859415,0.06423476727801423,1.239427862238301,0
3.548217653917001,9.670145116239436,0.5280339621961174,0.004671011329473051,0.3507596099755612,0
40.5227072385401,16.451848383036975,7.805116250897141,0.9784079993830179,7.73549975960195,1
29.247281719173692,15.632372676862701,8.520929796212062,0.7377626252941077,5.0084701736142065,1
4.581839833004107,10.444686291630884,1.572037768850917,0.2547197904999679,0.7955878491727941,0
0.9513526338449363,9.421895013298375,0.5397735223320379,0.06887658864187379,1.9051479800166653,0
3.2382411690415696,10.1977797605303,0.04910476981302425,0.2478757336997257,0.6528533065570976,0
1.4201618960708218,10.309772868903707,0.9823069236580659,0.18732263660703358,1.9019198614876713,0
41.19525591092073,16.0889815829657,13.456531403160824,0.831181949766828,9.492657340612043,1
4.43729342878497,10.149384602159016,1.60691006474997,0.11315907602062535,0.16992374725862658,0
3.2329095891887882,10.325038599130597,0.3677440113036068,0.017745451552361013,0.7734010236899209,0
45.21467693149922,14.88649950146445,7.644959842705426,0.9267573895842793,12.169060462570638,1
1.0697239358707888,9.447681357909207,1.614004089677081,0.23200135290543233,1.6275323146678526,0
32.697243272773854,16.940795982624564,13.981172745317279,0.8644610370942984,11.917606120150316,1
0.8432509617351269,10.352653389989761,1.5082174023008665,0.024429530319950685,1.8263962164917338,0
40.773233740303155,15.491479599329875,5.7072978201506785,0.9709709825460509,9.10661565211599,1
33.09135061894386,19.5293367159451,11.309323476726025,0.8815189748756738,11.173034963029924,1
19.19253002603407,13.836958048882307,8.639006328461685,0.7905009767568163,12.972344536110661,1
17.28224372438397,15.215107950443564,6.94327012543136,0.8122339394323872,8.71288812777972,1
42.12756155898873,23.46039193912893,10.651469778341339,0.7664130034963083,5.318073501151799,1
37.51718511158951,13.277317324036549,5.122846717609545,0.8495189566139139,9.614840761620805,1
38.78049105428512,21.395047600557866,10.5261739937812,0.9505690410016835,14.882070065994293,1
43.16301953736567,12.51055809706952,7.845258170787652,0.7788257385816724,7.629726144832015,1
3.37522614503919,9.822537759663296,0.5457736315502681,0.11020309130572138,1.9781102318190669,0
2.391579363332961,10.16870053699881,0.9768398573395485,0.05664740115607446,0.23394377358490304,0
31.480174487034922,19.682236922296042,13.83665514666432,0.8212027052150026,9.818101539252583,1
1.5524110567351113,9.794810548127163,1.3137018873771662,0.20744172748731818,0.8945874234597004,0
20.13056864508325,12.31060694180708,5.140741461103038,0.7197166090122329,11.273918381260359,1
17.56514340554509,17.23582403156898,12.328535148926061,0.8492032104442311,11.273623041683447,1
45.70009430059601,17.20002554364216,14.169200906969412,0.9810782202633932,13.201445626871923,1
4.670770129785923,10.152933017807056,1.6090308864609797,0.26139250607761094,1.0447270628431446,0
3.6065734284539364,9.76029145996683,1.5889616550347603,0.1541322888462419,0.7378182619384013,0
2.0014554021548054,10.4313503519397,1.0369207875449085,0.29588528274381054,1.7256853333320246,0
2.8077131513184157,9.789776492445824,1.7142561289316978,0.25850732099894036,1.9783632963228683,0
43.97383597646663,20.61776852997969,8.471600852656072,0.9353302142029662,8.030903143698325,1
42.02431631117664,21.2604883464845,12.135645660188068,0.8543749547610622,10.30480828661988,1
3.310241272770816,9.98039748750235,1.1309998817113898,0.2527230137006006,0.8818940200726408,0
31.183741409571308,24.042148706268986,12.933846149873984,0.9584510240739559,6.341481345210611,1
0.12003281103917518,9.33457518364438,0.8477487933082433,0.014146306000232799,0.5212492457893874,0
33.11164310209374,21.502956145678212,14.094724268690554,0.9744243619831956,8.01117618248368,1
34.51523210990371,22.633013077754157,8.939994055328485,0.7670705854403557,13.915206489847922,1
27.312316758577737,22.666816847116586,7.234256343254285,0.8251876984148278,12.264499976980579,1
19.768659612082956,15.408357826922142,8.378885612563613,0.9263315199118568,12.095221386361661,1
2.0397458216960347,9.000989195914633,1.6687001461302229,0.22769666863492852,1.7880207909278107,0
40.61260333306298,15.071725286140275,5.7296799518322095,0.826548282828442,12.086984314004072,1
0.9134698466452051,9.238801496394071,0.9458794806770758,0.1337700076973637,1.5702625726747275,0
2.328557994239553,9.138448262563383,0.18673670454102642,0.0781831751564734,0.23151670823176396,0
23.812907717071766,21.265035454627963,13.312286824987098,0.7344211903783969,6.240994100135385,1
25.51465939768004,18.181306488730023,14.557921054117017,0.8572289120916515,13.48433270367999,1
15.712280816920948,14.943336345062466,12.72939279999179,0.9871901611327091,14.605795262105577,1
2.651389860803764,9.447679549761068,0.49742659479865137,0.21281442888388427,0.681005744005186,0
2.647217091630905,10.275168617410198,1.8476868300647475,0.15996865971560809,1.0482304408182344,0
4.147353414618832,10.255019364221404,1.141998530437498,0.18884281542708858,0.7160341221688185,0
22.50595092199466,19.036588544227843,9.556598737969608,0.9212747401144574,8.53294349821631,1
3.552083425735322,9.634859747784873,0.35722220274328587,0.14773886581210124,1.5828209446944743,0
1.7111817198804231,9.521865749911713,0.7509087668826271,0.13123601867250495,0.495297542802295,0
0.012069156704948014,10.097913011550103,1.7556867692903888,0.1453082517057814,0.9094957383102109,0
3.4797305198302397,9.492340922069774,1.433247794891153,0.2270233122885721,0.27658323679742725,0
2.6592596176177,9.692779999789025,1.143864162383473,0.10706009978019047,0.38415218819324237,0
3.279925644769548,9.491708227013808,1.2096879911862761,0.008209001771269386,0.91172339485156,0
4.852531181134548,9.834436807072537,0.693506085698635,0.2582682971425482,1.4867501790705728,0
2.047251272540528,9.718243529207575,0.6508129893912962,0.2431033882734554,0.731305366545066,0
4.633682633808741,9.228781692071767,0.6732746124665441,0.12772276864479395,1.3739241725399296,0
3.2619480419853266,9.861082043236225,1.0420953169279856,0.2513017154489951,0.3923337978643302,0
32.11220736354629,23.299932223141408,10.970601411466546,0.947929306827361,14.119941513450492,1
32.25323677056943,14.648391086483013,11.361097756838024,0.9121626941493581,11.04969649730041,1
46.34026032486935,16.853675060602395,9.481138955960782,0.9033741280722909,6.110644552129899,1
49.25211336633928,12.563950441952276,9.76990572681907,0.7874224189107467,9.747871731768655,1
37.27901301844802,21.880972413450607,11.957796528720664,0.7651387105946189,7.912126542453216,1
35.278272012174426,21.293596728024667,14.05357368112811,0.9982492784768087,5.400696438008783,1
42.625287269876615,22.363907577685573,7.311495922989334,0.7864848598389313,5.97806837547539,1
1.9304562655784752,10.182454661442996,1.2220713087533799,0.13047136690437866,1.9945224455264052,0
2.6127210953182187,10.474612931541204,1.5282508996117912,0.03395634666655686,0.5870047558821818,0
46.22185849420862,19.758833506832225,8.435867902678345,0.9535968731919529,9.4255402336608,1
24.464828565090784,16.19504535814399,12.799975688207331,0.9600048891719337,5.370801027067111,1
21.384546847419756,14.923206192143407,13.652035571176317,0.8441908200325619,11.954971110706948,1
1.9418611926485108,10.17313417221026,1.6931600238555182,0.07943053148419746,1.170568088080284,0
38.806587530533236,17.262444790419877,5.68331757352241,0.8114214516217406,8.583051972785618,1
24.05893559257033,23.61059381923232,6.4783929769483395,0.8402379407946048,10.827982846510048,1
2.771545020870116,9.943824264509692,1.7353748978161772,0.2765486839918374,0.18359886459607555,0
40.23203598828653,19.82441126083255,5.501273829577076,0.7549690048214164,7.67740695887719,1
3.183135333687193,9.663510112987867,0.9095654196657224,0.25335078836954505,0.4341124586499723,0
3.619584533503926,10.17497519732048,1.8316112282033568,0.2953616076895488,0.1954243358239396,0
34.95473304092936,23.43615932493977,12.172735657956444,0.8620600668935584,12.348765198530398,1
38.910594391407614,12.850400121655488,9.456738567248234,0.7202500154821865,9.78843544685559,1
1.0213958845029842,9.85204379051721,0.026914685508353076,0.2813788040670738,0.07567859141804556,0
4.143868050314216,10.018165352122377,1.6001527805986728,0.25387141447875805,1.9605574781026645,0
23.3276878814482,18.190684717476344,12.428981385211337,0.8196188764108439,12.810120819267485,1
4.566365965428835,10.319003587198907,1.2280700292028437,0.15348899996541193,0.46577672076689747,0
30.584823230558424,20.971069127442142,7.914370586019096,0.9464875600155115,8.888842883342715,1
17.474759896680546,15.727161482796767,11.73862205596182,0.7148851903759248,8.309357534856346,1
20.563504155391033,13.143951600126014,5.584961582282002,0.7370079924471616,5.619576731946157,1
0.9023770733699854,10.248766491533516,0.9195358849395951,0.10654562215393305,0.8677630283633584,0
48.973593997915486,19.79910345898424,11.13791542939294,0.9557748916941644,14.090934257932355,1
0.7823416616151591,9.575914529448944,0.7577152653907935,0.26499970305743603,0.06690276147763474,0
36.38643323241403,22.25687700546728,11.03156415512843,0.937590581779006,7.286180425524257,1
26.0470712822438,13.442020884175506,10.638461173250544,0.7478345127011568,14.308706163973545,1
39.45393552771982,23.211366166668377,13.103489033433531,0.9264056108465614,8.87156973776785,1
46.44200944870741,17.65242666198933,6.984305304645174,0.9930956143438887,9.414814029985587,1
1.6105014221233371,9.774619120510401,0.7258719729189207,0.15095925324063825,1.6368051269927215,0
0.6169051585641894,9.472327445960294,1.4974019815765358,0.19511017474603803,0.17669667365216313,0
4.551030469362518,10.386739531852447,0.3598427127397483,0.2917987236519094,0.891598963842618,0
0.060940659198090996,9.991689607754541,1.46242309801311,0.1491730858813477,0.007613288802037266,0
34.38933282115238,22.81025730532614,9.615457632332854,0.9365097614161402,11.380932905921476,1
3.0709648102080767,9.496529587546252,1.3706679906096293,0.19367486472282602,1.1989204799978286,0
28.341087664423586,23.457610673367796,7.0473949933878455,0.7955521316664513,14.744820065722266,1
0.8646604371248345,9.605279729195995,0.5559978269219938,0.2891626359485289,0.7561971578195952,0
3.4555293097489685,10.449915301535,1.7856218276070754,0.29558300612126726,1.3822539894257981,0
4.059643505292751,10.284981414182283,0.6270423400423495,0.09871638453400193,1.0312114168715576,0
2.2421453791966095,9.437992123746893,0.44361164976957745,0.28933405285617536,1.604151126684187,0
3.0541849489651685,9.798127169201205,1.2569326737166673,0.26458147373075647,1.0905817886151283,0
38.12134925490022,21.639933012559815,7.22257121015219,0.8034988042780286,8.023056441109162,1
23.967935252123105,16.530980960873613,9.689173639758044,0.8322608883582074,5.292798266801443,1
3.13939328664489,9.222465215596667,0.6534380342506032,0.11932246740446542,0.9308979679097862,0
20.93271890165687,23.393166119134655,9.801627909099958,0.7333040403552206,7.54745261988687,1
4.095929209488097,10.318268073897446,1.4620776850826271,0.10629478792462528,0.46216745630374034,0
17.957001157187506,21.100499474135724,5.57764818957488,0.8330775311255577,13.996782730061772,1
35.05207081670806,15.11593710010887,9.832149234807092,0.9319186194750374,7.303909414163034,1
1.8714688048833328,9.476901892731417,0.47727749911056083,0.2359558647760813,0.8692285008228222,0
0.7752823794343228,9.33589309249317,1.2557291278814597,0.17370616200141395,1.242693472800426,0
35.489106442738674,19.813404449538098,5.547489724836162,0.7433587192194472,6.985287563793449,1
34.97500217979155,21.678683520223707,14.416944857360468,0.9020699131294541,12.449623213552316,1
38.45090410051719,12.752453254601416,11.582409263037407,0.9384157616965623,11.0480794884463,1
37.779159892829355,24.136860530580265,7.721339794395259,0.9910109972698271,10.51826089119103,1
37.30741998137067,22.474291237126856,5.245018849063045,0.8018009749489299,9.58896902382997,1
28.101588611669953,24.8166341816887,9.954970679106218,0.7331423476618738,9.98802681948559,1
28.637891413014422,18.103024230833068,6.342929005722667,0.8953823698185412,7.2427568802337206,1
21.06226469852416,22.901586221779418,5.300176509654262,0.9075127195583343,10.729991535114845,1
1.911025052229438,10.449486112649517,1.5854280936961007,0.22725025938871618,0.40824271226937925,0
45.077313229600556,16.59798873440146,10.27574102363254,0.8236999310077145,5.424653488176406,1
4.143438076282726,9.199544318989789,1.8373229078119364,0.010281368728893292,0.19021268047026796,0
3.029096703704589,9.318536381489652,1.106416440928772,0.09805961458263467,0.04712009787007587,0
3.082248113842882,10.491702004418633,0.7521256161152954,0.00043640535266386004,0.12810441096407787,0
22.161713557064513,17.021888300607625,6.638509243683971,0.8420385505517848,11.459190583036936,1
45.03212718689336,18.0895244584158,11.750213743740147,0.7100085493184639,6.379993868617024,1
49.0849484202202,15.076098213729793,6.683737908526599,0.7491969203782188,8.442947721644389,1
3.8288251712574666,9.925833644264578,1.7106637057133418,0.16064907301468825,0.8286496719670793,0
2.7504872159815923,9.361406308112118,1.9472327549936088,0.1166435858522446,0.2847502362825054,0
2.4859817749748725,9.270294590123779,0.29222272116292936,0.07683917808323518,1.817445657811783,0
0.5416304545120088,9.969512159080294,0.2242397309757369,0.09808941992395209,1.6823657159706618,0
2.226342590159552,10.296073555542959,0.9781972637928031,0.13060062639823306,1.0530911484839527,0
40.52099140762537,20.52453546046825,12.14051954209408,0.8084750414657517,5.014353132486896,1
1.0499626619561664,9.087533708896352,1.303410757054583,0.2955543775191123,1.4992099081025334,0
4.2064852823834515,10.481415857185961,0.6795213599751928,0.017705420626990185,0.9517676054627842,0
0.2835319949884041,9.014041448850872,1.7231140771630262,0.2827626633326532,0.1731080503000506,0
1.4117295571303838,9.842360476475061,0.03042007907087818,0.10986576763357223,1.7308462262648774,0
0.09872819734775107,9.847281684061228,1.5042107957559143,0.23718510539089846,1.8230340781739818,0
2.0999915427865794,10.440621087257915,0.3543234741132757,0.19611820670562288,1.5803863946494907,0
2.7578265172167677,9.896228902152716,0.5640624718540959,0.20497033449195984,1.4200346205224927,0
4.793114082650558,10.46334897080927,0.8492053411744631,0.12324736043774275,0.9034356545835112,0
37.838595840899856,15.417200867824466,7.323478824075411,0.7719758958261863,5.294976753398131,1
38.609612878446896,17.35829265428646,14.179795304673416,0.7689383252111284,14.649555327365865,1
0.059323185717336524,10.085597142781127,1.3931484699841405,0.06877599983805846,0.6654101782779847,0
4.944119198517251,10.159518742957456,1.7017091090861474,0.29372113752751156,1.3495374098265958,0
2.3604482321796425,9.431894353601834,0.5067294577881551,0.219946430699418,0.5513538063744889,0
28.84090576046995,15.056715711067973,9.299231929119781,0.7700802623958981,13.751105860045488,1
1.4099225542149507,9.587180971489559,0.5702260492585369,0.16111954802528586,1.6072547959070222,0
0.6095826522567716,9.635687978753266,0.15509122547649268,0.05116539351019039,1.5750565302155417,0
44.987076804887174,14.400103273588886,6.578783452689389,0.9347627414272965,13.705708303720625,1
44.73049306678037,19.18526757894458,12.370103948095949,0.7987725506759494,11.362849471942539,1
4.406401470298782,9.608958792401888,1.7867176522667096,0.26847771814123517,0.9225060498300388,0
3.7300249553046045,10.464598911447965,0.6354131261507672,0.08260091617215373,1.2801340295200834,0
0.4633819935834377,9.210989336221436,1.943398243956731,0.22119017889791026,1.7498761385200505,0
0.5399600929820669,10.142076615481049,0.8234216598275599,0.2983325076513004,0.5994722725432884,0
0.802154814495809,9.147665447587437,1.159473125128086,0.28495535980011555,0.24444358970208646,0
47.99484382605093,20.846731256292774,6.858345561606878,0.7046258855602793,9.07577306212211,1
1.915590609495632,9.833233213202671,0.5090141828162105,0.05053006431797008,1.6096756609555347,0
44.35179684679119,14.3061040148754,5.7669705609012265,0.9129267815449613,5.011743110436963,1
33.21349085667439,21.54599178715145,13.225272385157476,0.8949543210353287,12.903170547244898,1
